-- MySQL dump 10.13  Distrib 8.0.36, for Linux (x86_64)
--
-- Host: localhost    Database: trustchain
-- ------------------------------------------------------
-- Server version	8.0.36-0ubuntu0.20.04.1

/*!40101 SET @OLD_CHARACTER_SET_CLIENT=@@CHARACTER_SET_CLIENT */;
/*!40101 SET @OLD_CHARACTER_SET_RESULTS=@@CHARACTER_SET_RESULTS */;
/*!40101 SET @OLD_COLLATION_CONNECTION=@@COLLATION_CONNECTION */;
/*!50503 SET NAMES utf8mb4 */;
/*!40103 SET @OLD_TIME_ZONE=@@TIME_ZONE */;
/*!40103 SET TIME_ZONE='+00:00' */;
/*!40014 SET @OLD_UNIQUE_CHECKS=@@UNIQUE_CHECKS, UNIQUE_CHECKS=0 */;
/*!40014 SET @OLD_FOREIGN_KEY_CHECKS=@@FOREIGN_KEY_CHECKS, FOREIGN_KEY_CHECKS=0 */;
/*!40101 SET @OLD_SQL_MODE=@@SQL_MODE, SQL_MODE='NO_AUTO_VALUE_ON_ZERO' */;
/*!40111 SET @OLD_SQL_NOTES=@@SQL_NOTES, SQL_NOTES=0 */;

--
-- Table structure for table `api`
--

DROP TABLE IF EXISTS `api`;
/*!40101 SET @saved_cs_client     = @@character_set_client */;
/*!50503 SET character_set_client = utf8mb4 */;
CREATE TABLE `api` (
  `id` varchar(32) COLLATE utf8mb4_general_ci NOT NULL,
  `user_id` varchar(32) COLLATE utf8mb4_general_ci NOT NULL,
  `name` varchar(32) COLLATE utf8mb4_general_ci NOT NULL,
  `price` double NOT NULL,
  `protocol` tinyint NOT NULL,
  `url` varchar(2083) COLLATE utf8mb4_general_ci NOT NULL,
  `method` tinyint NOT NULL,
  `introduction` varchar(1024) COLLATE utf8mb4_general_ci NOT NULL,
  `visible` tinyint NOT NULL,
  `param` longtext CHARACTER SET utf8mb4 COLLATE utf8mb4_bin,
  `query` longtext CHARACTER SET utf8mb4 COLLATE utf8mb4_bin,
  `request_header` longtext CHARACTER SET utf8mb4 COLLATE utf8mb4_bin,
  `request_body` longtext CHARACTER SET utf8mb4 COLLATE utf8mb4_bin,
  `response_header` longtext CHARACTER SET utf8mb4 COLLATE utf8mb4_bin,
  `response_body` longtext CHARACTER SET utf8mb4 COLLATE utf8mb4_bin,
  `version` varchar(32) COLLATE utf8mb4_general_ci DEFAULT NULL,
  `registration_time` datetime NOT NULL,
  `last_modified` datetime NOT NULL,
  `is_delete` tinyint DEFAULT NULL,
  PRIMARY KEY (`id`),
  KEY `user_id` (`user_id`),
  CONSTRAINT `api_ibfk_1` FOREIGN KEY (`user_id`) REFERENCES `user` (`id`),
  CONSTRAINT `api_chk_1` CHECK (json_valid(`param`)),
  CONSTRAINT `api_chk_2` CHECK (json_valid(`query`)),
  CONSTRAINT `api_chk_3` CHECK (json_valid(`request_header`)),
  CONSTRAINT `api_chk_4` CHECK (json_valid(`request_body`)),
  CONSTRAINT `api_chk_5` CHECK (json_valid(`response_header`)),
  CONSTRAINT `api_chk_6` CHECK (json_valid(`response_body`))
) ENGINE=InnoDB DEFAULT CHARSET=utf8mb4 COLLATE=utf8mb4_general_ci;
/*!40101 SET character_set_client = @saved_cs_client */;

--
-- Dumping data for table `api`
--

LOCK TABLES `api` WRITE;
/*!40000 ALTER TABLE `api` DISABLE KEYS */;
INSERT INTO `api` VALUES ('024359e59e154a93b5002ada986d3001','ccf44c48755244bbb945b4d8c9877b63','合格证历史记录',0,1,'127.0.0.1:8081/certificate/history',2,'查询合格证历史记录',1,'[]','[]','[]','{\"binaryBody\":\"\",\"formDataBody\":[],\"graphQLBody\":\"\",\"rawBody\":{\"body\":\"{\\n    \\\"productionId\\\": \\\"产品编号\\\"\\n}\",\"type\":\"JSON\"},\"type\":\"RAW\",\"xwwwFormUrlEncodedBody\":[]}','[]','{\"binaryBody\":\"\",\"graphQLBody\":\"\",\"rawBody\":{\"body\":\"{\\n    \\\"code\\\": \\\"响应码\\\",\\n    \\\"message\\\": \\\"消息体\\\",\\n    \\\"data\\\": \\\"历史记录\\\"\\n}\",\"type\":\"JSON\"},\"type\":\"RAW\"}','a14ede8c2694465f9486d4b41c8bd571','2024-05-17 20:27:56','2024-05-17 20:27:56',0),('10e69aadbe9243da85f322ef89ba3bb7','9eb408bfb3bc43b186da2a0c52e0da2e','111111',0,1,'1',1,'1',1,'[]','[]','[]','{\"binaryBody\":\"\",\"formDataBody\":[],\"graphQLBody\":\"\",\"rawBody\":{\"body\":\"\",\"type\":\"JSON\"},\"type\":\"FORM_DATA\",\"xwwwFormUrlEncodedBody\":[]}','[]','{\"binaryBody\":\"\",\"graphQLBody\":\"\",\"rawBody\":{\"body\":\"\",\"type\":\"JSON\"},\"type\":\"NONE\"}',NULL,'2024-05-06 22:33:08','2024-05-06 22:33:08',0),('1e93f12b60b344f0b5e9fc7b25872f11','852cceb530414f4685685066093defe5','数据上链存储',0,1,'localhost:8081/chain/putState',2,'将业务数据存储上链',2,'[]','[]','[]','{\"binaryBody\":\"\",\"formDataBody\":[],\"graphQLBody\":\"\",\"rawBody\":{\"body\":\"{\\n    \\\"key\\\": \\\"业务数据主键索引\\\",\\n    \\\"field\\\": \\\"业务数据副键索引\\\",\\n    \\\"value\\\": \\\"业务数据\\\",\\n    \\\"txId\\\": \\\"指定交易号(可选参数)\\\"\\n}\",\"type\":\"JSON\"},\"type\":\"RAW\",\"xwwwFormUrlEncodedBody\":[]}','[]','{\"binaryBody\":\"\",\"graphQLBody\":\"\",\"rawBody\":{\"body\":\"{\\n    \\\"code\\\": \\\"状态响应码\\\",\\n    \\\"message\\\": \\\"消息体\\\",\\n    \\\"data\\\": \\\"交易号\\\"\\n}\",\"type\":\"JSON\"},\"type\":\"RAW\"}','85965045913f4a9fa1cc3ef6f3158c45','2024-05-19 22:00:59','2024-05-19 22:03:23',0),('30e06ca070e1485f86d622c7f07313c1','852cceb530414f4685685066093defe5','查询链上数据',0,1,'localhost:8081/chain/getState',2,'查询链上数据',2,'[]','[]','[]','{\"binaryBody\":\"\",\"formDataBody\":[],\"graphQLBody\":\"\",\"rawBody\":{\"body\":\"{\\n    \\\"key\\\": \\\"业务数据主键索引(可选1)\\\",\\n    \\\"field\\\": \\\"业务数据副键索引(可选2)\\\",\\n    \\\"txId\\\": \\\"指定交易号(可选2)\\\"\\n}\",\"type\":\"JSON\"},\"type\":\"RAW\",\"xwwwFormUrlEncodedBody\":[]}','[]','{\"binaryBody\":\"\",\"graphQLBody\":\"\",\"rawBody\":{\"body\":\"{\\n    \\\"code\\\": \\\"状态响应码\\\",\\n    \\\"message\\\": \\\"消息体\\\",\\n    \\\"data\\\": \\\"业务数据\\\"\\n}\",\"type\":\"JSON\"},\"type\":\"RAW\"}','3fb0b172a27f48f4ac9a4efa94c2ab1f','2024-05-19 22:00:56','2024-05-19 23:10:17',0),('3bbb56b415d74174a2c343c35dcb8942','852cceb530414f4685685066093defe5','链上数据历史记录',0,1,'localhost:8081/chain/getHistory',2,'查询链上指定数据的历史记录',2,'[]','[]','[]','{\"binaryBody\":\"\",\"formDataBody\":[],\"graphQLBody\":\"\",\"rawBody\":{\"body\":\"{\\n    \\\"key\\\": \\\"业务数据主键索引\\\",\\n    \\\"field\\\": \\\"业务数据副键索引\\\"\\n}\",\"type\":\"JSON\"},\"type\":\"RAW\",\"xwwwFormUrlEncodedBody\":[]}','[]','{\"binaryBody\":\"\",\"graphQLBody\":\"\",\"rawBody\":{\"body\":\"{\\n    \\\"code\\\": \\\"状态响应码\\\",\\n    \\\"message\\\": \\\"消息体\\\",\\n    \\\"data\\\": \\\"业务数据历史记录\\\"\\n}\",\"type\":\"JSON\"},\"type\":\"RAW\"}','d218b08af22245aba3c3f41aa8652513','2024-05-19 22:00:53','2024-05-19 22:01:29',0),('3d12a6ec62004f57bd4103f658a7d2d0','3759462c2a7449068052e77c3c014f6a','test-Baidu',0,2,'baidu.com',1,'百度API测试，随便',1,'[]','[]','[]','{\"binaryBody\":\"\",\"formDataBody\":[],\"graphQLBody\":\"\",\"rawBody\":{\"body\":\"\",\"type\":\"JSON\"},\"type\":\"FORM_DATA\",\"xwwwFormUrlEncodedBody\":[]}','[]','{\"binaryBody\":\"\",\"formDataBody\":[],\"graphQLBody\":\"\",\"rawBody\":{\"body\":\"\",\"type\":\"JSON\"},\"type\":\"NONE\",\"xwwwFormUrlEncodedBody\":[]}',NULL,'2024-03-18 18:52:57','2024-03-18 22:59:30',0),('3e46815ca639400280f6f87e34ac1847','ccf44c48755244bbb945b4d8c9877b63','测试百度Https',0,2,'baidu.com',1,'测试https百度',1,'[]','[]','[]','{\"binaryBody\":\"\",\"formDataBody\":[],\"graphQLBody\":\"\",\"rawBody\":{\"body\":\"\",\"type\":\"JSON\"},\"type\":\"NONE\",\"xwwwFormUrlEncodedBody\":[]}','[]','{\"binaryBody\":\"\",\"graphQLBody\":\"\",\"rawBody\":{\"body\":\"\",\"type\":\"HTML\"},\"type\":\"RAW\"}','4d16f12138a741d5917d9314a271907d','2024-05-17 16:45:58','2024-05-19 17:58:21',0),('43133d6dcd294fdaa9366ecf3123fa39','4550aa8ee620484dad157d039d8b6909','测试百度链接',0,1,'baidu.com',1,'测试百度链接',2,'[]','[{\"description\":\"年龄\",\"key\":\"age\",\"required\":true,\"type\":\"Int\",\"value\":\"\"}]','[]','{\"binaryBody\":\"\",\"formDataBody\":[],\"graphQLBody\":\"\",\"rawBody\":{\"body\":\"\",\"type\":\"JSON\"},\"type\":\"FORM_DATA\",\"xwwwFormUrlEncodedBody\":[]}','[]','{\"binaryBody\":\"\",\"formDataBody\":[],\"graphQLBody\":\"\",\"rawBody\":{\"body\":\"\",\"type\":\"JSON\"},\"type\":\"NONE\",\"xwwwFormUrlEncodedBody\":[]}',NULL,'2024-03-19 00:35:58','2024-03-20 03:43:44',0),('4a75d04c523448a990cbd58d7b3d8594','3759462c2a7449068052e77c3c014f6a','测试GET请求',10,1,'127.0.0.1:8080/test/get/id/{id}',1,'这只是一条测试用的API',1,'[{\"description\":\"唯一标识符\",\"key\":\"id\",\"required\":true,\"type\":\"Long\",\"value\":\"\"}]','[{\"description\":\"姓名\",\"key\":\"name\",\"required\":true,\"type\":\"String\",\"value\":\"\"}]','[{\"description\":\"连接方式\",\"key\":\"Connection\",\"required\":false,\"type\":\"String\",\"value\":\"\"}]','{\"binaryBody\":\"\",\"formDataBody\":[],\"graphQLBody\":\"\",\"rawBody\":{\"body\":\"\",\"type\":\"JSON\"},\"type\":\"NONE\",\"xwwwFormUrlEncodedBody\":[]}','[]','{\"binaryBody\":\"\",\"graphQLBody\":\"\",\"rawBody\":{\"body\":\"// 输出Hello World即可\",\"type\":\"TEXT\"},\"type\":\"RAW\"}',NULL,'2024-03-18 19:24:14','2024-03-27 03:19:12',0),('5a72c9eced844467800f36b8bef6307a','3759462c2a7449068052e77c3c014f6a','测试POST/binary',0,1,'127.0.0.1:8080/test/post/binary',2,'测试POST/binary',1,'[]','[]','[]','{\"binaryBody\":\"\",\"formDataBody\":[],\"graphQLBody\":\"\",\"rawBody\":{\"body\":\"\",\"type\":\"JSON\"},\"type\":\"BINARY\",\"xwwwFormUrlEncodedBody\":[]}','[]','{\"binaryBody\":\"\",\"graphQLBody\":\"\",\"rawBody\":{\"body\":\"\",\"type\":\"JSON\"},\"type\":\"BINARY\"}',NULL,'2024-03-22 09:02:00','2024-03-25 02:15:25',0),('647c1f249d4d44d8818ced44b1e16611','3759462c2a7449068052e77c3c014f6a','测试POST/form-data',0,1,'127.0.0.1:8080/test/post/form-data',2,'测试POST/form-data',1,'[]','[]','[]','{\"binaryBody\":\"\",\"formDataBody\":[{\"description\":\"用户名\",\"key\":\"username\",\"required\":true,\"type\":\"String\",\"value\":\"\"},{\"description\":\"头像\",\"key\":\"logo\",\"required\":true,\"type\":\"File\",\"value\":\"\"}],\"graphQLBody\":\"\",\"rawBody\":{\"body\":\"\",\"type\":\"JSON\"},\"type\":\"FORM_DATA\",\"xwwwFormUrlEncodedBody\":[]}','[]','{\"binaryBody\":\"\",\"formDataBody\":[],\"graphQLBody\":\"\",\"rawBody\":{\"body\":\"\",\"type\":\"JSON\"},\"type\":\"NONE\",\"xwwwFormUrlEncodedBody\":[]}',NULL,'2024-03-22 03:53:20','2024-03-22 02:23:20',0),('7e51fe767f41499a966131352e06ba4f','3759462c2a7449068052e77c3c014f6a','测试POST/x-www-form-urlencoded请求',0,1,'127.0.0.1:8080/test/post/x-www-form-urlencoded',2,'测试POST/x-www-form-urlencoded请求',1,'[]','[]','[]','{\"binaryBody\":\"\",\"formDataBody\":[],\"graphQLBody\":\"\",\"rawBody\":{\"body\":\"\",\"type\":\"JSON\"},\"type\":\"X_WWW_FORM_URLENCODED\",\"xwwwFormUrlEncodedBody\":[{\"description\":\"用户名\",\"key\":\"username\",\"required\":true,\"type\":\"String\",\"value\":\"\"},{\"description\":\"密码\",\"key\":\"password\",\"required\":true,\"type\":\"String\",\"value\":\"\"}]}','[]','{\"binaryBody\":\"\",\"formDataBody\":[],\"graphQLBody\":\"\",\"rawBody\":{\"body\":\"\",\"type\":\"JSON\"},\"type\":\"NONE\",\"xwwwFormUrlEncodedBody\":[]}',NULL,'2024-03-21 21:20:20','2024-03-22 00:37:43',0),('d0fc7dfa2e074f71bf36694ab30e5c6e','ccf44c48755244bbb945b4d8c9877b63','生成合格证',0,1,'localhost:8081/certificate/generate',2,'生成产品合格证',1,'[]','[]','[]','{\"binaryBody\":\"\",\"formDataBody\":[],\"graphQLBody\":\"\",\"rawBody\":{\"body\":\"{\\n    \\\"productionId\\\": \\\"产品编号\\\",\\n    \\\"productionModel\\\": \\\"产品型号\\\",\\n    \\\"productionDepartmentId\\\": \\\"生产部门编号\\\",\\n    \\\"productionDate\\\": \\\"生产日期\\\",\\n    \\\"inspectionStandard\\\": \\\"检验标准\\\",\\n    \\\"inspectorId\\\": \\\"检验人员编号\\\",\\n    \\\"state\\\": \\\"当前状态\\\",\\n    \\\"componentList\\\": \\\"零件列表\\\",\\n}\",\"type\":\"JSON\"},\"type\":\"RAW\",\"xwwwFormUrlEncodedBody\":[]}','[]','{\"binaryBody\":\"\",\"graphQLBody\":\"\",\"rawBody\":{\"body\":\"{\\n    \\\"code\\\": \\\"响应码\\\",\\n    \\\"message\\\": \\\"消息\\\",\\n    \\\"data\\\": {\\n        \\\"txId\\\": \\\"交易号\\\"\\n    }\\n}\",\"type\":\"JSON\"},\"type\":\"RAW\"}','79ddf287591f4829a6ccd3bb40e58e72','2024-05-17 17:28:00','2024-05-17 17:28:00',0),('d2eef19feef5442c8864cd1f5e4aecc5','988b8e08890842dd89dbebb7c8bae8bc','testAPI0506',0,1,'test',1,'1',1,'[]','[]','[]','{\"binaryBody\":\"\",\"formDataBody\":[],\"graphQLBody\":\"\",\"rawBody\":{\"body\":\"\",\"type\":\"JSON\"},\"type\":\"FORM_DATA\",\"xwwwFormUrlEncodedBody\":[]}','[]','{\"binaryBody\":\"\",\"graphQLBody\":\"\",\"rawBody\":{\"body\":\"\",\"type\":\"JSON\"},\"type\":\"NONE\"}',NULL,'2024-05-06 20:27:23','2024-05-06 20:27:23',0),('d74dfc93e4974f369f5aea9311fd41b9','ccf44c48755244bbb945b4d8c9877b63','百度测试',0,1,'baidu.com',1,'获取百度首页',1,'[]','[]','[]','{\"binaryBody\":\"\",\"formDataBody\":[],\"graphQLBody\":\"\",\"rawBody\":{\"body\":\"\",\"type\":\"JSON\"},\"type\":\"FORM_DATA\",\"xwwwFormUrlEncodedBody\":[]}','[]','{\"binaryBody\":\"\",\"graphQLBody\":\"\",\"rawBody\":{\"body\":\"\",\"type\":\"JSON\"},\"type\":\"NONE\"}','1e4e956ef8dc4dbe824a8b77a5f6329a','2024-05-17 16:36:37','2024-05-17 16:36:37',0),('ea900cfb142545ffa2f1d817f76cbe7b','3759462c2a7449068052e77c3c014f6a','测试Post/raw请求',0,1,'127.0.0.1:8080/test/post/raw/json',2,'测试Post/raw请求',1,'[]','[]','[]','{\"binaryBody\":\"\",\"formDataBody\":[],\"graphQLBody\":\"\",\"rawBody\":{\"body\":\"{\\n    \\\"username\\\": \\\"用户名\\\",\\n    \\\"password\\\": \\\"密码\\\"\\n}\",\"type\":\"JSON\"},\"type\":\"RAW\",\"xwwwFormUrlEncodedBody\":[]}','[]','{\"binaryBody\":\"\",\"formDataBody\":[],\"graphQLBody\":\"\",\"rawBody\":{\"body\":\"\",\"type\":\"JSON\"},\"type\":\"NONE\",\"xwwwFormUrlEncodedBody\":[]}',NULL,'2024-03-22 03:37:31','2024-03-22 01:16:31',0),('ed584df013514a86b7ec42dd52c12cca','ccf44c48755244bbb945b4d8c9877b63','合格证详情',0,1,'127.0.0.1:8081/certificate/detail',2,'获取合格证详情',1,'[]','[]','[]','{\"binaryBody\":\"\",\"formDataBody\":[],\"graphQLBody\":\"\",\"rawBody\":{\"body\":\"{\\n    \\\"productionId\\\": \\\"产品编号\\\",\\n    \\\"version\\\": \\\"版本号\\\"\\n}\",\"type\":\"JSON\"},\"type\":\"RAW\",\"xwwwFormUrlEncodedBody\":[]}','[]','{\"binaryBody\":\"\",\"graphQLBody\":\"\",\"rawBody\":{\"body\":\"{\\n    \\\"code\\\": \\\"相应码\\\",\\n    \\\"message\\\": \\\"消息体\\\",\\n    \\\"data\\\": \\\"合格证信息\\\"\\n}\",\"type\":\"JSON\"},\"type\":\"RAW\"}','f144bdbfde6b4fca8d816bf10eca0f1d','2024-05-17 20:40:29','2024-05-17 20:40:29',0);
/*!40000 ALTER TABLE `api` ENABLE KEYS */;
UNLOCK TABLES;

--
-- Table structure for table `api_invoke_apply`
--

DROP TABLE IF EXISTS `api_invoke_apply`;
/*!40101 SET @saved_cs_client     = @@character_set_client */;
/*!50503 SET character_set_client = utf8mb4 */;
CREATE TABLE `api_invoke_apply` (
  `apply_id` varchar(32) COLLATE utf8mb4_general_ci NOT NULL,
  `apply_status` tinyint NOT NULL,
  `apply_time` datetime NOT NULL,
  `apply_reason` varchar(1024) COLLATE utf8mb4_general_ci DEFAULT NULL,
  `reply_time` datetime DEFAULT NULL,
  `reply_reason` varchar(1024) COLLATE utf8mb4_general_ci DEFAULT NULL,
  `api_id` varchar(32) COLLATE utf8mb4_general_ci NOT NULL,
  `user_id` varchar(32) COLLATE utf8mb4_general_ci NOT NULL,
  `range` tinyint NOT NULL,
  `start_time` datetime NOT NULL,
  `end_time` datetime NOT NULL,
  `app_key` varchar(32) COLLATE utf8mb4_general_ci DEFAULT NULL,
  `secret_key` varchar(32) COLLATE utf8mb4_general_ci DEFAULT NULL,
  `is_delete` tinyint DEFAULT NULL,
  `invoke_status` tinyint DEFAULT NULL,
  PRIMARY KEY (`apply_id`),
  KEY `api_id` (`api_id`),
  KEY `user_id` (`user_id`),
  CONSTRAINT `api_invoke_apply_ibfk_1` FOREIGN KEY (`api_id`) REFERENCES `api` (`id`),
  CONSTRAINT `api_invoke_apply_ibfk_2` FOREIGN KEY (`user_id`) REFERENCES `user` (`id`)
) ENGINE=InnoDB DEFAULT CHARSET=utf8mb4 COLLATE=utf8mb4_general_ci;
/*!40101 SET character_set_client = @saved_cs_client */;

--
-- Dumping data for table `api_invoke_apply`
--

LOCK TABLES `api_invoke_apply` WRITE;
/*!40000 ALTER TABLE `api_invoke_apply` DISABLE KEYS */;
INSERT INTO `api_invoke_apply` VALUES ('0f471fb2015a414c946c775c319810ad',2,'2024-05-17 16:49:15','测试','2024-05-17 16:49:23',NULL,'3e46815ca639400280f6f87e34ac1847','ccf44c48755244bbb945b4d8c9877b63',1,'2024-05-16 00:00:00','2024-06-08 00:00:00','f8110e10a4254c80a1a28d38f9ce3562','e12089e0727941e6930ddacbdc45dfe2',0,2),('10c8f3cef4bf4b5096295d9354c1023d',2,'2024-05-19 22:02:27','fsd','2024-05-19 22:03:35',NULL,'30e06ca070e1485f86d622c7f07313c1','ccf44c48755244bbb945b4d8c9877b63',1,'2024-05-08 00:00:00','2024-06-27 00:00:00','559c3c55bf9f42d88ac2b363bcec0883','c12a56596f92491abe196002dbdc9956',0,2),('27fd190bc7ad4aac8b3a07cace7bfe0e',2,'2024-05-17 20:28:18','测试合格证调用','2024-05-17 20:28:25',NULL,'024359e59e154a93b5002ada986d3001','ccf44c48755244bbb945b4d8c9877b63',1,'2024-05-09 00:00:00','2024-06-14 00:00:00','6fdf0e680daa4170b415b096ce19c554','540d137007644e9f8da5e58deed01367',0,2),('3426d681992e4a7392e5d44d1064eb25',2,'2024-03-24 02:32:44',NULL,NULL,NULL,'5a72c9eced844467800f36b8bef6307a','4550aa8ee620484dad157d039d8b6909',1,'2024-03-21 00:00:00','2024-05-21 00:00:00',NULL,NULL,0,3),('47df3f2029f545a2b4691f80a1ab1135',1,'2024-05-06 22:39:20','test',NULL,NULL,'43133d6dcd294fdaa9366ecf3123fa39','9eb408bfb3bc43b186da2a0c52e0da2e',1,'2024-05-05 00:00:00','2024-05-09 00:00:00',NULL,NULL,0,1),('523bf248df77493fb232b6381c8013b4',2,'2024-05-06 20:27:41','1','2024-05-06 20:27:51',NULL,'d2eef19feef5442c8864cd1f5e4aecc5','988b8e08890842dd89dbebb7c8bae8bc',1,'2024-05-05 00:00:00','2024-05-07 00:00:00','318734b45456488fb50980e064f20ec5','c98fb42a115c4072853bc897107d747f',0,3),('5edb8231ec9748f7894231afab1a2f07',2,'2024-05-06 22:33:30','1','2024-05-06 22:33:36',NULL,'10e69aadbe9243da85f322ef89ba3bb7','9eb408bfb3bc43b186da2a0c52e0da2e',1,'2024-05-06 00:00:00','2024-05-08 00:00:00','be6f0c81217940f7843f89af3c83d83b','4dab6839813444e2a6ee753139b23921',0,3),('784dd4e4e09a4967928999d03c567a5c',2,'2024-05-19 22:02:56','fsdafdsa','2024-05-19 22:03:31',NULL,'3bbb56b415d74174a2c343c35dcb8942','ccf44c48755244bbb945b4d8c9877b63',1,'2024-05-02 00:00:00','2024-06-26 00:00:00','82b22f330a93477abd27807ee8b1d9db','2a117cdccfc443bfb66c5abbc60e1ebd',0,2),('813087591a014d17ac8d10b8069b9d06',2,'2024-05-17 17:32:37','测试合格证','2024-05-17 17:32:46',NULL,'d0fc7dfa2e074f71bf36694ab30e5c6e','ccf44c48755244bbb945b4d8c9877b63',1,'2024-05-01 00:00:00','2024-06-15 00:00:00','84aed9b6a80d4c158eddbd388d00af5d','12fec8600db94f8485c934b0dd597627',0,2),('85029fb4e06f47c6b71be7ee6fb873a0',3,'2024-03-24 03:02:44',NULL,NULL,NULL,'3d12a6ec62004f57bd4103f658a7d2d0','4550aa8ee620484dad157d039d8b6909',1,'2024-03-21 00:00:00','2024-05-21 00:00:00',NULL,NULL,0,1),('8cb19229d7084099b2992c96f2f16cbf',2,'2024-03-19 00:28:09','水分活度极客飒会尽快','2024-03-20 00:55:13',NULL,'4a75d04c523448a990cbd58d7b3d8594','4550aa8ee620484dad157d039d8b6909',1,'2024-03-21 00:00:00','2024-05-21 00:00:00','c8e0cac918fb4e7cb7c2a7f757cd9cbf','045bae8fff0b4e3d9f832b6aa663c640',0,3),('981cfc37c2e24693b6dc70ea48050e37',2,'2024-03-22 01:20:28','测试POST/form-data','2024-03-22 00:35:32',NULL,'647c1f249d4d44d8818ced44b1e16611','4550aa8ee620484dad157d039d8b6909',1,'2024-03-21 00:00:00','2024-05-21 00:00:00','3a434af55f534cbbac999e38314e9883','ae5c331b394e4e35b401f41ed0d393cb',0,3),('9e44de0fc2e140a498f1e6b83926d2c7',2,'2024-05-17 20:40:42','范德萨','2024-05-17 20:40:48',NULL,'ed584df013514a86b7ec42dd52c12cca','ccf44c48755244bbb945b4d8c9877b63',1,'2024-05-03 00:00:00','2024-06-21 00:00:00','91386db208f24e05983bcadebe3ec6ca','acec498c683b4811b79522568e575b23',0,2),('becc2496affb42edb3e2c8a579b16b59',2,'2024-05-07 21:44:12','1','2024-05-07 21:45:59',NULL,'43133d6dcd294fdaa9366ecf3123fa39','fb074dbaa14b47ae9e1d4054cf74894d',1,'2024-05-07 00:00:00','2024-05-09 00:00:00','cb07cfe865d64c77a3a204e2048b5ac7','fdaa683c6532475295563ac43cc2b738',0,3),('d0663721560043c5a2aea062018cc296',1,'2024-05-06 20:23:32','test',NULL,NULL,'43133d6dcd294fdaa9366ecf3123fa39','988b8e08890842dd89dbebb7c8bae8bc',1,'2024-05-05 00:00:00','2024-05-07 00:00:00',NULL,NULL,0,1),('d0b9068c77dc4455b7285fedc57233e6',2,'2024-05-06 22:40:26','q','2024-05-06 22:40:38',NULL,'10e69aadbe9243da85f322ef89ba3bb7','9eb408bfb3bc43b186da2a0c52e0da2e',1,'2024-05-05 00:00:00','2024-05-08 00:00:00','1735c4065d77497cb3288947396b29cf','6071979c85d446f6a25ee5f51e03e754',0,3),('d89b043115b54400ae24f53c6319a870',3,'2024-03-24 02:18:45',NULL,NULL,NULL,'4a75d04c523448a990cbd58d7b3d8594','4550aa8ee620484dad157d039d8b6909',1,'2024-03-21 00:00:00','2024-05-21 00:00:00',NULL,NULL,0,3),('e3183606cb78454091ea4df326384d25',2,'2024-05-08 14:52:46','1','2024-05-08 14:53:08',NULL,'43133d6dcd294fdaa9366ecf3123fa39','5883daff9a0b4943ad5fbb4a6105f079',1,'2024-05-08 00:00:00','2024-05-10 00:00:00','a53f51342a8e40148d79b66a30984647','0891448118984fa19705630d0cb0bf29',0,3),('ed5723b1e4454719bcfa5c8279f0bfc2',2,'2024-05-19 22:02:42','fsdafsda','2024-05-19 22:03:33',NULL,'1e93f12b60b344f0b5e9fc7b25872f11','ccf44c48755244bbb945b4d8c9877b63',1,'2024-05-03 00:00:00','2024-06-22 00:00:00','d28a9604b82f4a909b5204188806e99f','7d273743fb7f4434b58c0ab0b574f500',0,2),('f088170643284199b89d5f45f9b557df',2,'2024-03-21 21:32:54','测试用啊','2024-03-21 20:08:19',NULL,'7e51fe767f41499a966131352e06ba4f','4550aa8ee620484dad157d039d8b6909',1,'2024-03-21 00:00:00','2024-05-21 00:00:00','1148b357f7d2475db28926b5b82d2cf4','573e04a3f2a34a8ea455d7abc80dd2de',0,3),('f8d77d915081465fa97767e25a284f2e',2,'2024-03-22 01:08:44','fsdafsdaf','2024-03-22 00:16:11',NULL,'ea900cfb142545ffa2f1d817f76cbe7b','4550aa8ee620484dad157d039d8b6909',1,'2024-03-21 00:00:00','2024-05-21 00:00:00','99623cf0fd4b4ec4badb199e64d469fc','5cbbaf2e53ab417d9cd9e6090786ad01',0,3),('faf79d9fa95841ddbf592b2b97ee30eb',3,'2024-03-24 02:16:44',NULL,NULL,NULL,'4a75d04c523448a990cbd58d7b3d8594','4550aa8ee620484dad157d039d8b6909',1,'2024-03-21 00:00:00','2024-05-21 00:00:00',NULL,NULL,0,3);
/*!40000 ALTER TABLE `api_invoke_apply` ENABLE KEYS */;
UNLOCK TABLES;

--
-- Table structure for table `api_invoke_log`
--

DROP TABLE IF EXISTS `api_invoke_log`;
/*!40101 SET @saved_cs_client     = @@character_set_client */;
/*!50503 SET character_set_client = utf8mb4 */;
CREATE TABLE `api_invoke_log` (
  `id` varchar(32) COLLATE utf8mb4_general_ci NOT NULL,
  `apply_id` varchar(32) COLLATE utf8mb4_general_ci NOT NULL,
  `invoke_user_id` varchar(32) COLLATE utf8mb4_general_ci NOT NULL,
  `invoke_method` tinyint NOT NULL,
  `param` longtext CHARACTER SET utf8mb4 COLLATE utf8mb4_bin,
  `query` longtext CHARACTER SET utf8mb4 COLLATE utf8mb4_bin,
  `request_header` longtext CHARACTER SET utf8mb4 COLLATE utf8mb4_bin,
  `request_body` longtext CHARACTER SET utf8mb4 COLLATE utf8mb4_bin,
  `status_code` int NOT NULL,
  `error_message` text COLLATE utf8mb4_general_ci,
  `response_header` longtext CHARACTER SET utf8mb4 COLLATE utf8mb4_bin,
  `response_body` longtext CHARACTER SET utf8mb4 COLLATE utf8mb4_bin,
  `time` datetime NOT NULL,
  PRIMARY KEY (`id`),
  KEY `apply_id` (`apply_id`),
  KEY `invoke_user_id` (`invoke_user_id`),
  CONSTRAINT `api_invoke_log_ibfk_1` FOREIGN KEY (`apply_id`) REFERENCES `api_invoke_apply` (`apply_id`),
  CONSTRAINT `api_invoke_log_ibfk_2` FOREIGN KEY (`invoke_user_id`) REFERENCES `user` (`id`),
  CONSTRAINT `api_invoke_log_chk_1` CHECK (json_valid(`param`)),
  CONSTRAINT `api_invoke_log_chk_2` CHECK (json_valid(`query`)),
  CONSTRAINT `api_invoke_log_chk_3` CHECK (json_valid(`request_header`)),
  CONSTRAINT `api_invoke_log_chk_4` CHECK (json_valid(`request_body`)),
  CONSTRAINT `api_invoke_log_chk_5` CHECK (json_valid(`response_header`)),
  CONSTRAINT `api_invoke_log_chk_6` CHECK (json_valid(`response_body`))
) ENGINE=InnoDB DEFAULT CHARSET=utf8mb4 COLLATE=utf8mb4_general_ci;
/*!40101 SET character_set_client = @saved_cs_client */;

--
-- Dumping data for table `api_invoke_log`
--

LOCK TABLES `api_invoke_log` WRITE;
/*!40000 ALTER TABLE `api_invoke_log` DISABLE KEYS */;
INSERT INTO `api_invoke_log` VALUES ('038dfc8387104bf1bd39e05e22113dbb','10c8f3cef4bf4b5096295d9354c1023d','ccf44c48755244bbb945b4d8c9877b63',2,NULL,NULL,NULL,'{\"binaryBody\":\"\",\"formDataBody\":[],\"graphQLBody\":\"\",\"rawBody\":{\"body\":\"{\\\"key\\\":\\\"R58N60MV001\\\",\\\"field\\\":\\\"certificate\\\"}\",\"type\":\"JSON\"},\"type\":\"RAW\",\"xwwwFormUrlEncodedBody\":[]}',200,NULL,'[{\"description\":\"\",\"key\":\"Vary\",\"required\":false,\"type\":\"String\",\"value\":\"Access-Control-Request-Headers\"},{\"description\":\"\",\"key\":\"Content-Type\",\"required\":false,\"type\":\"String\",\"value\":\"multipart/form-data\"},{\"description\":\"\",\"key\":\"Content-Length\",\"required\":false,\"type\":\"String\",\"value\":\"674\"},{\"description\":\"\",\"key\":\"Date\",\"required\":false,\"type\":\"String\",\"value\":\"Sun, 19 May 2024 14:45:41 GMT\"},{\"description\":\"\",\"key\":\"Keep-Alive\",\"required\":false,\"type\":\"String\",\"value\":\"timeout=60\"},{\"description\":\"\",\"key\":\"Connection\",\"required\":false,\"type\":\"String\",\"value\":\"keep-alive\"}]','{\"binaryBody\":\"\",\"graphQLBody\":\"\",\"rawBody\":{\"body\":\"{\\n\\t\\\"code\\\":1000,\\n\\t\\\"data\\\":\\\"{\\\\\\\"componentList\\\\\\\":[{\\\\\\\"componentId\\\\\\\":\\\\\\\"R2178472MX02\\\\\\\"},{\\\\\\\"componentId\\\\\\\":\\\\\\\"S34123214321X\\\\\\\"},{\\\\\\\"componentId\\\\\\\":\\\\\\\"S34BHDS23210\\\\\\\"}],\\\\\\\"inspection\\\\\\\":[{\\\\\\\"standard\\\\\\\":\\\\\\\"Q/LGD001-2000\\\\\\\",\\\\\\\"inspector\\\\\\\":\\\\\\\"JC检03\\\\\\\",\\\\\\\"time\\\\\\\":\\\\\\\"2024-05-01 00:00:02\\\\\\\"},{\\\\\\\"standard\\\\\\\":\\\\\\\"GB6675.1-2014\\\\\\\",\\\\\\\"inspector\\\\\\\":\\\\\\\"JC检04\\\\\\\",\\\\\\\"time\\\\\\\":\\\\\\\"2024-05-06 00:32:00\\\\\\\"}],\\\\\\\"lastModified\\\\\\\":\\\\\\\"2024-05-19 16:10:05.604\\\\\\\",\\\\\\\"productionDate\\\\\\\":\\\\\\\"2024-05-15 00:00:00\\\\\\\",\\\\\\\"productionDepartment\\\\\\\":\\\\\\\"中国航发沈阳黎明航空发动机\\\\\\\",\\\\\\\"productionId\\\\\\\":\\\\\\\"R58N60MV001\\\\\\\",\\\\\\\"productionModel\\\\\\\":\\\\\\\"FWS-10发动机\\\\\\\",\\\\\\\"state\\\\\\\":\\\\\\\"已退回\\\\\\\",\\\\\\\"version\\\\\\\":\\\\\\\"cc98f681befa47a5932b0c3100dd29dc\\\\\\\"}\\\",\\n\\t\\\"message\\\":\\\"\\\"\\n}\",\"type\":\"JSON\"},\"type\":\"RAW\"}','2024-05-19 22:45:41'),('066b2df318e7461eb17c716c900096bb','ed5723b1e4454719bcfa5c8279f0bfc2','ccf44c48755244bbb945b4d8c9877b63',2,NULL,NULL,NULL,'{\"binaryBody\":\"\",\"formDataBody\":[],\"graphQLBody\":\"\",\"rawBody\":{\"body\":\"{\\\"key\\\":\\\"123456\\\",\\\"field\\\":\\\"certificate\\\",\\\"value\\\":\\\"{\\\\\\\"componentList\\\\\\\":[],\\\\\\\"creationTime\\\\\\\":\\\\\\\"2024-05-19 23:04:47.754\\\\\\\",\\\\\\\"inspection\\\\\\\":[],\\\\\\\"lastModified\\\\\\\":\\\\\\\"2024-05-19 23:04:47.754\\\\\\\",\\\\\\\"productionDate\\\\\\\":\\\\\\\"2024-05-08 00:00:00\\\\\\\",\\\\\\\"productionDepartment\\\\\\\":\\\\\\\"测试部门1\\\\\\\",\\\\\\\"productionId\\\\\\\":\\\\\\\"123456\\\\\\\",\\\\\\\"productionModel\\\\\\\":\\\\\\\"测试型号1\\\\\\\",\\\\\\\"state\\\\\\\":\\\\\\\"已退回\\\\\\\",\\\\\\\"version\\\\\\\":\\\\\\\"7b8d2b239b954a34aa8a99fe7f3f47e0\\\\\\\"}\\\",\\\"txId\\\":\\\"7b8d2b239b954a34aa8a99fe7f3f47e0\\\"}\",\"type\":\"JSON\"},\"type\":\"RAW\",\"xwwwFormUrlEncodedBody\":[]}',404,'{\n	\"timestamp\":\"2024-05-19 23:04:47\",\n	\"status\":404,\n	\"error\":\"Not Found\",\n	\"message\":\"No message available\",\n	\"path\":\"/chain/putState\"\n}','[{\"description\":\"\",\"key\":\"Vary\",\"required\":false,\"type\":\"String\",\"value\":\"Access-Control-Request-Headers\"},{\"description\":\"\",\"key\":\"Content-Type\",\"required\":false,\"type\":\"String\",\"value\":\"multipart/form-data\"},{\"description\":\"\",\"key\":\"Content-Length\",\"required\":false,\"type\":\"String\",\"value\":\"137\"},{\"description\":\"\",\"key\":\"Date\",\"required\":false,\"type\":\"String\",\"value\":\"Sun, 19 May 2024 15:04:47 GMT\"},{\"description\":\"\",\"key\":\"Keep-Alive\",\"required\":false,\"type\":\"String\",\"value\":\"timeout=60\"},{\"description\":\"\",\"key\":\"Connection\",\"required\":false,\"type\":\"String\",\"value\":\"keep-alive\"}]',NULL,'2024-05-19 23:04:47'),('06bb38b2461145f1a4424f6cfc8e78da','ed5723b1e4454719bcfa5c8279f0bfc2','ccf44c48755244bbb945b4d8c9877b63',2,NULL,NULL,NULL,'{\"binaryBody\":\"\",\"formDataBody\":[],\"graphQLBody\":\"\",\"rawBody\":{\"body\":\"{\\\"key\\\":\\\"123456\\\",\\\"field\\\":\\\"certificate\\\",\\\"value\\\":\\\"{\\\\\\\"componentList\\\\\\\":[],\\\\\\\"creationTime\\\\\\\":\\\\\\\"2024-05-19 23:00:47.128\\\\\\\",\\\\\\\"inspection\\\\\\\":[],\\\\\\\"lastModified\\\\\\\":\\\\\\\"2024-05-19 23:00:47.128\\\\\\\",\\\\\\\"productionDate\\\\\\\":\\\\\\\"2024-05-08 00:00:00\\\\\\\",\\\\\\\"productionDepartment\\\\\\\":\\\\\\\"测试部门2\\\\\\\",\\\\\\\"productionId\\\\\\\":\\\\\\\"123456\\\\\\\",\\\\\\\"productionModel\\\\\\\":\\\\\\\"测试型号1\\\\\\\",\\\\\\\"state\\\\\\\":\\\\\\\"已退回\\\\\\\",\\\\\\\"version\\\\\\\":\\\\\\\"7bb1d43c96d14b5b94e37aded787142f\\\\\\\"}\\\",\\\"txId\\\":\\\"7bb1d43c96d14b5b94e37aded787142f\\\"}\",\"type\":\"JSON\"},\"type\":\"RAW\",\"xwwwFormUrlEncodedBody\":[]}',404,'{\n	\"timestamp\":\"2024-05-19 23:00:47\",\n	\"status\":404,\n	\"error\":\"Not Found\",\n	\"message\":\"No message available\",\n	\"path\":\"/chain/putState\"\n}','[{\"description\":\"\",\"key\":\"Vary\",\"required\":false,\"type\":\"String\",\"value\":\"Access-Control-Request-Headers\"},{\"description\":\"\",\"key\":\"Content-Type\",\"required\":false,\"type\":\"String\",\"value\":\"multipart/form-data\"},{\"description\":\"\",\"key\":\"Content-Length\",\"required\":false,\"type\":\"String\",\"value\":\"137\"},{\"description\":\"\",\"key\":\"Date\",\"required\":false,\"type\":\"String\",\"value\":\"Sun, 19 May 2024 15:00:47 GMT\"},{\"description\":\"\",\"key\":\"Keep-Alive\",\"required\":false,\"type\":\"String\",\"value\":\"timeout=60\"},{\"description\":\"\",\"key\":\"Connection\",\"required\":false,\"type\":\"String\",\"value\":\"keep-alive\"}]',NULL,'2024-05-19 23:00:47'),('0c55183acccf46e5a91a50b43f8df1cd','10c8f3cef4bf4b5096295d9354c1023d','ccf44c48755244bbb945b4d8c9877b63',2,NULL,NULL,NULL,'{\"binaryBody\":\"\",\"formDataBody\":[],\"graphQLBody\":\"\",\"rawBody\":{\"body\":\"{\\\"txId\\\":\\\"9fc5606b46c34b10b3063f4c5600e16b\\\"}\",\"type\":\"JSON\"},\"type\":\"RAW\",\"xwwwFormUrlEncodedBody\":[]}',200,NULL,'[{\"description\":\"\",\"key\":\"Content-Type\",\"required\":false,\"type\":\"String\",\"value\":\"multipart/form-data\"},{\"description\":\"\",\"key\":\"Content-Length\",\"required\":false,\"type\":\"String\",\"value\":\"405\"},{\"description\":\"\",\"key\":\"Date\",\"required\":false,\"type\":\"String\",\"value\":\"Sun, 19 May 2024 15:33:11 GMT\"},{\"description\":\"\",\"key\":\"Keep-Alive\",\"required\":false,\"type\":\"String\",\"value\":\"timeout=60\"},{\"description\":\"\",\"key\":\"Connection\",\"required\":false,\"type\":\"String\",\"value\":\"keep-alive\"}]','{\"binaryBody\":\"\",\"graphQLBody\":\"\",\"rawBody\":{\"body\":\"{\\n\\t\\\"code\\\":1000,\\n\\t\\\"data\\\":\\\"{\\\\\\\"componentList\\\\\\\":[{\\\\\\\"componentId\\\\\\\":\\\\\\\"130926199612161482\\\\\\\"}],\\\\\\\"inspection\\\\\\\":[],\\\\\\\"lastModified\\\\\\\":\\\\\\\"2024-05-19 23:21:59.819\\\\\\\",\\\\\\\"productionDate\\\\\\\":\\\\\\\"2024-05-02 00:00:00\\\\\\\",\\\\\\\"productionDepartment\\\\\\\":\\\\\\\"测试部门2\\\\\\\",\\\\\\\"productionId\\\\\\\":\\\\\\\"320506199706024014\\\\\\\",\\\\\\\"productionModel\\\\\\\":\\\\\\\"测试型号1\\\\\\\",\\\\\\\"state\\\\\\\":\\\\\\\"已退回\\\\\\\",\\\\\\\"version\\\\\\\":\\\\\\\"9fc5606b46c34b10b3063f4c5600e16b\\\\\\\"}\\\",\\n\\t\\\"message\\\":\\\"\\\"\\n}\",\"type\":\"JSON\"},\"type\":\"RAW\"}','2024-05-19 23:33:11'),('1600c420e9954ff9a2a6de6f7931c881','10c8f3cef4bf4b5096295d9354c1023d','ccf44c48755244bbb945b4d8c9877b63',2,NULL,NULL,NULL,'{\"binaryBody\":\"\",\"formDataBody\":[],\"graphQLBody\":\"\",\"rawBody\":{\"body\":\"{\\\"key\\\":\\\"320506199706024014\\\",\\\"field\\\":\\\"certificate\\\"}\",\"type\":\"JSON\"},\"type\":\"RAW\",\"xwwwFormUrlEncodedBody\":[]}',200,NULL,'[{\"description\":\"\",\"key\":\"Content-Type\",\"required\":false,\"type\":\"String\",\"value\":\"multipart/form-data\"},{\"description\":\"\",\"key\":\"Content-Length\",\"required\":false,\"type\":\"String\",\"value\":\"410\"},{\"description\":\"\",\"key\":\"Date\",\"required\":false,\"type\":\"String\",\"value\":\"Sun, 19 May 2024 15:11:09 GMT\"},{\"description\":\"\",\"key\":\"Keep-Alive\",\"required\":false,\"type\":\"String\",\"value\":\"timeout=60\"},{\"description\":\"\",\"key\":\"Connection\",\"required\":false,\"type\":\"String\",\"value\":\"keep-alive\"}]','{\"binaryBody\":\"\",\"graphQLBody\":\"\",\"rawBody\":{\"body\":\"{\\n\\t\\\"code\\\":1000,\\n\\t\\\"data\\\":\\\"{\\\\\\\"componentList\\\\\\\":[],\\\\\\\"creationTime\\\\\\\":\\\\\\\"2024-05-19 23:11:04.382\\\\\\\",\\\\\\\"inspection\\\\\\\":[],\\\\\\\"lastModified\\\\\\\":\\\\\\\"2024-05-19 23:11:04.382\\\\\\\",\\\\\\\"productionDate\\\\\\\":\\\\\\\"2024-05-02 00:00:00\\\\\\\",\\\\\\\"productionDepartment\\\\\\\":\\\\\\\"测试部门2\\\\\\\",\\\\\\\"productionId\\\\\\\":\\\\\\\"320506199706024014\\\\\\\",\\\\\\\"productionModel\\\\\\\":\\\\\\\"测试型号1\\\\\\\",\\\\\\\"state\\\\\\\":\\\\\\\"已退回\\\\\\\",\\\\\\\"version\\\\\\\":\\\\\\\"5280d744e2db4becad83b7e3d9550efd\\\\\\\"}\\\",\\n\\t\\\"message\\\":\\\"\\\"\\n}\",\"type\":\"JSON\"},\"type\":\"RAW\"}','2024-05-19 23:11:09'),('170148d5b4b24035b9b850e883183ea2','10c8f3cef4bf4b5096295d9354c1023d','ccf44c48755244bbb945b4d8c9877b63',2,NULL,NULL,NULL,'{\"binaryBody\":\"\",\"formDataBody\":[],\"graphQLBody\":\"\",\"rawBody\":{\"body\":\"{\\\"key\\\":\\\"R58N60MV001\\\",\\\"field\\\":\\\"certificate\\\"}\",\"type\":\"JSON\"},\"type\":\"RAW\",\"xwwwFormUrlEncodedBody\":[]}',200,NULL,'[{\"description\":\"\",\"key\":\"Vary\",\"required\":false,\"type\":\"String\",\"value\":\"Access-Control-Request-Headers\"},{\"description\":\"\",\"key\":\"Content-Type\",\"required\":false,\"type\":\"String\",\"value\":\"multipart/form-data\"},{\"description\":\"\",\"key\":\"Content-Length\",\"required\":false,\"type\":\"String\",\"value\":\"674\"},{\"description\":\"\",\"key\":\"Date\",\"required\":false,\"type\":\"String\",\"value\":\"Sun, 19 May 2024 14:24:20 GMT\"},{\"description\":\"\",\"key\":\"Keep-Alive\",\"required\":false,\"type\":\"String\",\"value\":\"timeout=60\"},{\"description\":\"\",\"key\":\"Connection\",\"required\":false,\"type\":\"String\",\"value\":\"keep-alive\"}]','{\"binaryBody\":\"\",\"graphQLBody\":\"\",\"rawBody\":{\"body\":\"{\\n\\t\\\"code\\\":1000,\\n\\t\\\"data\\\":\\\"{\\\\\\\"componentList\\\\\\\":[{\\\\\\\"componentId\\\\\\\":\\\\\\\"R2178472MX02\\\\\\\"},{\\\\\\\"componentId\\\\\\\":\\\\\\\"S34123214321X\\\\\\\"},{\\\\\\\"componentId\\\\\\\":\\\\\\\"S34BHDS23210\\\\\\\"}],\\\\\\\"inspection\\\\\\\":[{\\\\\\\"standard\\\\\\\":\\\\\\\"Q/LGD001-2000\\\\\\\",\\\\\\\"inspector\\\\\\\":\\\\\\\"JC检03\\\\\\\",\\\\\\\"time\\\\\\\":\\\\\\\"2024-05-01 00:00:02\\\\\\\"},{\\\\\\\"standard\\\\\\\":\\\\\\\"GB6675.1-2014\\\\\\\",\\\\\\\"inspector\\\\\\\":\\\\\\\"JC检04\\\\\\\",\\\\\\\"time\\\\\\\":\\\\\\\"2024-05-06 00:32:00\\\\\\\"}],\\\\\\\"lastModified\\\\\\\":\\\\\\\"2024-05-19 16:10:05.604\\\\\\\",\\\\\\\"productionDate\\\\\\\":\\\\\\\"2024-05-15 00:00:00\\\\\\\",\\\\\\\"productionDepartment\\\\\\\":\\\\\\\"中国航发沈阳黎明航空发动机\\\\\\\",\\\\\\\"productionId\\\\\\\":\\\\\\\"R58N60MV001\\\\\\\",\\\\\\\"productionModel\\\\\\\":\\\\\\\"FWS-10发动机\\\\\\\",\\\\\\\"state\\\\\\\":\\\\\\\"已退回\\\\\\\",\\\\\\\"version\\\\\\\":\\\\\\\"cc98f681befa47a5932b0c3100dd29dc\\\\\\\"}\\\",\\n\\t\\\"message\\\":\\\"\\\"\\n}\",\"type\":\"JSON\"},\"type\":\"RAW\"}','2024-05-19 22:24:20'),('1825a8a97ac84c5da63349ff5324c1ed','10c8f3cef4bf4b5096295d9354c1023d','ccf44c48755244bbb945b4d8c9877b63',2,NULL,NULL,NULL,'{\"binaryBody\":\"\",\"formDataBody\":[],\"graphQLBody\":\"\",\"rawBody\":{\"body\":\"{\\\"key\\\":\\\"R58N60MV001\\\",\\\"field\\\":\\\"certificate\\\"}\",\"type\":\"JSON\"},\"type\":\"RAW\",\"xwwwFormUrlEncodedBody\":[]}',200,NULL,'[{\"description\":\"\",\"key\":\"Content-Type\",\"required\":false,\"type\":\"String\",\"value\":\"multipart/form-data\"},{\"description\":\"\",\"key\":\"Content-Length\",\"required\":false,\"type\":\"String\",\"value\":\"674\"},{\"description\":\"\",\"key\":\"Date\",\"required\":false,\"type\":\"String\",\"value\":\"Sun, 19 May 2024 15:19:31 GMT\"},{\"description\":\"\",\"key\":\"Keep-Alive\",\"required\":false,\"type\":\"String\",\"value\":\"timeout=60\"},{\"description\":\"\",\"key\":\"Connection\",\"required\":false,\"type\":\"String\",\"value\":\"keep-alive\"}]','{\"binaryBody\":\"\",\"graphQLBody\":\"\",\"rawBody\":{\"body\":\"{\\n\\t\\\"code\\\":1000,\\n\\t\\\"data\\\":\\\"{\\\\\\\"componentList\\\\\\\":[{\\\\\\\"componentId\\\\\\\":\\\\\\\"R2178472MX02\\\\\\\"},{\\\\\\\"componentId\\\\\\\":\\\\\\\"S34123214321X\\\\\\\"},{\\\\\\\"componentId\\\\\\\":\\\\\\\"S34BHDS23210\\\\\\\"}],\\\\\\\"inspection\\\\\\\":[{\\\\\\\"standard\\\\\\\":\\\\\\\"Q/LGD001-2000\\\\\\\",\\\\\\\"inspector\\\\\\\":\\\\\\\"JC检03\\\\\\\",\\\\\\\"time\\\\\\\":\\\\\\\"2024-05-01 00:00:02\\\\\\\"},{\\\\\\\"standard\\\\\\\":\\\\\\\"GB6675.1-2014\\\\\\\",\\\\\\\"inspector\\\\\\\":\\\\\\\"JC检04\\\\\\\",\\\\\\\"time\\\\\\\":\\\\\\\"2024-05-06 00:32:00\\\\\\\"}],\\\\\\\"lastModified\\\\\\\":\\\\\\\"2024-05-19 16:10:05.604\\\\\\\",\\\\\\\"productionDate\\\\\\\":\\\\\\\"2024-05-15 00:00:00\\\\\\\",\\\\\\\"productionDepartment\\\\\\\":\\\\\\\"中国航发沈阳黎明航空发动机\\\\\\\",\\\\\\\"productionId\\\\\\\":\\\\\\\"R58N60MV001\\\\\\\",\\\\\\\"productionModel\\\\\\\":\\\\\\\"FWS-10发动机\\\\\\\",\\\\\\\"state\\\\\\\":\\\\\\\"已退回\\\\\\\",\\\\\\\"version\\\\\\\":\\\\\\\"cc98f681befa47a5932b0c3100dd29dc\\\\\\\"}\\\",\\n\\t\\\"message\\\":\\\"\\\"\\n}\",\"type\":\"JSON\"},\"type\":\"RAW\"}','2024-05-19 23:19:31'),('19621636747646e496e34ca95c2f3af7','8cb19229d7084099b2992c96f2f16cbf','4550aa8ee620484dad157d039d8b6909',1,'[{\"description\":\"唯一标识符\",\"key\":\"id\",\"required\":true,\"type\":\"Long\",\"value\":\"freffds\"}]','[{\"description\":\"姓名\",\"key\":\"name\",\"required\":true,\"type\":\"String\",\"value\":\"gfdsgds\"}]','[{\"description\":\"连接方式\",\"key\":\"Connection\",\"required\":false,\"type\":\"String\",\"value\":\"gdfsgfdsgfd\"}]','{\"binaryBody\":\"\",\"formDataBody\":[],\"graphQLBody\":\"\",\"rawBody\":null,\"type\":\"NONE\",\"xwwwFormUrlEncodedBody\":[]}',200,NULL,'[{\"description\":\"\",\"key\":\"age\",\"required\":false,\"type\":\"String\",\"value\":\"10\"},{\"description\":\"\",\"key\":\"sex\",\"required\":false,\"type\":\"String\",\"value\":\"Male\"},{\"description\":\"\",\"key\":\"Content-Type\",\"required\":false,\"type\":\"String\",\"value\":\"multipart/form-data\"},{\"description\":\"\",\"key\":\"Transfer-Encoding\",\"required\":false,\"type\":\"String\",\"value\":\"chunked\"},{\"description\":\"\",\"key\":\"Date\",\"required\":false,\"type\":\"String\",\"value\":\"Wed, 27 Mar 2024 13:12:17 GMT\"}]','{\"binaryBody\":\"\",\"graphQLBody\":\"\",\"rawBody\":{\"body\":\"\\\"Hello World\\\"\",\"type\":\"TEXT\"},\"type\":\"RAW\"}','2024-03-27 21:12:17'),('19b636be542841db8a97d3c759897e6a','813087591a014d17ac8d10b8069b9d06','ccf44c48755244bbb945b4d8c9877b63',1,'[]','[]','[]','{\"binaryBody\":\"\",\"formDataBody\":[],\"graphQLBody\":\"\",\"rawBody\":{\"body\":\"{\\n    \\\"productionId\\\": \\\"R58N60MVXXX\\\",\\n    \\\"productionModel\\\": \\\"FWS-10发动机\\\",\\n    \\\"productionDepartmentId\\\": \\\"中国航发公司\\\",\\n    \\\"productionDate\\\": \\\"2024-03-01\\\",\\n    \\\"inspectionStandard\\\": \\n        [\\n            \\\"Q/LGD001-2000\\\", \\n            \\\"GB6675.1-2014\\\"\\n        ]\\n    ,\\n    \\\"inspectorId\\\": \\\"JC检03\\\",\\n    \\\"state\\\": \\\"已交付\\\",\\n    \\\"componentList\\\": [\\n        \\\"R56N60MVXXX\\\",\\n        \\\"R56N60MVXXX\\\",\\n        \\\"T01X33MVXXY\\\"\\n    ],\\n}\",\"type\":\"JSON\"},\"type\":\"RAW\",\"xwwwFormUrlEncodedBody\":[]}',200,NULL,'[{\"description\":\"\",\"key\":\"Content-Type\",\"required\":false,\"type\":\"String\",\"value\":\"multipart/form-data\"},{\"description\":\"\",\"key\":\"Content-Length\",\"required\":false,\"type\":\"String\",\"value\":\"75\"},{\"description\":\"\",\"key\":\"Date\",\"required\":false,\"type\":\"String\",\"value\":\"Fri, 17 May 2024 12:43:00 GMT\"},{\"description\":\"\",\"key\":\"Keep-Alive\",\"required\":false,\"type\":\"String\",\"value\":\"timeout=60\"},{\"description\":\"\",\"key\":\"Connection\",\"required\":false,\"type\":\"String\",\"value\":\"keep-alive\"}]','{\"binaryBody\":\"\",\"graphQLBody\":\"\",\"rawBody\":{\"body\":\"{\\n\\t\\\"code\\\":1000,\\n\\t\\\"data\\\":\\\"3b3f1f52f7fe4fe285d4a9acc11455f1\\\",\\n\\t\\\"message\\\":\\\"\\\"\\n}\",\"type\":\"JSON\"},\"type\":\"RAW\"}','2024-05-17 20:43:00'),('1bcbf85b3f3248c5aef8c1537383ad5c','ed5723b1e4454719bcfa5c8279f0bfc2','ccf44c48755244bbb945b4d8c9877b63',2,NULL,NULL,NULL,'{\"binaryBody\":\"\",\"formDataBody\":[],\"graphQLBody\":\"\",\"rawBody\":{\"body\":\"{\\\"key\\\":\\\"123456\\\",\\\"field\\\":\\\"certificate\\\",\\\"value\\\":\\\"{\\\\\\\"componentList\\\\\\\":[],\\\\\\\"creationTime\\\\\\\":\\\\\\\"2024-05-19 22:58:56.967\\\\\\\",\\\\\\\"inspection\\\\\\\":[],\\\\\\\"lastModified\\\\\\\":\\\\\\\"2024-05-19 22:58:56.967\\\\\\\",\\\\\\\"productionDate\\\\\\\":\\\\\\\"2024-05-08 00:00:00\\\\\\\",\\\\\\\"productionDepartment\\\\\\\":\\\\\\\"测试部门2\\\\\\\",\\\\\\\"productionId\\\\\\\":\\\\\\\"123456\\\\\\\",\\\\\\\"productionModel\\\\\\\":\\\\\\\"测试型号1\\\\\\\",\\\\\\\"state\\\\\\\":\\\\\\\"已退回\\\\\\\",\\\\\\\"version\\\\\\\":\\\\\\\"0eb87febabcf4dd1b0140231c0ad3614\\\\\\\"}\\\",\\\"txId\\\":\\\"0eb87febabcf4dd1b0140231c0ad3614\\\"}\",\"type\":\"JSON\"},\"type\":\"RAW\",\"xwwwFormUrlEncodedBody\":[]}',404,'{\n	\"timestamp\":\"2024-05-19 22:58:56\",\n	\"status\":404,\n	\"error\":\"Not Found\",\n	\"message\":\"No message available\",\n	\"path\":\"/chain/putState\"\n}','[{\"description\":\"\",\"key\":\"Vary\",\"required\":false,\"type\":\"String\",\"value\":\"Access-Control-Request-Headers\"},{\"description\":\"\",\"key\":\"Content-Type\",\"required\":false,\"type\":\"String\",\"value\":\"multipart/form-data\"},{\"description\":\"\",\"key\":\"Content-Length\",\"required\":false,\"type\":\"String\",\"value\":\"137\"},{\"description\":\"\",\"key\":\"Date\",\"required\":false,\"type\":\"String\",\"value\":\"Sun, 19 May 2024 14:58:56 GMT\"},{\"description\":\"\",\"key\":\"Keep-Alive\",\"required\":false,\"type\":\"String\",\"value\":\"timeout=60\"},{\"description\":\"\",\"key\":\"Connection\",\"required\":false,\"type\":\"String\",\"value\":\"keep-alive\"}]',NULL,'2024-05-19 22:58:56'),('1c06dc20e06b4335b99d938d2d9419a4','10c8f3cef4bf4b5096295d9354c1023d','ccf44c48755244bbb945b4d8c9877b63',2,NULL,NULL,NULL,'{\"binaryBody\":\"\",\"formDataBody\":[],\"graphQLBody\":\"\",\"rawBody\":{\"body\":\"{\\\"key\\\":\\\"320506199706024014\\\",\\\"field\\\":\\\"certificate\\\"}\",\"type\":\"JSON\"},\"type\":\"RAW\",\"xwwwFormUrlEncodedBody\":[]}',200,NULL,'[{\"description\":\"\",\"key\":\"Content-Type\",\"required\":false,\"type\":\"String\",\"value\":\"multipart/form-data\"},{\"description\":\"\",\"key\":\"Content-Length\",\"required\":false,\"type\":\"String\",\"value\":\"405\"},{\"description\":\"\",\"key\":\"Date\",\"required\":false,\"type\":\"String\",\"value\":\"Sun, 19 May 2024 15:22:07 GMT\"},{\"description\":\"\",\"key\":\"Keep-Alive\",\"required\":false,\"type\":\"String\",\"value\":\"timeout=60\"},{\"description\":\"\",\"key\":\"Connection\",\"required\":false,\"type\":\"String\",\"value\":\"keep-alive\"}]','{\"binaryBody\":\"\",\"graphQLBody\":\"\",\"rawBody\":{\"body\":\"{\\n\\t\\\"code\\\":1000,\\n\\t\\\"data\\\":\\\"{\\\\\\\"componentList\\\\\\\":[{\\\\\\\"componentId\\\\\\\":\\\\\\\"130926199612161482\\\\\\\"}],\\\\\\\"inspection\\\\\\\":[],\\\\\\\"lastModified\\\\\\\":\\\\\\\"2024-05-19 23:21:59.819\\\\\\\",\\\\\\\"productionDate\\\\\\\":\\\\\\\"2024-05-02 00:00:00\\\\\\\",\\\\\\\"productionDepartment\\\\\\\":\\\\\\\"测试部门2\\\\\\\",\\\\\\\"productionId\\\\\\\":\\\\\\\"320506199706024014\\\\\\\",\\\\\\\"productionModel\\\\\\\":\\\\\\\"测试型号1\\\\\\\",\\\\\\\"state\\\\\\\":\\\\\\\"已退回\\\\\\\",\\\\\\\"version\\\\\\\":\\\\\\\"9fc5606b46c34b10b3063f4c5600e16b\\\\\\\"}\\\",\\n\\t\\\"message\\\":\\\"\\\"\\n}\",\"type\":\"JSON\"},\"type\":\"RAW\"}','2024-05-19 23:22:07'),('1d7cd41367cb4596ac44dc6a69595cdf','10c8f3cef4bf4b5096295d9354c1023d','ccf44c48755244bbb945b4d8c9877b63',2,NULL,NULL,NULL,'{\"binaryBody\":\"\",\"formDataBody\":[],\"graphQLBody\":\"\",\"rawBody\":{\"body\":\"{\\\"key\\\":\\\"320506199706024014\\\",\\\"field\\\":\\\"certificate\\\"}\",\"type\":\"JSON\"},\"type\":\"RAW\",\"xwwwFormUrlEncodedBody\":[]}',200,NULL,'[{\"description\":\"\",\"key\":\"Content-Type\",\"required\":false,\"type\":\"String\",\"value\":\"multipart/form-data\"},{\"description\":\"\",\"key\":\"Content-Length\",\"required\":false,\"type\":\"String\",\"value\":\"405\"},{\"description\":\"\",\"key\":\"Date\",\"required\":false,\"type\":\"String\",\"value\":\"Sun, 19 May 2024 15:22:10 GMT\"},{\"description\":\"\",\"key\":\"Keep-Alive\",\"required\":false,\"type\":\"String\",\"value\":\"timeout=60\"},{\"description\":\"\",\"key\":\"Connection\",\"required\":false,\"type\":\"String\",\"value\":\"keep-alive\"}]','{\"binaryBody\":\"\",\"graphQLBody\":\"\",\"rawBody\":{\"body\":\"{\\n\\t\\\"code\\\":1000,\\n\\t\\\"data\\\":\\\"{\\\\\\\"componentList\\\\\\\":[{\\\\\\\"componentId\\\\\\\":\\\\\\\"130926199612161482\\\\\\\"}],\\\\\\\"inspection\\\\\\\":[],\\\\\\\"lastModified\\\\\\\":\\\\\\\"2024-05-19 23:21:59.819\\\\\\\",\\\\\\\"productionDate\\\\\\\":\\\\\\\"2024-05-02 00:00:00\\\\\\\",\\\\\\\"productionDepartment\\\\\\\":\\\\\\\"测试部门2\\\\\\\",\\\\\\\"productionId\\\\\\\":\\\\\\\"320506199706024014\\\\\\\",\\\\\\\"productionModel\\\\\\\":\\\\\\\"测试型号1\\\\\\\",\\\\\\\"state\\\\\\\":\\\\\\\"已退回\\\\\\\",\\\\\\\"version\\\\\\\":\\\\\\\"9fc5606b46c34b10b3063f4c5600e16b\\\\\\\"}\\\",\\n\\t\\\"message\\\":\\\"\\\"\\n}\",\"type\":\"JSON\"},\"type\":\"RAW\"}','2024-05-19 23:22:10'),('24d74dd4bbaa4cab9729388ed53c51ad','784dd4e4e09a4967928999d03c567a5c','ccf44c48755244bbb945b4d8c9877b63',1,'[]','[]','[]','{\"binaryBody\":\"\",\"formDataBody\":[],\"graphQLBody\":\"\",\"rawBody\":{\"body\":\"{\\n  \\\"key\\\": \\\"320506199706024014\\\",\\n  \\\"field\\\": \\\"certificate\\\"\\n}\",\"type\":\"JSON\"},\"type\":\"RAW\",\"xwwwFormUrlEncodedBody\":[]}',200,NULL,'[{\"description\":\"\",\"key\":\"Content-Type\",\"required\":false,\"type\":\"String\",\"value\":\"multipart/form-data\"},{\"description\":\"\",\"key\":\"Content-Length\",\"required\":false,\"type\":\"String\",\"value\":\"1323\"},{\"description\":\"\",\"key\":\"Date\",\"required\":false,\"type\":\"String\",\"value\":\"Sun, 19 May 2024 15:42:33 GMT\"},{\"description\":\"\",\"key\":\"Keep-Alive\",\"required\":false,\"type\":\"String\",\"value\":\"timeout=60\"},{\"description\":\"\",\"key\":\"Connection\",\"required\":false,\"type\":\"String\",\"value\":\"keep-alive\"}]','{\"binaryBody\":\"\",\"graphQLBody\":\"\",\"rawBody\":{\"body\":\"{\\n\\t\\\"code\\\":1000,\\n\\t\\\"data\\\":\\\"[{\\\\\\\"count\\\\\\\":1,\\\\\\\"key\\\\\\\":\\\\\\\"320506199706024014\\\\\\\",\\\\\\\"field\\\\\\\":\\\\\\\"certificate\\\\\\\",\\\\\\\"value\\\\\\\":\\\\\\\"{\\\\\\\\\\\\\\\"componentList\\\\\\\\\\\\\\\":[],\\\\\\\\\\\\\\\"creationTime\\\\\\\\\\\\\\\":\\\\\\\\\\\\\\\"2024-05-19 23:11:04.382\\\\\\\\\\\\\\\",\\\\\\\\\\\\\\\"inspection\\\\\\\\\\\\\\\":[],\\\\\\\\\\\\\\\"lastModified\\\\\\\\\\\\\\\":\\\\\\\\\\\\\\\"2024-05-19 23:11:04.382\\\\\\\\\\\\\\\",\\\\\\\\\\\\\\\"productionDate\\\\\\\\\\\\\\\":\\\\\\\\\\\\\\\"2024-05-02 00:00:00\\\\\\\\\\\\\\\",\\\\\\\\\\\\\\\"productionDepartment\\\\\\\\\\\\\\\":\\\\\\\\\\\\\\\"测试部门2\\\\\\\\\\\\\\\",\\\\\\\\\\\\\\\"productionId\\\\\\\\\\\\\\\":\\\\\\\\\\\\\\\"320506199706024014\\\\\\\\\\\\\\\",\\\\\\\\\\\\\\\"productionModel\\\\\\\\\\\\\\\":\\\\\\\\\\\\\\\"测试型号1\\\\\\\\\\\\\\\",\\\\\\\\\\\\\\\"state\\\\\\\\\\\\\\\":\\\\\\\\\\\\\\\"已退回\\\\\\\\\\\\\\\",\\\\\\\\\\\\\\\"version\\\\\\\\\\\\\\\":\\\\\\\\\\\\\\\"5280d744e2db4becad83b7e3d9550efd\\\\\\\\\\\\\\\"}\\\\\\\",\\\\\\\"txId\\\\\\\":\\\\\\\"5280d744e2db4becad83b7e3d9550efd\\\\\\\",\\\\\\\"blockHeight\\\\\\\":\\\\\\\"×\\\\\\\",\\\\\\\"isDelete\\\\\\\":false,\\\\\\\"timestamp\\\\\\\":\\\\\\\"1716131464\\\\\\\"},{\\\\\\\"count\\\\\\\":2,\\\\\\\"key\\\\\\\":\\\\\\\"320506199706024014\\\\\\\",\\\\\\\"field\\\\\\\":\\\\\\\"certificate\\\\\\\",\\\\\\\"value\\\\\\\":\\\\\\\"{\\\\\\\\\\\\\\\"componentList\\\\\\\\\\\\\\\":[{\\\\\\\\\\\\\\\"componentId\\\\\\\\\\\\\\\":\\\\\\\\\\\\\\\"130926199612161482\\\\\\\\\\\\\\\"}],\\\\\\\\\\\\\\\"inspection\\\\\\\\\\\\\\\":[],\\\\\\\\\\\\\\\"lastModified\\\\\\\\\\\\\\\":\\\\\\\\\\\\\\\"2024-05-19 23:21:59.819\\\\\\\\\\\\\\\",\\\\\\\\\\\\\\\"productionDate\\\\\\\\\\\\\\\":\\\\\\\\\\\\\\\"2024-05-02 00:00:00\\\\\\\\\\\\\\\",\\\\\\\\\\\\\\\"productionDepartment\\\\\\\\\\\\\\\":\\\\\\\\\\\\\\\"测试部门2\\\\\\\\\\\\\\\",\\\\\\\\\\\\\\\"productionId\\\\\\\\\\\\\\\":\\\\\\\\\\\\\\\"320506199706024014\\\\\\\\\\\\\\\",\\\\\\\\\\\\\\\"productionModel\\\\\\\\\\\\\\\":\\\\\\\\\\\\\\\"测试型号1\\\\\\\\\\\\\\\",\\\\\\\\\\\\\\\"state\\\\\\\\\\\\\\\":\\\\\\\\\\\\\\\"已退回\\\\\\\\\\\\\\\",\\\\\\\\\\\\\\\"version\\\\\\\\\\\\\\\":\\\\\\\\\\\\\\\"9fc5606b46c34b10b3063f4c5600e16b\\\\\\\\\\\\\\\"}\\\\\\\",\\\\\\\"txId\\\\\\\":\\\\\\\"9fc5606b46c34b10b3063f4c5600e16b\\\\\\\",\\\\\\\"blockHeight\\\\\\\":\\\\\\\"ç\\\\\\\",\\\\\\\"isDelete\\\\\\\":false,\\\\\\\"timestamp\\\\\\\":\\\\\\\"1716132119\\\\\\\"}]\\\",\\n\\t\\\"message\\\":\\\"\\\"\\n}\",\"type\":\"JSON\"},\"type\":\"RAW\"}','2024-05-19 23:42:33'),('25feb95593ef4034bed7a897ae428008','10c8f3cef4bf4b5096295d9354c1023d','ccf44c48755244bbb945b4d8c9877b63',2,NULL,NULL,NULL,'{\"binaryBody\":\"\",\"formDataBody\":[],\"graphQLBody\":\"\",\"rawBody\":{\"body\":\"{\\\"key\\\":\\\"R58N60MV001\\\",\\\"field\\\":\\\"certificate\\\"}\",\"type\":\"JSON\"},\"type\":\"RAW\",\"xwwwFormUrlEncodedBody\":[]}',200,NULL,'[{\"description\":\"\",\"key\":\"Vary\",\"required\":false,\"type\":\"String\",\"value\":\"Access-Control-Request-Headers\"},{\"description\":\"\",\"key\":\"Content-Type\",\"required\":false,\"type\":\"String\",\"value\":\"multipart/form-data\"},{\"description\":\"\",\"key\":\"Content-Length\",\"required\":false,\"type\":\"String\",\"value\":\"674\"},{\"description\":\"\",\"key\":\"Date\",\"required\":false,\"type\":\"String\",\"value\":\"Sun, 19 May 2024 14:44:59 GMT\"},{\"description\":\"\",\"key\":\"Keep-Alive\",\"required\":false,\"type\":\"String\",\"value\":\"timeout=60\"},{\"description\":\"\",\"key\":\"Connection\",\"required\":false,\"type\":\"String\",\"value\":\"keep-alive\"}]','{\"binaryBody\":\"\",\"graphQLBody\":\"\",\"rawBody\":{\"body\":\"{\\n\\t\\\"code\\\":1000,\\n\\t\\\"data\\\":\\\"{\\\\\\\"componentList\\\\\\\":[{\\\\\\\"componentId\\\\\\\":\\\\\\\"R2178472MX02\\\\\\\"},{\\\\\\\"componentId\\\\\\\":\\\\\\\"S34123214321X\\\\\\\"},{\\\\\\\"componentId\\\\\\\":\\\\\\\"S34BHDS23210\\\\\\\"}],\\\\\\\"inspection\\\\\\\":[{\\\\\\\"standard\\\\\\\":\\\\\\\"Q/LGD001-2000\\\\\\\",\\\\\\\"inspector\\\\\\\":\\\\\\\"JC检03\\\\\\\",\\\\\\\"time\\\\\\\":\\\\\\\"2024-05-01 00:00:02\\\\\\\"},{\\\\\\\"standard\\\\\\\":\\\\\\\"GB6675.1-2014\\\\\\\",\\\\\\\"inspector\\\\\\\":\\\\\\\"JC检04\\\\\\\",\\\\\\\"time\\\\\\\":\\\\\\\"2024-05-06 00:32:00\\\\\\\"}],\\\\\\\"lastModified\\\\\\\":\\\\\\\"2024-05-19 16:10:05.604\\\\\\\",\\\\\\\"productionDate\\\\\\\":\\\\\\\"2024-05-15 00:00:00\\\\\\\",\\\\\\\"productionDepartment\\\\\\\":\\\\\\\"中国航发沈阳黎明航空发动机\\\\\\\",\\\\\\\"productionId\\\\\\\":\\\\\\\"R58N60MV001\\\\\\\",\\\\\\\"productionModel\\\\\\\":\\\\\\\"FWS-10发动机\\\\\\\",\\\\\\\"state\\\\\\\":\\\\\\\"已退回\\\\\\\",\\\\\\\"version\\\\\\\":\\\\\\\"cc98f681befa47a5932b0c3100dd29dc\\\\\\\"}\\\",\\n\\t\\\"message\\\":\\\"\\\"\\n}\",\"type\":\"JSON\"},\"type\":\"RAW\"}','2024-05-19 22:44:59'),('289f597e2ec54b33a54ee6edd6ef5f46','10c8f3cef4bf4b5096295d9354c1023d','ccf44c48755244bbb945b4d8c9877b63',2,NULL,NULL,NULL,'{\"binaryBody\":\"\",\"formDataBody\":[],\"graphQLBody\":\"\",\"rawBody\":{\"body\":\"{\\\"key\\\":\\\"320506199706024014\\\",\\\"field\\\":\\\"certificate\\\"}\",\"type\":\"JSON\"},\"type\":\"RAW\",\"xwwwFormUrlEncodedBody\":[]}',200,NULL,'[{\"description\":\"\",\"key\":\"Content-Type\",\"required\":false,\"type\":\"String\",\"value\":\"multipart/form-data\"},{\"description\":\"\",\"key\":\"Content-Length\",\"required\":false,\"type\":\"String\",\"value\":\"405\"},{\"description\":\"\",\"key\":\"Date\",\"required\":false,\"type\":\"String\",\"value\":\"Sun, 19 May 2024 15:33:17 GMT\"},{\"description\":\"\",\"key\":\"Keep-Alive\",\"required\":false,\"type\":\"String\",\"value\":\"timeout=60\"},{\"description\":\"\",\"key\":\"Connection\",\"required\":false,\"type\":\"String\",\"value\":\"keep-alive\"}]','{\"binaryBody\":\"\",\"graphQLBody\":\"\",\"rawBody\":{\"body\":\"{\\n\\t\\\"code\\\":1000,\\n\\t\\\"data\\\":\\\"{\\\\\\\"componentList\\\\\\\":[{\\\\\\\"componentId\\\\\\\":\\\\\\\"130926199612161482\\\\\\\"}],\\\\\\\"inspection\\\\\\\":[],\\\\\\\"lastModified\\\\\\\":\\\\\\\"2024-05-19 23:21:59.819\\\\\\\",\\\\\\\"productionDate\\\\\\\":\\\\\\\"2024-05-02 00:00:00\\\\\\\",\\\\\\\"productionDepartment\\\\\\\":\\\\\\\"测试部门2\\\\\\\",\\\\\\\"productionId\\\\\\\":\\\\\\\"320506199706024014\\\\\\\",\\\\\\\"productionModel\\\\\\\":\\\\\\\"测试型号1\\\\\\\",\\\\\\\"state\\\\\\\":\\\\\\\"已退回\\\\\\\",\\\\\\\"version\\\\\\\":\\\\\\\"9fc5606b46c34b10b3063f4c5600e16b\\\\\\\"}\\\",\\n\\t\\\"message\\\":\\\"\\\"\\n}\",\"type\":\"JSON\"},\"type\":\"RAW\"}','2024-05-19 23:33:17'),('2b38f8e000be41a7975f37e8a6a2b2b5','10c8f3cef4bf4b5096295d9354c1023d','ccf44c48755244bbb945b4d8c9877b63',2,NULL,NULL,NULL,'{\"binaryBody\":\"\",\"formDataBody\":[],\"graphQLBody\":\"\",\"rawBody\":{\"body\":\"{\\\"txId\\\":\\\"5280d744e2db4becad83b7e3d9550efd\\\"}\",\"type\":\"JSON\"},\"type\":\"RAW\",\"xwwwFormUrlEncodedBody\":[]}',200,NULL,'[{\"description\":\"\",\"key\":\"Content-Type\",\"required\":false,\"type\":\"String\",\"value\":\"multipart/form-data\"},{\"description\":\"\",\"key\":\"Content-Length\",\"required\":false,\"type\":\"String\",\"value\":\"410\"},{\"description\":\"\",\"key\":\"Date\",\"required\":false,\"type\":\"String\",\"value\":\"Sun, 19 May 2024 15:19:08 GMT\"},{\"description\":\"\",\"key\":\"Keep-Alive\",\"required\":false,\"type\":\"String\",\"value\":\"timeout=60\"},{\"description\":\"\",\"key\":\"Connection\",\"required\":false,\"type\":\"String\",\"value\":\"keep-alive\"}]','{\"binaryBody\":\"\",\"graphQLBody\":\"\",\"rawBody\":{\"body\":\"{\\n\\t\\\"code\\\":1000,\\n\\t\\\"data\\\":\\\"{\\\\\\\"componentList\\\\\\\":[],\\\\\\\"creationTime\\\\\\\":\\\\\\\"2024-05-19 23:11:04.382\\\\\\\",\\\\\\\"inspection\\\\\\\":[],\\\\\\\"lastModified\\\\\\\":\\\\\\\"2024-05-19 23:11:04.382\\\\\\\",\\\\\\\"productionDate\\\\\\\":\\\\\\\"2024-05-02 00:00:00\\\\\\\",\\\\\\\"productionDepartment\\\\\\\":\\\\\\\"测试部门2\\\\\\\",\\\\\\\"productionId\\\\\\\":\\\\\\\"320506199706024014\\\\\\\",\\\\\\\"productionModel\\\\\\\":\\\\\\\"测试型号1\\\\\\\",\\\\\\\"state\\\\\\\":\\\\\\\"已退回\\\\\\\",\\\\\\\"version\\\\\\\":\\\\\\\"5280d744e2db4becad83b7e3d9550efd\\\\\\\"}\\\",\\n\\t\\\"message\\\":\\\"\\\"\\n}\",\"type\":\"JSON\"},\"type\":\"RAW\"}','2024-05-19 23:19:08'),('2b45538dc7574eeb8039ab23a8e8e31f','ed5723b1e4454719bcfa5c8279f0bfc2','ccf44c48755244bbb945b4d8c9877b63',2,NULL,NULL,NULL,'{\"binaryBody\":\"\",\"formDataBody\":[],\"graphQLBody\":\"\",\"rawBody\":{\"body\":\"{\\\"key\\\":\\\"320506199706024014\\\",\\\"field\\\":\\\"certificate\\\",\\\"value\\\":\\\"{\\\\\\\"componentList\\\\\\\":[],\\\\\\\"creationTime\\\\\\\":\\\\\\\"2024-05-19 23:11:04.382\\\\\\\",\\\\\\\"inspection\\\\\\\":[],\\\\\\\"lastModified\\\\\\\":\\\\\\\"2024-05-19 23:11:04.382\\\\\\\",\\\\\\\"productionDate\\\\\\\":\\\\\\\"2024-05-02 00:00:00\\\\\\\",\\\\\\\"productionDepartment\\\\\\\":\\\\\\\"测试部门2\\\\\\\",\\\\\\\"productionId\\\\\\\":\\\\\\\"320506199706024014\\\\\\\",\\\\\\\"productionModel\\\\\\\":\\\\\\\"测试型号1\\\\\\\",\\\\\\\"state\\\\\\\":\\\\\\\"已退回\\\\\\\",\\\\\\\"version\\\\\\\":\\\\\\\"5280d744e2db4becad83b7e3d9550efd\\\\\\\"}\\\",\\\"txId\\\":\\\"5280d744e2db4becad83b7e3d9550efd\\\"}\",\"type\":\"JSON\"},\"type\":\"RAW\",\"xwwwFormUrlEncodedBody\":[]}',200,NULL,'[{\"description\":\"\",\"key\":\"Content-Type\",\"required\":false,\"type\":\"String\",\"value\":\"multipart/form-data\"},{\"description\":\"\",\"key\":\"Content-Length\",\"required\":false,\"type\":\"String\",\"value\":\"75\"},{\"description\":\"\",\"key\":\"Date\",\"required\":false,\"type\":\"String\",\"value\":\"Sun, 19 May 2024 15:11:04 GMT\"},{\"description\":\"\",\"key\":\"Keep-Alive\",\"required\":false,\"type\":\"String\",\"value\":\"timeout=60\"},{\"description\":\"\",\"key\":\"Connection\",\"required\":false,\"type\":\"String\",\"value\":\"keep-alive\"}]','{\"binaryBody\":\"\",\"graphQLBody\":\"\",\"rawBody\":{\"body\":\"{\\n\\t\\\"code\\\":1000,\\n\\t\\\"data\\\":\\\"5280d744e2db4becad83b7e3d9550efd\\\",\\n\\t\\\"message\\\":\\\"\\\"\\n}\",\"type\":\"JSON\"},\"type\":\"RAW\"}','2024-05-19 23:11:04'),('2d0693ea5b864affa4aaa1c5b42e7842','784dd4e4e09a4967928999d03c567a5c','ccf44c48755244bbb945b4d8c9877b63',2,NULL,NULL,NULL,'{\"binaryBody\":\"\",\"formDataBody\":[],\"graphQLBody\":\"\",\"rawBody\":{\"body\":\"{\\\"key\\\":\\\"320506199706024014\\\",\\\"field\\\":\\\"certificate\\\"}\",\"type\":\"JSON\"},\"type\":\"RAW\",\"xwwwFormUrlEncodedBody\":[]}',200,NULL,'[{\"description\":\"\",\"key\":\"Content-Type\",\"required\":false,\"type\":\"String\",\"value\":\"multipart/form-data\"},{\"description\":\"\",\"key\":\"Content-Length\",\"required\":false,\"type\":\"String\",\"value\":\"686\"},{\"description\":\"\",\"key\":\"Date\",\"required\":false,\"type\":\"String\",\"value\":\"Sun, 19 May 2024 15:18:44 GMT\"},{\"description\":\"\",\"key\":\"Keep-Alive\",\"required\":false,\"type\":\"String\",\"value\":\"timeout=60\"},{\"description\":\"\",\"key\":\"Connection\",\"required\":false,\"type\":\"String\",\"value\":\"keep-alive\"}]','{\"binaryBody\":\"\",\"graphQLBody\":\"\",\"rawBody\":{\"body\":\"{\\n\\t\\\"code\\\":1000,\\n\\t\\\"data\\\":\\\"[{\\\\\\\"count\\\\\\\":1,\\\\\\\"key\\\\\\\":\\\\\\\"320506199706024014\\\\\\\",\\\\\\\"field\\\\\\\":\\\\\\\"certificate\\\\\\\",\\\\\\\"value\\\\\\\":\\\\\\\"{\\\\\\\\\\\\\\\"componentList\\\\\\\\\\\\\\\":[],\\\\\\\\\\\\\\\"creationTime\\\\\\\\\\\\\\\":\\\\\\\\\\\\\\\"2024-05-19 23:11:04.382\\\\\\\\\\\\\\\",\\\\\\\\\\\\\\\"inspection\\\\\\\\\\\\\\\":[],\\\\\\\\\\\\\\\"lastModified\\\\\\\\\\\\\\\":\\\\\\\\\\\\\\\"2024-05-19 23:11:04.382\\\\\\\\\\\\\\\",\\\\\\\\\\\\\\\"productionDate\\\\\\\\\\\\\\\":\\\\\\\\\\\\\\\"2024-05-02 00:00:00\\\\\\\\\\\\\\\",\\\\\\\\\\\\\\\"productionDepartment\\\\\\\\\\\\\\\":\\\\\\\\\\\\\\\"测试部门2\\\\\\\\\\\\\\\",\\\\\\\\\\\\\\\"productionId\\\\\\\\\\\\\\\":\\\\\\\\\\\\\\\"320506199706024014\\\\\\\\\\\\\\\",\\\\\\\\\\\\\\\"productionModel\\\\\\\\\\\\\\\":\\\\\\\\\\\\\\\"测试型号1\\\\\\\\\\\\\\\",\\\\\\\\\\\\\\\"state\\\\\\\\\\\\\\\":\\\\\\\\\\\\\\\"已退回\\\\\\\\\\\\\\\",\\\\\\\\\\\\\\\"version\\\\\\\\\\\\\\\":\\\\\\\\\\\\\\\"5280d744e2db4becad83b7e3d9550efd\\\\\\\\\\\\\\\"}\\\\\\\",\\\\\\\"txId\\\\\\\":\\\\\\\"5280d744e2db4becad83b7e3d9550efd\\\\\\\",\\\\\\\"blockHeight\\\\\\\":\\\\\\\"×\\\\\\\",\\\\\\\"isDelete\\\\\\\":false,\\\\\\\"timestamp\\\\\\\":\\\\\\\"1716131464\\\\\\\"}]\\\",\\n\\t\\\"message\\\":\\\"\\\"\\n}\",\"type\":\"JSON\"},\"type\":\"RAW\"}','2024-05-19 23:18:45'),('306993bfac844103855441a09a1e5a49','10c8f3cef4bf4b5096295d9354c1023d','ccf44c48755244bbb945b4d8c9877b63',2,NULL,NULL,NULL,'{\"binaryBody\":\"\",\"formDataBody\":[],\"graphQLBody\":\"\",\"rawBody\":{\"body\":\"{\\\"key\\\":\\\"R58N60MV001\\\",\\\"field\\\":\\\"certificate\\\"}\",\"type\":\"JSON\"},\"type\":\"RAW\",\"xwwwFormUrlEncodedBody\":[]}',200,NULL,'[{\"description\":\"\",\"key\":\"Vary\",\"required\":false,\"type\":\"String\",\"value\":\"Access-Control-Request-Headers\"},{\"description\":\"\",\"key\":\"Content-Type\",\"required\":false,\"type\":\"String\",\"value\":\"multipart/form-data\"},{\"description\":\"\",\"key\":\"Content-Length\",\"required\":false,\"type\":\"String\",\"value\":\"674\"},{\"description\":\"\",\"key\":\"Date\",\"required\":false,\"type\":\"String\",\"value\":\"Sun, 19 May 2024 14:35:18 GMT\"},{\"description\":\"\",\"key\":\"Keep-Alive\",\"required\":false,\"type\":\"String\",\"value\":\"timeout=60\"},{\"description\":\"\",\"key\":\"Connection\",\"required\":false,\"type\":\"String\",\"value\":\"keep-alive\"}]','{\"binaryBody\":\"\",\"graphQLBody\":\"\",\"rawBody\":{\"body\":\"{\\n\\t\\\"code\\\":1000,\\n\\t\\\"data\\\":\\\"{\\\\\\\"componentList\\\\\\\":[{\\\\\\\"componentId\\\\\\\":\\\\\\\"R2178472MX02\\\\\\\"},{\\\\\\\"componentId\\\\\\\":\\\\\\\"S34123214321X\\\\\\\"},{\\\\\\\"componentId\\\\\\\":\\\\\\\"S34BHDS23210\\\\\\\"}],\\\\\\\"inspection\\\\\\\":[{\\\\\\\"standard\\\\\\\":\\\\\\\"Q/LGD001-2000\\\\\\\",\\\\\\\"inspector\\\\\\\":\\\\\\\"JC检03\\\\\\\",\\\\\\\"time\\\\\\\":\\\\\\\"2024-05-01 00:00:02\\\\\\\"},{\\\\\\\"standard\\\\\\\":\\\\\\\"GB6675.1-2014\\\\\\\",\\\\\\\"inspector\\\\\\\":\\\\\\\"JC检04\\\\\\\",\\\\\\\"time\\\\\\\":\\\\\\\"2024-05-06 00:32:00\\\\\\\"}],\\\\\\\"lastModified\\\\\\\":\\\\\\\"2024-05-19 16:10:05.604\\\\\\\",\\\\\\\"productionDate\\\\\\\":\\\\\\\"2024-05-15 00:00:00\\\\\\\",\\\\\\\"productionDepartment\\\\\\\":\\\\\\\"中国航发沈阳黎明航空发动机\\\\\\\",\\\\\\\"productionId\\\\\\\":\\\\\\\"R58N60MV001\\\\\\\",\\\\\\\"productionModel\\\\\\\":\\\\\\\"FWS-10发动机\\\\\\\",\\\\\\\"state\\\\\\\":\\\\\\\"已退回\\\\\\\",\\\\\\\"version\\\\\\\":\\\\\\\"cc98f681befa47a5932b0c3100dd29dc\\\\\\\"}\\\",\\n\\t\\\"message\\\":\\\"\\\"\\n}\",\"type\":\"JSON\"},\"type\":\"RAW\"}','2024-05-19 22:35:18'),('37b8f6f3c2124037b6dd584a193d20e3','10c8f3cef4bf4b5096295d9354c1023d','ccf44c48755244bbb945b4d8c9877b63',2,NULL,NULL,NULL,'{\"binaryBody\":\"\",\"formDataBody\":[],\"graphQLBody\":\"\",\"rawBody\":{\"body\":\"{\\\"key\\\":\\\"320506199706024014\\\",\\\"field\\\":\\\"certificate\\\"}\",\"type\":\"JSON\"},\"type\":\"RAW\",\"xwwwFormUrlEncodedBody\":[]}',200,NULL,'[{\"description\":\"\",\"key\":\"Content-Type\",\"required\":false,\"type\":\"String\",\"value\":\"multipart/form-data\"},{\"description\":\"\",\"key\":\"Content-Length\",\"required\":false,\"type\":\"String\",\"value\":\"405\"},{\"description\":\"\",\"key\":\"Date\",\"required\":false,\"type\":\"String\",\"value\":\"Sun, 19 May 2024 15:33:19 GMT\"},{\"description\":\"\",\"key\":\"Keep-Alive\",\"required\":false,\"type\":\"String\",\"value\":\"timeout=60\"},{\"description\":\"\",\"key\":\"Connection\",\"required\":false,\"type\":\"String\",\"value\":\"keep-alive\"}]','{\"binaryBody\":\"\",\"graphQLBody\":\"\",\"rawBody\":{\"body\":\"{\\n\\t\\\"code\\\":1000,\\n\\t\\\"data\\\":\\\"{\\\\\\\"componentList\\\\\\\":[{\\\\\\\"componentId\\\\\\\":\\\\\\\"130926199612161482\\\\\\\"}],\\\\\\\"inspection\\\\\\\":[],\\\\\\\"lastModified\\\\\\\":\\\\\\\"2024-05-19 23:21:59.819\\\\\\\",\\\\\\\"productionDate\\\\\\\":\\\\\\\"2024-05-02 00:00:00\\\\\\\",\\\\\\\"productionDepartment\\\\\\\":\\\\\\\"测试部门2\\\\\\\",\\\\\\\"productionId\\\\\\\":\\\\\\\"320506199706024014\\\\\\\",\\\\\\\"productionModel\\\\\\\":\\\\\\\"测试型号1\\\\\\\",\\\\\\\"state\\\\\\\":\\\\\\\"已退回\\\\\\\",\\\\\\\"version\\\\\\\":\\\\\\\"9fc5606b46c34b10b3063f4c5600e16b\\\\\\\"}\\\",\\n\\t\\\"message\\\":\\\"\\\"\\n}\",\"type\":\"JSON\"},\"type\":\"RAW\"}','2024-05-19 23:33:19'),('42781e935a874a349a7889371b8d66be','10c8f3cef4bf4b5096295d9354c1023d','ccf44c48755244bbb945b4d8c9877b63',2,NULL,NULL,NULL,'{\"binaryBody\":\"\",\"formDataBody\":[],\"graphQLBody\":\"\",\"rawBody\":{\"body\":\"{\\\"key\\\":\\\"R58N60MV001\\\",\\\"field\\\":\\\"certificate\\\"}\",\"type\":\"JSON\"},\"type\":\"RAW\",\"xwwwFormUrlEncodedBody\":[]}',200,NULL,'[{\"description\":\"\",\"key\":\"Vary\",\"required\":false,\"type\":\"String\",\"value\":\"Access-Control-Request-Headers\"},{\"description\":\"\",\"key\":\"Content-Type\",\"required\":false,\"type\":\"String\",\"value\":\"multipart/form-data\"},{\"description\":\"\",\"key\":\"Content-Length\",\"required\":false,\"type\":\"String\",\"value\":\"674\"},{\"description\":\"\",\"key\":\"Date\",\"required\":false,\"type\":\"String\",\"value\":\"Sun, 19 May 2024 14:14:44 GMT\"},{\"description\":\"\",\"key\":\"Keep-Alive\",\"required\":false,\"type\":\"String\",\"value\":\"timeout=60\"},{\"description\":\"\",\"key\":\"Connection\",\"required\":false,\"type\":\"String\",\"value\":\"keep-alive\"}]','{\"binaryBody\":\"\",\"graphQLBody\":\"\",\"rawBody\":{\"body\":\"{\\n\\t\\\"code\\\":1000,\\n\\t\\\"data\\\":\\\"{\\\\\\\"componentList\\\\\\\":[{\\\\\\\"componentId\\\\\\\":\\\\\\\"R2178472MX02\\\\\\\"},{\\\\\\\"componentId\\\\\\\":\\\\\\\"S34123214321X\\\\\\\"},{\\\\\\\"componentId\\\\\\\":\\\\\\\"S34BHDS23210\\\\\\\"}],\\\\\\\"inspection\\\\\\\":[{\\\\\\\"standard\\\\\\\":\\\\\\\"Q/LGD001-2000\\\\\\\",\\\\\\\"inspector\\\\\\\":\\\\\\\"JC检03\\\\\\\",\\\\\\\"time\\\\\\\":\\\\\\\"2024-05-01 00:00:02\\\\\\\"},{\\\\\\\"standard\\\\\\\":\\\\\\\"GB6675.1-2014\\\\\\\",\\\\\\\"inspector\\\\\\\":\\\\\\\"JC检04\\\\\\\",\\\\\\\"time\\\\\\\":\\\\\\\"2024-05-06 00:32:00\\\\\\\"}],\\\\\\\"lastModified\\\\\\\":\\\\\\\"2024-05-19 16:10:05.604\\\\\\\",\\\\\\\"productionDate\\\\\\\":\\\\\\\"2024-05-15 00:00:00\\\\\\\",\\\\\\\"productionDepartment\\\\\\\":\\\\\\\"中国航发沈阳黎明航空发动机\\\\\\\",\\\\\\\"productionId\\\\\\\":\\\\\\\"R58N60MV001\\\\\\\",\\\\\\\"productionModel\\\\\\\":\\\\\\\"FWS-10发动机\\\\\\\",\\\\\\\"state\\\\\\\":\\\\\\\"已退回\\\\\\\",\\\\\\\"version\\\\\\\":\\\\\\\"cc98f681befa47a5932b0c3100dd29dc\\\\\\\"}\\\",\\n\\t\\\"message\\\":\\\"\\\"\\n}\",\"type\":\"JSON\"},\"type\":\"RAW\"}','2024-05-19 22:14:44'),('437dc7aba7db47b2809e6fcb043eb4bb','784dd4e4e09a4967928999d03c567a5c','ccf44c48755244bbb945b4d8c9877b63',2,NULL,NULL,NULL,'{\"binaryBody\":\"\",\"formDataBody\":[],\"graphQLBody\":\"\",\"rawBody\":{\"body\":\"{\\\"key\\\":\\\"320506199706024014\\\",\\\"field\\\":\\\"certificate\\\"}\",\"type\":\"JSON\"},\"type\":\"RAW\",\"xwwwFormUrlEncodedBody\":[]}',500,'{\n	\"timestamp\":\"2024-05-19 23:16:22\",\n	\"status\":500,\n	\"error\":\"Internal Server Error\",\n	\"trace\":\"org.chainmaker.sdk.ChainClientException: get tx by txId f2c1edca58feb818c92a8f8616af048938d16fbeca6935d736776e0e0b915230 failed\\n\\tat org.chainmaker.sdk.ChainClient.sendContractRequest(ChainClient.java:2516)\\n\\tat org.chainmaker.sdk.ChainClient.invokeContract(ChainClient.java:424)\\n\\tat com.hawkeye.service.impl.ChainServiceImpl.getHistory(ChainServiceImpl.java:69)\\n\\tat com.hawkeye.controller.ChainController.getHistory(ChainController.java:62)\\n\\tat sun.reflect.NativeMethodAccessorImpl.invoke0(Native Method)\\n\\tat sun.reflect.NativeMethodAccessorImpl.invoke(NativeMethodAccessorImpl.java:62)\\n\\tat sun.reflect.DelegatingMethodAccessorImpl.invoke(DelegatingMethodAccessorImpl.java:43)\\n\\tat java.lang.reflect.Method.invoke(Method.java:498)\\n\\tat org.springframework.web.method.support.InvocableHandlerMethod.doInvoke(InvocableHandlerMethod.java:205)\\n\\tat org.springframework.web.method.support.InvocableHandlerMethod.invokeForRequest(InvocableHandlerMethod.java:150)\\n\\tat org.springframework.web.servlet.mvc.method.annotation.ServletInvocableHandlerMethod.invokeAndHandle(ServletInvocableHandlerMethod.java:117)\\n\\tat org.springframework.web.servlet.mvc.method.annotation.RequestMappingHandlerAdapter.invokeHandlerMethod(RequestMappingHandlerAdapter.java:895)\\n\\tat org.springframework.web.servlet.mvc.method.annotation.RequestMappingHandlerAdapter.handleInternal(RequestMappingHandlerAdapter.java:808)\\n\\tat org.springframework.web.servlet.mvc.method.AbstractHandlerMethodAdapter.handle(AbstractHandlerMethodAdapter.java:87)\\n\\tat org.springframework.web.servlet.DispatcherServlet.doDispatch(DispatcherServlet.java:1070)\\n\\tat org.springframework.web.servlet.DispatcherServlet.doService(DispatcherServlet.java:963)\\n\\tat org.springframework.web.servlet.FrameworkServlet.processRequest(FrameworkServlet.java:1006)\\n\\tat org.springframework.web.servlet.FrameworkServlet.doPost(FrameworkServlet.java:909)\\n\\tat javax.servlet.http.HttpServlet.service(HttpServlet.java:681)\\n\\tat org.springframework.web.servlet.FrameworkServlet.service(FrameworkServlet.java:883)\\n\\tat javax.servlet.http.HttpServlet.service(HttpServlet.java:764)\\n\\tat org.apache.catalina.core.ApplicationFilterChain.internalDoFilter(ApplicationFilterChain.java:227)\\n\\tat org.apache.catalina.core.ApplicationFilterChain.doFilter(ApplicationFilterChain.java:162)\\n\\tat org.apache.tomcat.websocket.server.WsFilter.doFilter(WsFilter.java:53)\\n\\tat org.apache.catalina.core.ApplicationFilterChain.internalDoFilter(ApplicationFilterChain.java:189)\\n\\tat org.apache.catalina.core.ApplicationFilterChain.doFilter(ApplicationFilterChain.java:162)\\n\\tat cn.dev33.satoken.filter.SaPathCheckFilterForServlet.doFilter(SaPathCheckFilterForServlet.java:55)\\n\\tat org.apache.catalina.core.ApplicationFilterChain.internalDoFilter(ApplicationFilterChain.java:189)\\n\\tat org.apache.catalina.core.ApplicationFilterChain.doFilter(ApplicationFilterChain.java:162)\\n\\tat org.springframework.web.filter.CharacterEncodingFilter.doFilterInternal(CharacterEncodingFilter.java:201)\\n\\tat org.springframework.web.filter.OncePerRequestFilter.doFilter(OncePerRequestFilter.java:117)\\n\\tat org.apache.catalina.core.ApplicationFilterChain.internalDoFilter(ApplicationFilterChain.java:189)\\n\\tat org.apache.catalina.core.ApplicationFilterChain.doFilter(ApplicationFilterChain.java:162)\\n\\tat org.apache.catalina.core.StandardWrapperValve.invoke(StandardWrapperValve.java:197)\\n\\tat org.apache.catalina.core.StandardContextValve.invoke(StandardContextValve.java:97)\\n\\tat org.apache.catalina.authenticator.AuthenticatorBase.invoke(AuthenticatorBase.java:541)\\n\\tat org.apache.catalina.core.StandardHostValve.invoke(StandardHostValve.java:135)\\n\\tat org.apache.catalina.valves.ErrorReportValve.invoke(ErrorReportValve.java:92)\\n\\tat org.apache.catalina.core.StandardEngineValve.invoke(StandardEngineValve.java:78)\\n\\tat org.apache.catalina.connector.CoyoteAdapter.service(CoyoteAdapter.java:360)\\n\\tat org.apache.coyote.http11.Http11Processor.service(Http11Processor.java:399)\\n\\tat org.apache.coyote.AbstractProcessorLight.process(AbstractProcessorLight.java:65)\\n\\tat org.apache.coyote.AbstractProtocol$ConnectionHandler.process(AbstractProtocol.java:890)\\n\\tat org.apache.tomcat.util.net.NioEndpoint$SocketProcessor.doRun(NioEndpoint.java:1789)\\n\\tat org.apache.tomcat.util.net.SocketProcessorBase.run(SocketProcessorBase.java:49)\\n\\tat org.apache.tomcat.util.threads.ThreadPoolExecutor.runWorker(ThreadPoolExecutor.java:1191)\\n\\tat org.apache.tomcat.util.threads.ThreadPoolExecutor$Worker.run(ThreadPoolExecutor.java:659)\\n\\tat org.apache.tomcat.util.threads.TaskThread$WrappingRunnable.run(TaskThread.java:61)\\n\\tat java.lang.Thread.run(Thread.java:750)\\n\",\n	\"message\":\"get tx by txId f2c1edca58feb818c92a8f8616af048938d16fbeca6935d736776e0e0b915230 failed\",\n	\"path\":\"/chain/getHistory\"\n}','[{\"description\":\"\",\"key\":\"Content-Type\",\"required\":false,\"type\":\"String\",\"value\":\"multipart/form-data\"},{\"description\":\"\",\"key\":\"Content-Length\",\"required\":false,\"type\":\"String\",\"value\":\"4933\"},{\"description\":\"\",\"key\":\"Date\",\"required\":false,\"type\":\"String\",\"value\":\"Sun, 19 May 2024 15:16:21 GMT\"},{\"description\":\"\",\"key\":\"Connection\",\"required\":false,\"type\":\"String\",\"value\":\"close\"}]',NULL,'2024-05-19 23:16:22'),('446beb72bb7d450ca9593f2168bc4dbb','10c8f3cef4bf4b5096295d9354c1023d','ccf44c48755244bbb945b4d8c9877b63',2,NULL,NULL,NULL,'{\"binaryBody\":\"\",\"formDataBody\":[],\"graphQLBody\":\"\",\"rawBody\":{\"body\":\"{\\\"key\\\":\\\"320506199706024014\\\",\\\"field\\\":\\\"certificate\\\"}\",\"type\":\"JSON\"},\"type\":\"RAW\",\"xwwwFormUrlEncodedBody\":[]}',200,NULL,'[{\"description\":\"\",\"key\":\"Content-Type\",\"required\":false,\"type\":\"String\",\"value\":\"multipart/form-data\"},{\"description\":\"\",\"key\":\"Content-Length\",\"required\":false,\"type\":\"String\",\"value\":\"405\"},{\"description\":\"\",\"key\":\"Date\",\"required\":false,\"type\":\"String\",\"value\":\"Sun, 19 May 2024 15:33:22 GMT\"},{\"description\":\"\",\"key\":\"Keep-Alive\",\"required\":false,\"type\":\"String\",\"value\":\"timeout=60\"},{\"description\":\"\",\"key\":\"Connection\",\"required\":false,\"type\":\"String\",\"value\":\"keep-alive\"}]','{\"binaryBody\":\"\",\"graphQLBody\":\"\",\"rawBody\":{\"body\":\"{\\n\\t\\\"code\\\":1000,\\n\\t\\\"data\\\":\\\"{\\\\\\\"componentList\\\\\\\":[{\\\\\\\"componentId\\\\\\\":\\\\\\\"130926199612161482\\\\\\\"}],\\\\\\\"inspection\\\\\\\":[],\\\\\\\"lastModified\\\\\\\":\\\\\\\"2024-05-19 23:21:59.819\\\\\\\",\\\\\\\"productionDate\\\\\\\":\\\\\\\"2024-05-02 00:00:00\\\\\\\",\\\\\\\"productionDepartment\\\\\\\":\\\\\\\"测试部门2\\\\\\\",\\\\\\\"productionId\\\\\\\":\\\\\\\"320506199706024014\\\\\\\",\\\\\\\"productionModel\\\\\\\":\\\\\\\"测试型号1\\\\\\\",\\\\\\\"state\\\\\\\":\\\\\\\"已退回\\\\\\\",\\\\\\\"version\\\\\\\":\\\\\\\"9fc5606b46c34b10b3063f4c5600e16b\\\\\\\"}\\\",\\n\\t\\\"message\\\":\\\"\\\"\\n}\",\"type\":\"JSON\"},\"type\":\"RAW\"}','2024-05-19 23:33:22'),('4d3a02d26bb3408685ba0e41616e86e7','8cb19229d7084099b2992c96f2f16cbf','4550aa8ee620484dad157d039d8b6909',1,'[{\"description\":\"唯一标识符\",\"key\":\"id\",\"required\":true,\"type\":\"Long\",\"value\":\"gdasffsda\"}]','[{\"description\":\"姓名\",\"key\":\"name\",\"required\":true,\"type\":\"String\",\"value\":\"fasfdsa\"}]','[{\"description\":\"连接方式\",\"key\":\"Connection\",\"required\":false,\"type\":\"String\",\"value\":\"fsafdsafsda\"}]','{\"binaryBody\":null,\"formDataBody\":[],\"graphQLBody\":\"\",\"rawBody\":null,\"type\":\"NONE\",\"xwwwFormUrlEncodedBody\":[]}',200,NULL,'[{\"description\":\"\",\"key\":\"age\",\"required\":false,\"type\":\"String\",\"value\":\"10\"},{\"description\":\"\",\"key\":\"sex\",\"required\":false,\"type\":\"String\",\"value\":\"Male\"},{\"description\":\"\",\"key\":\"Content-Type\",\"required\":false,\"type\":\"String\",\"value\":\"multipart/form-data\"},{\"description\":\"\",\"key\":\"Transfer-Encoding\",\"required\":false,\"type\":\"String\",\"value\":\"chunked\"},{\"description\":\"\",\"key\":\"Date\",\"required\":false,\"type\":\"String\",\"value\":\"Mon, 25 Mar 2024 13:47:13 GMT\"}]','{\"binaryBody\":\"\",\"graphQLBody\":\"\",\"rawBody\":{\"body\":\"\\\"Hello World\\\"\",\"type\":\"TEXT\"},\"type\":\"RAW\"}','2024-03-25 21:47:14'),('518aad90945b4227b114b616fd3bd426','784dd4e4e09a4967928999d03c567a5c','ccf44c48755244bbb945b4d8c9877b63',2,NULL,NULL,NULL,'{\"binaryBody\":\"\",\"formDataBody\":[],\"graphQLBody\":\"\",\"rawBody\":{\"body\":\"{\\\"key\\\":\\\"320506199706024014\\\",\\\"field\\\":\\\"certificate\\\"}\",\"type\":\"JSON\"},\"type\":\"RAW\",\"xwwwFormUrlEncodedBody\":[]}',200,NULL,'[{\"description\":\"\",\"key\":\"Content-Type\",\"required\":false,\"type\":\"String\",\"value\":\"multipart/form-data\"},{\"description\":\"\",\"key\":\"Content-Length\",\"required\":false,\"type\":\"String\",\"value\":\"686\"},{\"description\":\"\",\"key\":\"Date\",\"required\":false,\"type\":\"String\",\"value\":\"Sun, 19 May 2024 15:19:12 GMT\"},{\"description\":\"\",\"key\":\"Keep-Alive\",\"required\":false,\"type\":\"String\",\"value\":\"timeout=60\"},{\"description\":\"\",\"key\":\"Connection\",\"required\":false,\"type\":\"String\",\"value\":\"keep-alive\"}]','{\"binaryBody\":\"\",\"graphQLBody\":\"\",\"rawBody\":{\"body\":\"{\\n\\t\\\"code\\\":1000,\\n\\t\\\"data\\\":\\\"[{\\\\\\\"count\\\\\\\":1,\\\\\\\"key\\\\\\\":\\\\\\\"320506199706024014\\\\\\\",\\\\\\\"field\\\\\\\":\\\\\\\"certificate\\\\\\\",\\\\\\\"value\\\\\\\":\\\\\\\"{\\\\\\\\\\\\\\\"componentList\\\\\\\\\\\\\\\":[],\\\\\\\\\\\\\\\"creationTime\\\\\\\\\\\\\\\":\\\\\\\\\\\\\\\"2024-05-19 23:11:04.382\\\\\\\\\\\\\\\",\\\\\\\\\\\\\\\"inspection\\\\\\\\\\\\\\\":[],\\\\\\\\\\\\\\\"lastModified\\\\\\\\\\\\\\\":\\\\\\\\\\\\\\\"2024-05-19 23:11:04.382\\\\\\\\\\\\\\\",\\\\\\\\\\\\\\\"productionDate\\\\\\\\\\\\\\\":\\\\\\\\\\\\\\\"2024-05-02 00:00:00\\\\\\\\\\\\\\\",\\\\\\\\\\\\\\\"productionDepartment\\\\\\\\\\\\\\\":\\\\\\\\\\\\\\\"测试部门2\\\\\\\\\\\\\\\",\\\\\\\\\\\\\\\"productionId\\\\\\\\\\\\\\\":\\\\\\\\\\\\\\\"320506199706024014\\\\\\\\\\\\\\\",\\\\\\\\\\\\\\\"productionModel\\\\\\\\\\\\\\\":\\\\\\\\\\\\\\\"测试型号1\\\\\\\\\\\\\\\",\\\\\\\\\\\\\\\"state\\\\\\\\\\\\\\\":\\\\\\\\\\\\\\\"已退回\\\\\\\\\\\\\\\",\\\\\\\\\\\\\\\"version\\\\\\\\\\\\\\\":\\\\\\\\\\\\\\\"5280d744e2db4becad83b7e3d9550efd\\\\\\\\\\\\\\\"}\\\\\\\",\\\\\\\"txId\\\\\\\":\\\\\\\"5280d744e2db4becad83b7e3d9550efd\\\\\\\",\\\\\\\"blockHeight\\\\\\\":\\\\\\\"×\\\\\\\",\\\\\\\"isDelete\\\\\\\":false,\\\\\\\"timestamp\\\\\\\":\\\\\\\"1716131464\\\\\\\"}]\\\",\\n\\t\\\"message\\\":\\\"\\\"\\n}\",\"type\":\"JSON\"},\"type\":\"RAW\"}','2024-05-19 23:19:12'),('573e2e0317334d8d80ed120e5fc708a9','10c8f3cef4bf4b5096295d9354c1023d','ccf44c48755244bbb945b4d8c9877b63',2,NULL,NULL,NULL,'{\"binaryBody\":\"\",\"formDataBody\":[],\"graphQLBody\":\"\",\"rawBody\":{\"body\":\"{\\\"key\\\":\\\"R58N60MV001\\\",\\\"field\\\":\\\"certificate\\\"}\",\"type\":\"JSON\"},\"type\":\"RAW\",\"xwwwFormUrlEncodedBody\":[]}',200,NULL,'[{\"description\":\"\",\"key\":\"Content-Type\",\"required\":false,\"type\":\"String\",\"value\":\"multipart/form-data\"},{\"description\":\"\",\"key\":\"Content-Length\",\"required\":false,\"type\":\"String\",\"value\":\"674\"},{\"description\":\"\",\"key\":\"Date\",\"required\":false,\"type\":\"String\",\"value\":\"Sun, 19 May 2024 15:19:28 GMT\"},{\"description\":\"\",\"key\":\"Keep-Alive\",\"required\":false,\"type\":\"String\",\"value\":\"timeout=60\"},{\"description\":\"\",\"key\":\"Connection\",\"required\":false,\"type\":\"String\",\"value\":\"keep-alive\"}]','{\"binaryBody\":\"\",\"graphQLBody\":\"\",\"rawBody\":{\"body\":\"{\\n\\t\\\"code\\\":1000,\\n\\t\\\"data\\\":\\\"{\\\\\\\"componentList\\\\\\\":[{\\\\\\\"componentId\\\\\\\":\\\\\\\"R2178472MX02\\\\\\\"},{\\\\\\\"componentId\\\\\\\":\\\\\\\"S34123214321X\\\\\\\"},{\\\\\\\"componentId\\\\\\\":\\\\\\\"S34BHDS23210\\\\\\\"}],\\\\\\\"inspection\\\\\\\":[{\\\\\\\"standard\\\\\\\":\\\\\\\"Q/LGD001-2000\\\\\\\",\\\\\\\"inspector\\\\\\\":\\\\\\\"JC检03\\\\\\\",\\\\\\\"time\\\\\\\":\\\\\\\"2024-05-01 00:00:02\\\\\\\"},{\\\\\\\"standard\\\\\\\":\\\\\\\"GB6675.1-2014\\\\\\\",\\\\\\\"inspector\\\\\\\":\\\\\\\"JC检04\\\\\\\",\\\\\\\"time\\\\\\\":\\\\\\\"2024-05-06 00:32:00\\\\\\\"}],\\\\\\\"lastModified\\\\\\\":\\\\\\\"2024-05-19 16:10:05.604\\\\\\\",\\\\\\\"productionDate\\\\\\\":\\\\\\\"2024-05-15 00:00:00\\\\\\\",\\\\\\\"productionDepartment\\\\\\\":\\\\\\\"中国航发沈阳黎明航空发动机\\\\\\\",\\\\\\\"productionId\\\\\\\":\\\\\\\"R58N60MV001\\\\\\\",\\\\\\\"productionModel\\\\\\\":\\\\\\\"FWS-10发动机\\\\\\\",\\\\\\\"state\\\\\\\":\\\\\\\"已退回\\\\\\\",\\\\\\\"version\\\\\\\":\\\\\\\"cc98f681befa47a5932b0c3100dd29dc\\\\\\\"}\\\",\\n\\t\\\"message\\\":\\\"\\\"\\n}\",\"type\":\"JSON\"},\"type\":\"RAW\"}','2024-05-19 23:19:28'),('589aeded57c74faf903a181d39debc8c','813087591a014d17ac8d10b8069b9d06','ccf44c48755244bbb945b4d8c9877b63',1,'[]','[]','[]','{\"binaryBody\":\"\",\"formDataBody\":[],\"graphQLBody\":\"\",\"rawBody\":{\"body\":\"{\\n    \\\"productionId\\\": \\\"R58N60MVXXX\\\",\\n    \\\"productionModel\\\": \\\"FWS-10发动机\\\",\\n    \\\"productionDepartmentId\\\": \\\"中国航发公司\\\",\\n    \\\"productionDate\\\": \\\"2024-03-01\\\",\\n    \\\"inspectionStandard\\\": \\n        [\\n            \\\"Q/LGD001-2000\\\", \\n            \\\"GB6675.1-2014\\\"\\n        ]\\n    ,\\n    \\\"inspectorId\\\": \\\"JC检03\\\",\\n    \\\"state\\\": \\\"已交付\\\",\\n    \\\"componentList\\\": [\\n        \\\"R56N60MVXXX\\\",\\n        \\\"R56N60MVXXX\\\",\\n        \\\"T01X33MVXXY\\\"\\n    ],\\n}\",\"type\":\"JSON\"},\"type\":\"RAW\",\"xwwwFormUrlEncodedBody\":[]}',200,NULL,'[{\"description\":\"\",\"key\":\"Content-Type\",\"required\":false,\"type\":\"String\",\"value\":\"multipart/form-data\"},{\"description\":\"\",\"key\":\"Content-Length\",\"required\":false,\"type\":\"String\",\"value\":\"45\"},{\"description\":\"\",\"key\":\"Date\",\"required\":false,\"type\":\"String\",\"value\":\"Fri, 17 May 2024 09:51:38 GMT\"},{\"description\":\"\",\"key\":\"Keep-Alive\",\"required\":false,\"type\":\"String\",\"value\":\"timeout=60\"},{\"description\":\"\",\"key\":\"Connection\",\"required\":false,\"type\":\"String\",\"value\":\"keep-alive\"}]','{\"binaryBody\":\"\",\"graphQLBody\":\"\",\"rawBody\":{\"body\":\"{\\n\\t\\\"code\\\":1000,\\n\\t\\\"data\\\":true,\\n\\t\\\"message\\\":\\\"\\\"\\n}\",\"type\":\"JSON\"},\"type\":\"RAW\"}','2024-05-17 17:51:38'),('58a42c3e54ed4a069e62162f66ee53db','9e44de0fc2e140a498f1e6b83926d2c7','ccf44c48755244bbb945b4d8c9877b63',1,'[]','[]','[]','{\"binaryBody\":\"\",\"formDataBody\":[],\"graphQLBody\":\"\",\"rawBody\":{\"body\":\"{\\n    \\\"productionId\\\": \\\"R58N60MVXXX\\\",\\n    \\\"version\\\": \\\"@latest\\\"\\n}\",\"type\":\"JSON\"},\"type\":\"RAW\",\"xwwwFormUrlEncodedBody\":[]}',500,'{\n	\"timestamp\":\"2024-05-17 20:42:32\",\n	\"status\":500,\n	\"error\":\"Internal Server Error\",\n	\"trace\":\"org.chainmaker.sdk.ChainClientException: txStatusCode:4, resultCode:1, contractName[CHAIN_QUERY] method[GET_TX_BY_TX_ID] txType[QUERY_CONTRACT], no such transaction, chainId:test\\n\\tat org.chainmaker.sdk.ChainClient.checkProposalRequestResp(ChainClient.java:2691)\\n\\tat org.chainmaker.sdk.ChainClient.getTxWithRWSetByTxId(ChainClient.java:515)\\n\\tat com.hawkeye.service.impl.ChainServiceImpl.getState(ChainServiceImpl.java:58)\\n\\tat com.hawkeye.service.impl.CertificateServiceImpl.detail(CertificateServiceImpl.java:57)\\n\\tat com.hawkeye.controller.CertificateController.certificateInfoDetail(CertificateController.java:45)\\n\\tat sun.reflect.NativeMethodAccessorImpl.invoke0(Native Method)\\n\\tat sun.reflect.NativeMethodAccessorImpl.invoke(NativeMethodAccessorImpl.java:62)\\n\\tat sun.reflect.DelegatingMethodAccessorImpl.invoke(DelegatingMethodAccessorImpl.java:43)\\n\\tat java.lang.reflect.Method.invoke(Method.java:498)\\n\\tat org.springframework.web.method.support.InvocableHandlerMethod.doInvoke(InvocableHandlerMethod.java:205)\\n\\tat org.springframework.web.method.support.InvocableHandlerMethod.invokeForRequest(InvocableHandlerMethod.java:150)\\n\\tat org.springframework.web.servlet.mvc.method.annotation.ServletInvocableHandlerMethod.invokeAndHandle(ServletInvocableHandlerMethod.java:117)\\n\\tat org.springframework.web.servlet.mvc.method.annotation.RequestMappingHandlerAdapter.invokeHandlerMethod(RequestMappingHandlerAdapter.java:895)\\n\\tat org.springframework.web.servlet.mvc.method.annotation.RequestMappingHandlerAdapter.handleInternal(RequestMappingHandlerAdapter.java:808)\\n\\tat org.springframework.web.servlet.mvc.method.AbstractHandlerMethodAdapter.handle(AbstractHandlerMethodAdapter.java:87)\\n\\tat org.springframework.web.servlet.DispatcherServlet.doDispatch(DispatcherServlet.java:1070)\\n\\tat org.springframework.web.servlet.DispatcherServlet.doService(DispatcherServlet.java:963)\\n\\tat org.springframework.web.servlet.FrameworkServlet.processRequest(FrameworkServlet.java:1006)\\n\\tat org.springframework.web.servlet.FrameworkServlet.doPost(FrameworkServlet.java:909)\\n\\tat javax.servlet.http.HttpServlet.service(HttpServlet.java:681)\\n\\tat org.springframework.web.servlet.FrameworkServlet.service(FrameworkServlet.java:883)\\n\\tat javax.servlet.http.HttpServlet.service(HttpServlet.java:764)\\n\\tat org.apache.catalina.core.ApplicationFilterChain.internalDoFilter(ApplicationFilterChain.java:227)\\n\\tat org.apache.catalina.core.ApplicationFilterChain.doFilter(ApplicationFilterChain.java:162)\\n\\tat org.apache.tomcat.websocket.server.WsFilter.doFilter(WsFilter.java:53)\\n\\tat org.apache.catalina.core.ApplicationFilterChain.internalDoFilter(ApplicationFilterChain.java:189)\\n\\tat org.apache.catalina.core.ApplicationFilterChain.doFilter(ApplicationFilterChain.java:162)\\n\\tat cn.dev33.satoken.filter.SaPathCheckFilterForServlet.doFilter(SaPathCheckFilterForServlet.java:55)\\n\\tat org.apache.catalina.core.ApplicationFilterChain.internalDoFilter(ApplicationFilterChain.java:189)\\n\\tat org.apache.catalina.core.ApplicationFilterChain.doFilter(ApplicationFilterChain.java:162)\\n\\tat org.springframework.web.filter.CharacterEncodingFilter.doFilterInternal(CharacterEncodingFilter.java:201)\\n\\tat org.springframework.web.filter.OncePerRequestFilter.doFilter(OncePerRequestFilter.java:117)\\n\\tat org.apache.catalina.core.ApplicationFilterChain.internalDoFilter(ApplicationFilterChain.java:189)\\n\\tat org.apache.catalina.core.ApplicationFilterChain.doFilter(ApplicationFilterChain.java:162)\\n\\tat org.apache.catalina.core.StandardWrapperValve.invoke(StandardWrapperValve.java:197)\\n\\tat org.apache.catalina.core.StandardContextValve.invoke(StandardContextValve.java:97)\\n\\tat org.apache.catalina.authenticator.AuthenticatorBase.invoke(AuthenticatorBase.java:541)\\n\\tat org.apache.catalina.core.StandardHostValve.invoke(StandardHostValve.java:135)\\n\\tat org.apache.catalina.valves.ErrorReportValve.invoke(ErrorReportValve.java:92)\\n\\tat org.apache.catalina.core.StandardEngineValve.invoke(StandardEngineValve.java:78)\\n\\tat org.apache.catalina.connector.CoyoteAdapter.service(CoyoteAdapter.java:360)\\n\\tat org.apache.coyote.http11.Http11Processor.service(Http11Processor.java:399)\\n\\tat org.apache.coyote.AbstractProcessorLight.process(AbstractProcessorLight.java:65)\\n\\tat org.apache.coyote.AbstractProtocol$ConnectionHandler.process(AbstractProtocol.java:890)\\n\\tat org.apache.tomcat.util.net.NioEndpoint$SocketProcessor.doRun(NioEndpoint.java:1789)\\n\\tat org.apache.tomcat.util.net.SocketProcessorBase.run(SocketProcessorBase.java:49)\\n\\tat org.apache.tomcat.util.threads.ThreadPoolExecutor.runWorker(ThreadPoolExecutor.java:1191)\\n\\tat org.apache.tomcat.util.threads.ThreadPoolExecutor$Worker.run(ThreadPoolExecutor.java:659)\\n\\tat org.apache.tomcat.util.threads.TaskThread$WrappingRunnable.run(TaskThread.java:61)\\n\\tat java.lang.Thread.run(Thread.java:750)\\n\",\n	\"message\":\"txStatusCode:4, resultCode:1, contractName[CHAIN_QUERY] method[GET_TX_BY_TX_ID] txType[QUERY_CONTRACT], no such transaction, chainId:test\",\n	\"path\":\"/certificate/detail\"\n}','[{\"description\":\"\",\"key\":\"Content-Type\",\"required\":false,\"type\":\"String\",\"value\":\"multipart/form-data\"},{\"description\":\"\",\"key\":\"Content-Length\",\"required\":false,\"type\":\"String\",\"value\":\"5165\"},{\"description\":\"\",\"key\":\"Date\",\"required\":false,\"type\":\"String\",\"value\":\"Fri, 17 May 2024 12:42:32 GMT\"},{\"description\":\"\",\"key\":\"Connection\",\"required\":false,\"type\":\"String\",\"value\":\"close\"}]',NULL,'2024-05-17 20:42:32'),('5a163985db1d4eb8ba27810a6a78e289','0f471fb2015a414c946c775c319810ad','ccf44c48755244bbb945b4d8c9877b63',2,NULL,NULL,NULL,NULL,200,NULL,'[{\"description\":\"\",\"key\":\"Cache-Control\",\"required\":false,\"type\":\"String\",\"value\":\"private, no-cache, no-store, proxy-revalidate, no-transform\"},{\"description\":\"\",\"key\":\"Connection\",\"required\":false,\"type\":\"String\",\"value\":\"keep-alive\"},{\"description\":\"\",\"key\":\"Content-Type\",\"required\":false,\"type\":\"String\",\"value\":\"text/html\"},{\"description\":\"\",\"key\":\"Date\",\"required\":false,\"type\":\"String\",\"value\":\"Sun, 19 May 2024 13:20:00 GMT\"},{\"description\":\"\",\"key\":\"Last-Modified\",\"required\":false,\"type\":\"String\",\"value\":\"Mon, 23 Jan 2017 13:27:36 GMT\"},{\"description\":\"\",\"key\":\"Pragma\",\"required\":false,\"type\":\"String\",\"value\":\"no-cache\"},{\"description\":\"\",\"key\":\"Server\",\"required\":false,\"type\":\"String\",\"value\":\"bfe/1.0.8.18\"},{\"description\":\"\",\"key\":\"Set-Cookie\",\"required\":false,\"type\":\"String\",\"value\":\"BDORZ=27315; max-age=86400; domain=.baidu.com; path=/\"},{\"description\":\"\",\"key\":\"Transfer-Encoding\",\"required\":false,\"type\":\"String\",\"value\":\"chunked\"}]','{\"binaryBody\":\"\",\"graphQLBody\":\"\",\"rawBody\":{\"body\":\"<!DOCTYPE html>\\r\\n<!--STATUS OK--><html> <head><meta http-equiv=content-type content=text/html;charset=utf-8><meta http-equiv=X-UA-Compatible content=IE=Edge><meta content=always name=referrer><link rel=stylesheet type=text/css href=http://s1.bdstatic.com/r/www/cache/bdorz/baidu.min.css><title>百度一下，你就知道</title></head> <body link=#0000cc> <div id=wrapper> <div id=head> <div class=head_wrapper> <div class=s_form> <div class=s_form_wrapper> <div id=lg> <img hidefocus=true src=//www.baidu.com/img/bd_logo1.png width=270 height=129> </div> <form id=form name=f action=//www.baidu.com/s class=fm> <input type=hidden name=bdorz_come value=1> <input type=hidden name=ie value=utf-8> <input type=hidden name=f value=8> <input type=hidden name=rsv_bp value=1> <input type=hidden name=rsv_idx value=1> <input type=hidden name=tn value=baidu><span class=\\\"bg s_ipt_wr\\\"><input id=kw name=wd class=s_ipt value maxlength=255 autocomplete=off autofocus></span><span class=\\\"bg s_btn_wr\\\"><input type=submit id=su value=百度一下 class=\\\"bg s_btn\\\"></span> </form> </div> </div> <div id=u1> <a href=http://news.baidu.com name=tj_trnews class=mnav>新闻</a> <a href=http://www.hao123.com name=tj_trhao123 class=mnav>hao123</a> <a href=http://map.baidu.com name=tj_trmap class=mnav>地图</a> <a href=http://v.baidu.com name=tj_trvideo class=mnav>视频</a> <a href=http://tieba.baidu.com name=tj_trtieba class=mnav>贴吧</a> <noscript> <a href=http://www.baidu.com/bdorz/login.gif?login&amp;tpl=mn&amp;u=http%3A%2F%2Fwww.baidu.com%2f%3fbdorz_come%3d1 name=tj_login class=lb>登录</a> </noscript> <script>document.write(\'<a href=\\\"http://www.baidu.com/bdorz/login.gif?login&tpl=mn&u=\'+ encodeURIComponent(window.location.href+ (window.location.search === \\\"\\\" ? \\\"?\\\" : \\\"&\\\")+ \\\"bdorz_come=1\\\")+ \'\\\" name=\\\"tj_login\\\" class=\\\"lb\\\">登录</a>\');</script> <a href=//www.baidu.com/more/ name=tj_briicon class=bri style=\\\"display: block;\\\">更多产品</a> </div> </div> </div> <div id=ftCon> <div id=ftConw> <p id=lh> <a href=http://home.baidu.com>关于百度</a> <a href=http://ir.baidu.com>About Baidu</a> </p> <p id=cp>&copy;2017&nbsp;Baidu&nbsp;<a href=http://www.baidu.com/duty/>使用百度前必读</a>&nbsp; <a href=http://jianyi.baidu.com/ class=cp-feedback>意见反馈</a>&nbsp;京ICP证030173号&nbsp; <img src=//www.baidu.com/img/gs.gif> </p> </div> </div> </div> </body> </html>\\r\\n\",\"type\":\"HTML\"},\"type\":\"RAW\"}','2024-05-19 21:20:00'),('5bfeef352a7f4e57a42327efd97e8be9','8cb19229d7084099b2992c96f2f16cbf','4550aa8ee620484dad157d039d8b6909',1,'[{\"description\":\"唯一标识符\",\"key\":\"id\",\"required\":true,\"type\":\"Long\",\"value\":\"割发代首割发代首\"}]','[{\"description\":\"姓名\",\"key\":\"name\",\"required\":true,\"type\":\"String\",\"value\":\"gfsgdfs\"}]','[{\"description\":\"连接方式\",\"key\":\"Connection\",\"required\":false,\"type\":\"String\",\"value\":\"gsdgfds\"}]','{\"binaryBody\":\"\",\"formDataBody\":[],\"graphQLBody\":\"\",\"rawBody\":null,\"type\":\"NONE\",\"xwwwFormUrlEncodedBody\":[]}',200,NULL,'[{\"description\":\"\",\"key\":\"age\",\"required\":false,\"type\":\"String\",\"value\":\"10\"},{\"description\":\"\",\"key\":\"sex\",\"required\":false,\"type\":\"String\",\"value\":\"Male\"},{\"description\":\"\",\"key\":\"Content-Type\",\"required\":false,\"type\":\"String\",\"value\":\"multipart/form-data\"},{\"description\":\"\",\"key\":\"Transfer-Encoding\",\"required\":false,\"type\":\"String\",\"value\":\"chunked\"},{\"description\":\"\",\"key\":\"Date\",\"required\":false,\"type\":\"String\",\"value\":\"Wed, 27 Mar 2024 13:25:47 GMT\"}]','{\"binaryBody\":\"\",\"graphQLBody\":\"\",\"rawBody\":{\"body\":\"\\\"Hello World\\\"\",\"type\":\"TEXT\"},\"type\":\"RAW\"}','2024-03-27 21:25:47'),('5cf5a5a0499c478ab96c7d7262620131','10c8f3cef4bf4b5096295d9354c1023d','ccf44c48755244bbb945b4d8c9877b63',2,NULL,NULL,NULL,'{\"binaryBody\":\"\",\"formDataBody\":[],\"graphQLBody\":\"\",\"rawBody\":{\"body\":\"{\\\"key\\\":\\\"320506199706024014\\\",\\\"field\\\":\\\"certificate\\\"}\",\"type\":\"JSON\"},\"type\":\"RAW\",\"xwwwFormUrlEncodedBody\":[]}',200,NULL,'[{\"description\":\"\",\"key\":\"Content-Type\",\"required\":false,\"type\":\"String\",\"value\":\"multipart/form-data\"},{\"description\":\"\",\"key\":\"Content-Length\",\"required\":false,\"type\":\"String\",\"value\":\"410\"},{\"description\":\"\",\"key\":\"Date\",\"required\":false,\"type\":\"String\",\"value\":\"Sun, 19 May 2024 15:19:12 GMT\"},{\"description\":\"\",\"key\":\"Keep-Alive\",\"required\":false,\"type\":\"String\",\"value\":\"timeout=60\"},{\"description\":\"\",\"key\":\"Connection\",\"required\":false,\"type\":\"String\",\"value\":\"keep-alive\"}]','{\"binaryBody\":\"\",\"graphQLBody\":\"\",\"rawBody\":{\"body\":\"{\\n\\t\\\"code\\\":1000,\\n\\t\\\"data\\\":\\\"{\\\\\\\"componentList\\\\\\\":[],\\\\\\\"creationTime\\\\\\\":\\\\\\\"2024-05-19 23:11:04.382\\\\\\\",\\\\\\\"inspection\\\\\\\":[],\\\\\\\"lastModified\\\\\\\":\\\\\\\"2024-05-19 23:11:04.382\\\\\\\",\\\\\\\"productionDate\\\\\\\":\\\\\\\"2024-05-02 00:00:00\\\\\\\",\\\\\\\"productionDepartment\\\\\\\":\\\\\\\"测试部门2\\\\\\\",\\\\\\\"productionId\\\\\\\":\\\\\\\"320506199706024014\\\\\\\",\\\\\\\"productionModel\\\\\\\":\\\\\\\"测试型号1\\\\\\\",\\\\\\\"state\\\\\\\":\\\\\\\"已退回\\\\\\\",\\\\\\\"version\\\\\\\":\\\\\\\"5280d744e2db4becad83b7e3d9550efd\\\\\\\"}\\\",\\n\\t\\\"message\\\":\\\"\\\"\\n}\",\"type\":\"JSON\"},\"type\":\"RAW\"}','2024-05-19 23:19:12'),('5d3dfa1443964239be04fcbad2d93bd0','10c8f3cef4bf4b5096295d9354c1023d','ccf44c48755244bbb945b4d8c9877b63',2,NULL,NULL,NULL,'{\"binaryBody\":\"\",\"formDataBody\":[],\"graphQLBody\":\"\",\"rawBody\":{\"body\":\"{\\\"key\\\":\\\"R58N60MV001\\\",\\\"field\\\":\\\"certificate\\\"}\",\"type\":\"JSON\"},\"type\":\"RAW\",\"xwwwFormUrlEncodedBody\":[]}',200,NULL,'[{\"description\":\"\",\"key\":\"Vary\",\"required\":false,\"type\":\"String\",\"value\":\"Access-Control-Request-Headers\"},{\"description\":\"\",\"key\":\"Content-Type\",\"required\":false,\"type\":\"String\",\"value\":\"multipart/form-data\"},{\"description\":\"\",\"key\":\"Content-Length\",\"required\":false,\"type\":\"String\",\"value\":\"674\"},{\"description\":\"\",\"key\":\"Date\",\"required\":false,\"type\":\"String\",\"value\":\"Sun, 19 May 2024 14:14:49 GMT\"},{\"description\":\"\",\"key\":\"Keep-Alive\",\"required\":false,\"type\":\"String\",\"value\":\"timeout=60\"},{\"description\":\"\",\"key\":\"Connection\",\"required\":false,\"type\":\"String\",\"value\":\"keep-alive\"}]','{\"binaryBody\":\"\",\"graphQLBody\":\"\",\"rawBody\":{\"body\":\"{\\n\\t\\\"code\\\":1000,\\n\\t\\\"data\\\":\\\"{\\\\\\\"componentList\\\\\\\":[{\\\\\\\"componentId\\\\\\\":\\\\\\\"R2178472MX02\\\\\\\"},{\\\\\\\"componentId\\\\\\\":\\\\\\\"S34123214321X\\\\\\\"},{\\\\\\\"componentId\\\\\\\":\\\\\\\"S34BHDS23210\\\\\\\"}],\\\\\\\"inspection\\\\\\\":[{\\\\\\\"standard\\\\\\\":\\\\\\\"Q/LGD001-2000\\\\\\\",\\\\\\\"inspector\\\\\\\":\\\\\\\"JC检03\\\\\\\",\\\\\\\"time\\\\\\\":\\\\\\\"2024-05-01 00:00:02\\\\\\\"},{\\\\\\\"standard\\\\\\\":\\\\\\\"GB6675.1-2014\\\\\\\",\\\\\\\"inspector\\\\\\\":\\\\\\\"JC检04\\\\\\\",\\\\\\\"time\\\\\\\":\\\\\\\"2024-05-06 00:32:00\\\\\\\"}],\\\\\\\"lastModified\\\\\\\":\\\\\\\"2024-05-19 16:10:05.604\\\\\\\",\\\\\\\"productionDate\\\\\\\":\\\\\\\"2024-05-15 00:00:00\\\\\\\",\\\\\\\"productionDepartment\\\\\\\":\\\\\\\"中国航发沈阳黎明航空发动机\\\\\\\",\\\\\\\"productionId\\\\\\\":\\\\\\\"R58N60MV001\\\\\\\",\\\\\\\"productionModel\\\\\\\":\\\\\\\"FWS-10发动机\\\\\\\",\\\\\\\"state\\\\\\\":\\\\\\\"已退回\\\\\\\",\\\\\\\"version\\\\\\\":\\\\\\\"cc98f681befa47a5932b0c3100dd29dc\\\\\\\"}\\\",\\n\\t\\\"message\\\":\\\"\\\"\\n}\",\"type\":\"JSON\"},\"type\":\"RAW\"}','2024-05-19 22:14:49'),('5f899fd3648d4f119761dfa9c4716279','9e44de0fc2e140a498f1e6b83926d2c7','ccf44c48755244bbb945b4d8c9877b63',1,'[]','[]','[]','{\"binaryBody\":\"\",\"formDataBody\":[],\"graphQLBody\":\"\",\"rawBody\":{\"body\":\"{\\n    \\\"productionId\\\": \\\"R58N60MVXXX\\\",\\n    \\\"version\\\": \\\"@latest\\\"\\n}\",\"type\":\"JSON\"},\"type\":\"RAW\",\"xwwwFormUrlEncodedBody\":[]}',200,NULL,'[{\"description\":\"\",\"key\":\"Content-Type\",\"required\":false,\"type\":\"String\",\"value\":\"multipart/form-data\"},{\"description\":\"\",\"key\":\"Content-Length\",\"required\":false,\"type\":\"String\",\"value\":\"422\"},{\"description\":\"\",\"key\":\"Date\",\"required\":false,\"type\":\"String\",\"value\":\"Fri, 17 May 2024 12:44:45 GMT\"},{\"description\":\"\",\"key\":\"Keep-Alive\",\"required\":false,\"type\":\"String\",\"value\":\"timeout=60\"},{\"description\":\"\",\"key\":\"Connection\",\"required\":false,\"type\":\"String\",\"value\":\"keep-alive\"}]','{\"binaryBody\":\"\",\"graphQLBody\":\"\",\"rawBody\":{\"body\":\"{\\n\\t\\\"code\\\":1000,\\n\\t\\\"data\\\":{\\n\\t\\t\\\"componentList\\\":[\\n\\t\\t\\t\\\"R56N60MVXXX\\\",\\n\\t\\t\\t\\\"R56N60MVXXX\\\",\\n\\t\\t\\t\\\"T01X33MVXXY\\\"\\n\\t\\t],\\n\\t\\t\\\"inspectionStandard\\\":[\\n\\t\\t\\t\\\"Q/LGD001-2000\\\",\\n\\t\\t\\t\\\"GB6675.1-2014\\\"\\n\\t\\t],\\n\\t\\t\\\"inspector\\\":\\\"\\\",\\n\\t\\t\\\"productionDate\\\":\\\"2024-03-01 00:00:00\\\",\\n\\t\\t\\\"productionDepartment\\\":\\\"\\\",\\n\\t\\t\\\"productionId\\\":\\\"R58N60MVXXX\\\",\\n\\t\\t\\\"productionModel\\\":\\\"FWS-10发动机\\\",\\n\\t\\t\\\"state\\\":\\\"已交付\\\",\\n\\t\\t\\\"version\\\":\\\"3b3f1f52f7fe4fe285d4a9acc11455f1\\\"\\n\\t},\\n\\t\\\"message\\\":\\\"\\\"\\n}\",\"type\":\"JSON\"},\"type\":\"RAW\"}','2024-05-17 20:44:45'),('5fea9ef4e13b47d0a94eb3d5fef1c64c','813087591a014d17ac8d10b8069b9d06','ccf44c48755244bbb945b4d8c9877b63',1,'[]','[]','[]','{\"binaryBody\":\"\",\"formDataBody\":[],\"graphQLBody\":\"\",\"rawBody\":{\"body\":\"{\\n    \\\"productionId\\\": \\\"R58N60MVXXX\\\",\\n    \\\"productionModel\\\": \\\"FWS-10发动机\\\",\\n    \\\"productionDepartmentId\\\": \\\"中国航发公司\\\",\\n    \\\"productionDate\\\": \\\"2024-03-01\\\",\\n    \\\"inspectionStandard\\\": \\n        [\\n            \\\"Q/LGD001-2000\\\", \\n            \\\"GB6675.1-2014\\\"\\n        ]\\n    ,\\n    \\\"inspectorId\\\": \\\"JC检03\\\",\\n    \\\"state\\\": \\\"已交付\\\",\\n    \\\"componentList\\\": [\\n        \\\"R56N60MVXXX\\\",\\n        \\\"R56N60MVXXX\\\",\\n        \\\"T01X33MVXXY\\\"\\n    ],\\n}\",\"type\":\"JSON\"},\"type\":\"RAW\",\"xwwwFormUrlEncodedBody\":[]}',500,'{\n	\"timestamp\":\"2024-05-17 20:21:41\",\n	\"status\":500,\n	\"error\":\"Internal Server Error\",\n	\"trace\":\"org.chainmaker.sdk.ChainClientException: get tx by txId d9d81392fe2545e28130f4506aca459f failed\\n\\tat org.chainmaker.sdk.ChainClient.sendContractRequest(ChainClient.java:2516)\\n\\tat org.chainmaker.sdk.ChainClient.invokeContract(ChainClient.java:424)\\n\\tat com.hawkeye.service.impl.ChainServiceImpl.putState(ChainServiceImpl.java:38)\\n\\tat com.hawkeye.service.impl.CertificateServiceImpl.generate(CertificateServiceImpl.java:35)\\n\\tat com.hawkeye.controller.CertificateController.generateCertificate(CertificateController.java:34)\\n\\tat sun.reflect.NativeMethodAccessorImpl.invoke0(Native Method)\\n\\tat sun.reflect.NativeMethodAccessorImpl.invoke(NativeMethodAccessorImpl.java:62)\\n\\tat sun.reflect.DelegatingMethodAccessorImpl.invoke(DelegatingMethodAccessorImpl.java:43)\\n\\tat java.lang.reflect.Method.invoke(Method.java:498)\\n\\tat org.springframework.web.method.support.InvocableHandlerMethod.doInvoke(InvocableHandlerMethod.java:205)\\n\\tat org.springframework.web.method.support.InvocableHandlerMethod.invokeForRequest(InvocableHandlerMethod.java:150)\\n\\tat org.springframework.web.servlet.mvc.method.annotation.ServletInvocableHandlerMethod.invokeAndHandle(ServletInvocableHandlerMethod.java:117)\\n\\tat org.springframework.web.servlet.mvc.method.annotation.RequestMappingHandlerAdapter.invokeHandlerMethod(RequestMappingHandlerAdapter.java:895)\\n\\tat org.springframework.web.servlet.mvc.method.annotation.RequestMappingHandlerAdapter.handleInternal(RequestMappingHandlerAdapter.java:808)\\n\\tat org.springframework.web.servlet.mvc.method.AbstractHandlerMethodAdapter.handle(AbstractHandlerMethodAdapter.java:87)\\n\\tat org.springframework.web.servlet.DispatcherServlet.doDispatch(DispatcherServlet.java:1070)\\n\\tat org.springframework.web.servlet.DispatcherServlet.doService(DispatcherServlet.java:963)\\n\\tat org.springframework.web.servlet.FrameworkServlet.processRequest(FrameworkServlet.java:1006)\\n\\tat org.springframework.web.servlet.FrameworkServlet.doPost(FrameworkServlet.java:909)\\n\\tat javax.servlet.http.HttpServlet.service(HttpServlet.java:681)\\n\\tat org.springframework.web.servlet.FrameworkServlet.service(FrameworkServlet.java:883)\\n\\tat javax.servlet.http.HttpServlet.service(HttpServlet.java:764)\\n\\tat org.apache.catalina.core.ApplicationFilterChain.internalDoFilter(ApplicationFilterChain.java:227)\\n\\tat org.apache.catalina.core.ApplicationFilterChain.doFilter(ApplicationFilterChain.java:162)\\n\\tat org.apache.tomcat.websocket.server.WsFilter.doFilter(WsFilter.java:53)\\n\\tat org.apache.catalina.core.ApplicationFilterChain.internalDoFilter(ApplicationFilterChain.java:189)\\n\\tat org.apache.catalina.core.ApplicationFilterChain.doFilter(ApplicationFilterChain.java:162)\\n\\tat cn.dev33.satoken.filter.SaPathCheckFilterForServlet.doFilter(SaPathCheckFilterForServlet.java:55)\\n\\tat org.apache.catalina.core.ApplicationFilterChain.internalDoFilter(ApplicationFilterChain.java:189)\\n\\tat org.apache.catalina.core.ApplicationFilterChain.doFilter(ApplicationFilterChain.java:162)\\n\\tat org.springframework.web.filter.CharacterEncodingFilter.doFilterInternal(CharacterEncodingFilter.java:201)\\n\\tat org.springframework.web.filter.OncePerRequestFilter.doFilter(OncePerRequestFilter.java:117)\\n\\tat org.apache.catalina.core.ApplicationFilterChain.internalDoFilter(ApplicationFilterChain.java:189)\\n\\tat org.apache.catalina.core.ApplicationFilterChain.doFilter(ApplicationFilterChain.java:162)\\n\\tat org.apache.catalina.core.StandardWrapperValve.invoke(StandardWrapperValve.java:197)\\n\\tat org.apache.catalina.core.StandardContextValve.invoke(StandardContextValve.java:97)\\n\\tat org.apache.catalina.authenticator.AuthenticatorBase.invoke(AuthenticatorBase.java:541)\\n\\tat org.apache.catalina.core.StandardHostValve.invoke(StandardHostValve.java:135)\\n\\tat org.apache.catalina.valves.ErrorReportValve.invoke(ErrorReportValve.java:92)\\n\\tat org.apache.catalina.core.StandardEngineValve.invoke(StandardEngineValve.java:78)\\n\\tat org.apache.catalina.connector.CoyoteAdapter.service(CoyoteAdapter.java:360)\\n\\tat org.apache.coyote.http11.Http11Processor.service(Http11Processor.java:399)\\n\\tat org.apache.coyote.AbstractProcessorLight.process(AbstractProcessorLight.java:65)\\n\\tat org.apache.coyote.AbstractProtocol$ConnectionHandler.process(AbstractProtocol.java:890)\\n\\tat org.apache.tomcat.util.net.NioEndpoint$SocketProcessor.doRun(NioEndpoint.java:1789)\\n\\tat org.apache.tomcat.util.net.SocketProcessorBase.run(SocketProcessorBase.java:49)\\n\\tat org.apache.tomcat.util.threads.ThreadPoolExecutor.runWorker(ThreadPoolExecutor.java:1191)\\n\\tat org.apache.tomcat.util.threads.ThreadPoolExecutor$Worker.run(ThreadPoolExecutor.java:659)\\n\\tat org.apache.tomcat.util.threads.TaskThread$WrappingRunnable.run(TaskThread.java:61)\\n\\tat java.lang.Thread.run(Thread.java:750)\\n\",\n	\"message\":\"get tx by txId d9d81392fe2545e28130f4506aca459f failed\",\n	\"path\":\"/certificate/generate\"\n}','[{\"description\":\"\",\"key\":\"Content-Type\",\"required\":false,\"type\":\"String\",\"value\":\"multipart/form-data\"},{\"description\":\"\",\"key\":\"Content-Length\",\"required\":false,\"type\":\"String\",\"value\":\"4990\"},{\"description\":\"\",\"key\":\"Date\",\"required\":false,\"type\":\"String\",\"value\":\"Fri, 17 May 2024 12:21:41 GMT\"},{\"description\":\"\",\"key\":\"Connection\",\"required\":false,\"type\":\"String\",\"value\":\"close\"}]',NULL,'2024-05-17 20:21:41'),('5ff8dfd9df1045d792138bdb89a4748e','f088170643284199b89d5f45f9b557df','4550aa8ee620484dad157d039d8b6909',1,'[]','[]','[]','{\"binaryBody\":null,\"formDataBody\":[],\"graphQLBody\":\"\",\"rawBody\":null,\"type\":\"X_WWW_FORM_URLENCODED\",\"xwwwFormUrlEncodedBody\":[{\"description\":\"用户名\",\"key\":\"username\",\"required\":true,\"type\":\"String\",\"value\":\"fhdsaklhk\"},{\"description\":\"密码\",\"key\":\"password\",\"required\":true,\"type\":\"String\",\"value\":\"fdafdsafdsa\"}]}',401,'{\n	\"cause\":null,\n	\"localizedMessage\":\"fdsahjfhsdajklfhklsda\",\n	\"message\":\"fdsahjfhsdajklfhklsda\",\n	\"stackTrace\":[\n		{\n			\"fileName\":\"TestController.java\",\n			\"lineNumber\":62,\n			\"className\":\"com.hawkeye.controller.TestController\",\n			\"methodName\":\"testPostXwwwFormUrlencoded\"\n		},\n		{\n			\"fileName\":\"DirectMethodHandleAccessor.java\",\n			\"lineNumber\":103,\n			\"className\":\"jdk.internal.reflect.DirectMethodHandleAccessor\",\n			\"methodName\":\"invoke\"\n		},\n		{\n			\"fileName\":\"Method.java\",\n			\"lineNumber\":580,\n			\"className\":\"java.lang.reflect.Method\",\n			\"methodName\":\"invoke\"\n		},\n		{\n			\"fileName\":\"InvocableHandlerMethod.java\",\n			\"lineNumber\":205,\n			\"className\":\"org.springframework.web.method.support.InvocableHandlerMethod\",\n			\"methodName\":\"doInvoke\"\n		},\n		{\n			\"fileName\":\"InvocableHandlerMethod.java\",\n			\"lineNumber\":150,\n			\"className\":\"org.springframework.web.method.support.InvocableHandlerMethod\",\n			\"methodName\":\"invokeForRequest\"\n		},\n		{\n			\"fileName\":\"ServletInvocableHandlerMethod.java\",\n			\"lineNumber\":117,\n			\"className\":\"org.springframework.web.servlet.mvc.method.annotation.ServletInvocableHandlerMethod\",\n			\"methodName\":\"invokeAndHandle\"\n		},\n		{\n			\"fileName\":\"RequestMappingHandlerAdapter.java\",\n			\"lineNumber\":895,\n			\"className\":\"org.springframework.web.servlet.mvc.method.annotation.RequestMappingHandlerAdapter\",\n			\"methodName\":\"invokeHandlerMethod\"\n		},\n		{\n			\"fileName\":\"RequestMappingHandlerAdapter.java\",\n			\"lineNumber\":808,\n			\"className\":\"org.springframework.web.servlet.mvc.method.annotation.RequestMappingHandlerAdapter\",\n			\"methodName\":\"handleInternal\"\n		},\n		{\n			\"fileName\":\"AbstractHandlerMethodAdapter.java\",\n			\"lineNumber\":87,\n			\"className\":\"org.springframework.web.servlet.mvc.method.AbstractHandlerMethodAdapter\",\n			\"methodName\":\"handle\"\n		},\n		{\n			\"fileName\":\"DispatcherServlet.java\",\n			\"lineNumber\":1070,\n			\"className\":\"org.springframework.web.servlet.DispatcherServlet\",\n			\"methodName\":\"doDispatch\"\n		},\n		{\n			\"fileName\":\"DispatcherServlet.java\",\n			\"lineNumber\":963,\n			\"className\":\"org.springframework.web.servlet.DispatcherServlet\",\n			\"methodName\":\"doService\"\n		},\n		{\n			\"fileName\":\"FrameworkServlet.java\",\n			\"lineNumber\":1006,\n			\"className\":\"org.springframework.web.servlet.FrameworkServlet\",\n			\"methodName\":\"processRequest\"\n		},\n		{\n			\"fileName\":\"FrameworkServlet.java\",\n			\"lineNumber\":909,\n			\"className\":\"org.springframework.web.servlet.FrameworkServlet\",\n			\"methodName\":\"doPost\"\n		},\n		{\n			\"fileName\":\"HttpServlet.java\",\n			\"lineNumber\":681,\n			\"className\":\"javax.servlet.http.HttpServlet\",\n			\"methodName\":\"service\"\n		},\n		{\n			\"fileName\":\"FrameworkServlet.java\",\n			\"lineNumber\":883,\n			\"className\":\"org.springframework.web.servlet.FrameworkServlet\",\n			\"methodName\":\"service\"\n		},\n		{\n			\"fileName\":\"HttpServlet.java\",\n			\"lineNumber\":764,\n			\"className\":\"javax.servlet.http.HttpServlet\",\n			\"methodName\":\"service\"\n		},\n		{\n			\"fileName\":\"ApplicationFilterChain.java\",\n			\"lineNumber\":227,\n			\"className\":\"org.apache.catalina.core.ApplicationFilterChain\",\n			\"methodName\":\"internalDoFilter\"\n		},\n		{\n			\"fileName\":\"ApplicationFilterChain.java\",\n			\"lineNumber\":162,\n			\"className\":\"org.apache.catalina.core.ApplicationFilterChain\",\n			\"methodName\":\"doFilter\"\n		},\n		{\n			\"fileName\":\"WsFilter.java\",\n			\"lineNumber\":53,\n			\"className\":\"org.apache.tomcat.websocket.server.WsFilter\",\n			\"methodName\":\"doFilter\"\n		},\n		{\n			\"fileName\":\"ApplicationFilterChain.java\",\n			\"lineNumber\":189,\n			\"className\":\"org.apache.catalina.core.ApplicationFilterChain\",\n			\"methodName\":\"internalDoFilter\"\n		},\n		{\n			\"fileName\":\"ApplicationFilterChain.java\",\n			\"lineNumber\":162,\n			\"className\":\"org.apache.catalina.core.ApplicationFilterChain\",\n			\"methodName\":\"doFilter\"\n		},\n		{\n			\"fileName\":\"SaPathCheckFilterForServlet.java\",\n			\"lineNumber\":55,\n			\"className\":\"cn.dev33.satoken.filter.SaPathCheckFilterForServlet\",\n			\"methodName\":\"doFilter\"\n		},\n		{\n			\"fileName\":\"ApplicationFilterChain.java\",\n			\"lineNumber\":189,\n			\"className\":\"org.apache.catalina.core.ApplicationFilterChain\",\n			\"methodName\":\"internalDoFilter\"\n		},\n		{\n			\"fileName\":\"ApplicationFilterChain.java\",\n			\"lineNumber\":162,\n			\"className\":\"org.apache.catalina.core.ApplicationFilterChain\",\n			\"methodName\":\"doFilter\"\n		},\n		{\n			\"fileName\":\"CharacterEncodingFilter.java\",\n			\"lineNumber\":201,\n			\"className\":\"org.springframework.web.filter.CharacterEncodingFilter\",\n			\"methodName\":\"doFilterInternal\"\n		},\n		{\n			\"fileName\":\"OncePerRequestFilter.java\",\n			\"lineNumber\":117,\n			\"className\":\"org.springframework.web.filter.OncePerRequestFilter\",\n			\"methodName\":\"doFilter\"\n		},\n		{\n			\"fileName\":\"ApplicationFilterChain.java\",\n			\"lineNumber\":189,\n			\"className\":\"org.apache.catalina.core.ApplicationFilterChain\",\n			\"methodName\":\"internalDoFilter\"\n		},\n		{\n			\"fileName\":\"ApplicationFilterChain.java\",\n			\"lineNumber\":162,\n			\"className\":\"org.apache.catalina.core.ApplicationFilterChain\",\n			\"methodName\":\"doFilter\"\n		},\n		{\n			\"fileName\":\"StandardWrapperValve.java\",\n			\"lineNumber\":197,\n			\"className\":\"org.apache.catalina.core.StandardWrapperValve\",\n			\"methodName\":\"invoke\"\n		},\n		{\n			\"fileName\":\"StandardContextValve.java\",\n			\"lineNumber\":97,\n			\"className\":\"org.apache.catalina.core.StandardContextValve\",\n			\"methodName\":\"invoke\"\n		},\n		{\n			\"fileName\":\"AuthenticatorBase.java\",\n			\"lineNumber\":541,\n			\"className\":\"org.apache.catalina.authenticator.AuthenticatorBase\",\n			\"methodName\":\"invoke\"\n		},\n		{\n			\"fileName\":\"StandardHostValve.java\",\n			\"lineNumber\":135,\n			\"className\":\"org.apache.catalina.core.StandardHostValve\",\n			\"methodName\":\"invoke\"\n		},\n		{\n			\"fileName\":\"ErrorReportValve.java\",\n			\"lineNumber\":92,\n			\"className\":\"org.apache.catalina.valves.ErrorReportValve\",\n			\"methodName\":\"invoke\"\n		},\n		{\n			\"fileName\":\"StandardEngineValve.java\",\n			\"lineNumber\":78,\n			\"className\":\"org.apache.catalina.core.StandardEngineValve\",\n			\"methodName\":\"invoke\"\n		},\n		{\n			\"fileName\":\"CoyoteAdapter.java\",\n			\"lineNumber\":360,\n			\"className\":\"org.apache.catalina.connector.CoyoteAdapter\",\n			\"methodName\":\"service\"\n		},\n		{\n			\"fileName\":\"Http11Processor.java\",\n			\"lineNumber\":399,\n			\"className\":\"org.apache.coyote.http11.Http11Processor\",\n			\"methodName\":\"service\"\n		},\n		{\n			\"fileName\":\"AbstractProcessorLight.java\",\n			\"lineNumber\":65,\n			\"className\":\"org.apache.coyote.AbstractProcessorLight\",\n			\"methodName\":\"process\"\n		},\n		{\n			\"fileName\":\"AbstractProtocol.java\",\n			\"lineNumber\":890,\n			\"className\":\"org.apache.coyote.AbstractProtocol$ConnectionHandler\",\n			\"methodName\":\"process\"\n		},\n		{\n			\"fileName\":\"NioEndpoint.java\",\n			\"lineNumber\":1789,\n			\"className\":\"org.apache.tomcat.util.net.NioEndpoint$SocketProcessor\",\n			\"methodName\":\"doRun\"\n		},\n		{\n			\"fileName\":\"SocketProcessorBase.java\",\n			\"lineNumber\":49,\n			\"className\":\"org.apache.tomcat.util.net.SocketProcessorBase\",\n			\"methodName\":\"run\"\n		},\n		{\n			\"fileName\":\"ThreadPoolExecutor.java\",\n			\"lineNumber\":1191,\n			\"className\":\"org.apache.tomcat.util.threads.ThreadPoolExecutor\",\n			\"methodName\":\"runWorker\"\n		},\n		{\n			\"fileName\":\"ThreadPoolExecutor.java\",\n			\"lineNumber\":659,\n			\"className\":\"org.apache.tomcat.util.threads.ThreadPoolExecutor$Worker\",\n			\"methodName\":\"run\"\n		},\n		{\n			\"fileName\":\"TaskThread.java\",\n			\"lineNumber\":61,\n			\"className\":\"org.apache.tomcat.util.threads.TaskThread$WrappingRunnable\",\n			\"methodName\":\"run\"\n		},\n		{\n			\"fileName\":\"Thread.java\",\n			\"lineNumber\":1570,\n			\"className\":\"java.lang.Thread\",\n			\"methodName\":\"run\"\n		}\n	],\n	\"suppressed\":[\n		\n	]\n}','[{\"description\":\"\",\"key\":\"Content-Type\",\"required\":false,\"type\":\"String\",\"value\":\"multipart/form-data\"},{\"description\":\"\",\"key\":\"Transfer-Encoding\",\"required\":false,\"type\":\"String\",\"value\":\"chunked\"},{\"description\":\"\",\"key\":\"Date\",\"required\":false,\"type\":\"String\",\"value\":\"Mon, 25 Mar 2024 14:14:09 GMT\"},{\"description\":\"\",\"key\":\"Keep-Alive\",\"required\":false,\"type\":\"String\",\"value\":\"timeout=60\"},{\"description\":\"\",\"key\":\"Connection\",\"required\":false,\"type\":\"String\",\"value\":\"keep-alive\"}]',NULL,'2024-03-25 22:14:09'),('67624706f3954c479df44acd71540ceb','813087591a014d17ac8d10b8069b9d06','ccf44c48755244bbb945b4d8c9877b63',1,'[]','[]','[]','{\"binaryBody\":\"\",\"formDataBody\":[],\"graphQLBody\":\"\",\"rawBody\":{\"body\":\"{\\n    \\\"productionId\\\": \\\"R58N60MVXXX\\\",\\n    \\\"productionModel\\\": \\\"FWS-10发动机\\\",\\n    \\\"productionDepartmentId\\\": \\\"中国航发公司\\\",\\n    \\\"productionDate\\\": \\\"2024-03-01\\\",\\n    \\\"inspectionStandard\\\": \\\"[\'Q/LGD001-2000\', \'GB6675.1-2014\']\\\",\\n    \\\"inspectorId\\\": \\\"JC检03\\\",\\n    \\\"state\\\": \\\"已交付\\\",\\n    \\\"componentList\\\": \\\"[\'R56]\\\",\\n}\",\"type\":\"JSON\"},\"type\":\"RAW\",\"xwwwFormUrlEncodedBody\":[]}',500,'{\n	\"timestamp\":\"2024-05-17 17:46:28\",\n	\"status\":500,\n	\"error\":\"Internal Server Error\",\n	\"trace\":\"com.alibaba.fastjson2.JSONException: invalid escape character EOI, offset 2, character \', line 1, column 2, fastjson-version 2.0.47 [\'R56]\\n\\tat com.alibaba.fastjson2.JSONReaderUTF16.readString(JSONReaderUTF16.java:3451)\\n\\tat com.alibaba.fastjson2.reader.ObjectReaderImplObject.readObject(ObjectReaderImplObject.java:283)\\n\\tat com.alibaba.fastjson2.reader.ObjectReaderImplList.readObject(ObjectReaderImplList.java:622)\\n\\tat com.alibaba.fastjson2.JSON.parseObject(JSON.java:786)\\n\\tat com.alibaba.fastjson2.function.impl.StringToAny.apply(StringToAny.java:81)\\n\\tat com.alibaba.fastjson2.reader.FieldReader.acceptAny(FieldReader.java:425)\\n\\tat com.alibaba.fastjson2.reader.ObjectReaderAdapter.createInstance(ObjectReaderAdapter.java:640)\\n\\tat com.alibaba.fastjson2.JSONObject.to(JSONObject.java:1245)\\n\\tat com.alibaba.fastjson2.JSONObject.toJavaObject(JSONObject.java:1255)\\n\\tat com.hawkeye.controller.CertificateController.generateCertificate(CertificateController.java:34)\\n\\tat sun.reflect.NativeMethodAccessorImpl.invoke0(Native Method)\\n\\tat sun.reflect.NativeMethodAccessorImpl.invoke(NativeMethodAccessorImpl.java:62)\\n\\tat sun.reflect.DelegatingMethodAccessorImpl.invoke(DelegatingMethodAccessorImpl.java:43)\\n\\tat java.lang.reflect.Method.invoke(Method.java:498)\\n\\tat org.springframework.web.method.support.InvocableHandlerMethod.doInvoke(InvocableHandlerMethod.java:205)\\n\\tat org.springframework.web.method.support.InvocableHandlerMethod.invokeForRequest(InvocableHandlerMethod.java:150)\\n\\tat org.springframework.web.servlet.mvc.method.annotation.ServletInvocableHandlerMethod.invokeAndHandle(ServletInvocableHandlerMethod.java:117)\\n\\tat org.springframework.web.servlet.mvc.method.annotation.RequestMappingHandlerAdapter.invokeHandlerMethod(RequestMappingHandlerAdapter.java:895)\\n\\tat org.springframework.web.servlet.mvc.method.annotation.RequestMappingHandlerAdapter.handleInternal(RequestMappingHandlerAdapter.java:808)\\n\\tat org.springframework.web.servlet.mvc.method.AbstractHandlerMethodAdapter.handle(AbstractHandlerMethodAdapter.java:87)\\n\\tat org.springframework.web.servlet.DispatcherServlet.doDispatch(DispatcherServlet.java:1070)\\n\\tat org.springframework.web.servlet.DispatcherServlet.doService(DispatcherServlet.java:963)\\n\\tat org.springframework.web.servlet.FrameworkServlet.processRequest(FrameworkServlet.java:1006)\\n\\tat org.springframework.web.servlet.FrameworkServlet.doPost(FrameworkServlet.java:909)\\n\\tat javax.servlet.http.HttpServlet.service(HttpServlet.java:681)\\n\\tat org.springframework.web.servlet.FrameworkServlet.service(FrameworkServlet.java:883)\\n\\tat javax.servlet.http.HttpServlet.service(HttpServlet.java:764)\\n\\tat org.apache.catalina.core.ApplicationFilterChain.internalDoFilter(ApplicationFilterChain.java:227)\\n\\tat org.apache.catalina.core.ApplicationFilterChain.doFilter(ApplicationFilterChain.java:162)\\n\\tat org.apache.tomcat.websocket.server.WsFilter.doFilter(WsFilter.java:53)\\n\\tat org.apache.catalina.core.ApplicationFilterChain.internalDoFilter(ApplicationFilterChain.java:189)\\n\\tat org.apache.catalina.core.ApplicationFilterChain.doFilter(ApplicationFilterChain.java:162)\\n\\tat cn.dev33.satoken.filter.SaPathCheckFilterForServlet.doFilter(SaPathCheckFilterForServlet.java:55)\\n\\tat org.apache.catalina.core.ApplicationFilterChain.internalDoFilter(ApplicationFilterChain.java:189)\\n\\tat org.apache.catalina.core.ApplicationFilterChain.doFilter(ApplicationFilterChain.java:162)\\n\\tat org.springframework.web.filter.CharacterEncodingFilter.doFilterInternal(CharacterEncodingFilter.java:201)\\n\\tat org.springframework.web.filter.OncePerRequestFilter.doFilter(OncePerRequestFilter.java:117)\\n\\tat org.apache.catalina.core.ApplicationFilterChain.internalDoFilter(ApplicationFilterChain.java:189)\\n\\tat org.apache.catalina.core.ApplicationFilterChain.doFilter(ApplicationFilterChain.java:162)\\n\\tat org.apache.catalina.core.StandardWrapperValve.invoke(StandardWrapperValve.java:197)\\n\\tat org.apache.catalina.core.StandardContextValve.invoke(StandardContextValve.java:97)\\n\\tat org.apache.catalina.authenticator.AuthenticatorBase.invoke(AuthenticatorBase.java:541)\\n\\tat org.apache.catalina.core.StandardHostValve.invoke(StandardHostValve.java:135)\\n\\tat org.apache.catalina.valves.ErrorReportValve.invoke(ErrorReportValve.java:92)\\n\\tat org.apache.catalina.core.StandardEngineValve.invoke(StandardEngineValve.java:78)\\n\\tat org.apache.catalina.connector.CoyoteAdapter.service(CoyoteAdapter.java:360)\\n\\tat org.apache.coyote.http11.Http11Processor.service(Http11Processor.java:399)\\n\\tat org.apache.coyote.AbstractProcessorLight.process(AbstractProcessorLight.java:65)\\n\\tat org.apache.coyote.AbstractProtocol$ConnectionHandler.process(AbstractProtocol.java:890)\\n\\tat org.apache.tomcat.util.net.NioEndpoint$SocketProcessor.doRun(NioEndpoint.java:1789)\\n\\tat org.apache.tomcat.util.net.SocketProcessorBase.run(SocketProcessorBase.java:49)\\n\\tat org.apache.tomcat.util.threads.ThreadPoolExecutor.runWorker(ThreadPoolExecutor.java:1191)\\n\\tat org.apache.tomcat.util.threads.ThreadPoolExecutor$Worker.run(ThreadPoolExecutor.java:659)\\n\\tat org.apache.tomcat.util.threads.TaskThread$WrappingRunnable.run(TaskThread.java:61)\\n\\tat java.lang.Thread.run(Thread.java:750)\\n\",\n	\"message\":\"invalid escape character EOI, offset 2, character \', line 1, column 2, fastjson-version 2.0.47 [\'R56]\",\n	\"path\":\"/certificate/generate\"\n}','[{\"description\":\"\",\"key\":\"Content-Type\",\"required\":false,\"type\":\"String\",\"value\":\"multipart/form-data\"},{\"description\":\"\",\"key\":\"Content-Length\",\"required\":false,\"type\":\"String\",\"value\":\"5482\"},{\"description\":\"\",\"key\":\"Date\",\"required\":false,\"type\":\"String\",\"value\":\"Fri, 17 May 2024 09:46:28 GMT\"},{\"description\":\"\",\"key\":\"Connection\",\"required\":false,\"type\":\"String\",\"value\":\"close\"}]',NULL,'2024-05-17 17:46:28'),('68a7902a83f748948234a0b644431856','784dd4e4e09a4967928999d03c567a5c','ccf44c48755244bbb945b4d8c9877b63',2,NULL,NULL,NULL,'{\"binaryBody\":\"\",\"formDataBody\":[],\"graphQLBody\":\"\",\"rawBody\":{\"body\":\"{\\\"key\\\":\\\"R58N60MV001\\\",\\\"field\\\":\\\"certificate\\\"}\",\"type\":\"JSON\"},\"type\":\"RAW\",\"xwwwFormUrlEncodedBody\":[]}',200,NULL,'[{\"description\":\"\",\"key\":\"Content-Type\",\"required\":false,\"type\":\"String\",\"value\":\"multipart/form-data\"},{\"description\":\"\",\"key\":\"Content-Length\",\"required\":false,\"type\":\"String\",\"value\":\"3870\"},{\"description\":\"\",\"key\":\"Date\",\"required\":false,\"type\":\"String\",\"value\":\"Sun, 19 May 2024 15:19:28 GMT\"},{\"description\":\"\",\"key\":\"Keep-Alive\",\"required\":false,\"type\":\"String\",\"value\":\"timeout=60\"},{\"description\":\"\",\"key\":\"Connection\",\"required\":false,\"type\":\"String\",\"value\":\"keep-alive\"}]','{\"binaryBody\":\"\",\"graphQLBody\":\"\",\"rawBody\":{\"body\":\"{\\n\\t\\\"code\\\":1000,\\n\\t\\\"data\\\":\\\"[{\\\\\\\"count\\\\\\\":1,\\\\\\\"key\\\\\\\":\\\\\\\"R58N60MV001\\\\\\\",\\\\\\\"field\\\\\\\":\\\\\\\"certificate\\\\\\\",\\\\\\\"value\\\\\\\":\\\\\\\"{\\\\\\\\\\\\\\\"componentList\\\\\\\\\\\\\\\":[{\\\\\\\\\\\\\\\"componentId\\\\\\\\\\\\\\\":\\\\\\\\\\\\\\\"R2178472MX02\\\\\\\\\\\\\\\"},{\\\\\\\\\\\\\\\"componentId\\\\\\\\\\\\\\\":\\\\\\\\\\\\\\\"S34123214321X\\\\\\\\\\\\\\\"}],\\\\\\\\\\\\\\\"creationTime\\\\\\\\\\\\\\\":\\\\\\\\\\\\\\\"2024-05-19 15:14:49.445\\\\\\\\\\\\\\\",\\\\\\\\\\\\\\\"inspection\\\\\\\\\\\\\\\":[{\\\\\\\\\\\\\\\"standard\\\\\\\\\\\\\\\":\\\\\\\\\\\\\\\"Q/LGD001-2000\\\\\\\\\\\\\\\",\\\\\\\\\\\\\\\"inspector\\\\\\\\\\\\\\\":\\\\\\\\\\\\\\\"JC检03\\\\\\\\\\\\\\\",\\\\\\\\\\\\\\\"time\\\\\\\\\\\\\\\":\\\\\\\\\\\\\\\"2024-05-01 00:00:02\\\\\\\\\\\\\\\"},{\\\\\\\\\\\\\\\"standard\\\\\\\\\\\\\\\":\\\\\\\\\\\\\\\"GB6675.1-2014\\\\\\\\\\\\\\\",\\\\\\\\\\\\\\\"inspector\\\\\\\\\\\\\\\":\\\\\\\\\\\\\\\"JC检04\\\\\\\\\\\\\\\",\\\\\\\\\\\\\\\"time\\\\\\\\\\\\\\\":\\\\\\\\\\\\\\\"2024-05-06 00:32:00\\\\\\\\\\\\\\\"}],\\\\\\\\\\\\\\\"lastModified\\\\\\\\\\\\\\\":\\\\\\\\\\\\\\\"2024-05-19 15:14:49.445\\\\\\\\\\\\\\\",\\\\\\\\\\\\\\\"productionDate\\\\\\\\\\\\\\\":\\\\\\\\\\\\\\\"2024-05-15 00:00:00\\\\\\\\\\\\\\\",\\\\\\\\\\\\\\\"productionDepartment\\\\\\\\\\\\\\\":\\\\\\\\\\\\\\\"中国航发沈阳黎明航空发动机\\\\\\\\\\\\\\\",\\\\\\\\\\\\\\\"productionId\\\\\\\\\\\\\\\":\\\\\\\\\\\\\\\"R58N60MV001\\\\\\\\\\\\\\\",\\\\\\\\\\\\\\\"productionModel\\\\\\\\\\\\\\\":\\\\\\\\\\\\\\\"FWS-10发动机\\\\\\\\\\\\\\\",\\\\\\\\\\\\\\\"state\\\\\\\\\\\\\\\":\\\\\\\\\\\\\\\"已交付\\\\\\\\\\\\\\\",\\\\\\\\\\\\\\\"version\\\\\\\\\\\\\\\":\\\\\\\\\\\\\\\"cabebe7b477e47da8ea8dfd4a4708715\\\\\\\\\\\\\\\"}\\\\\\\",\\\\\\\"txId\\\\\\\":\\\\\\\"cabebe7b477e47da8ea8dfd4a4708715\\\\\\\",\\\\\\\"blockHeight\\\\\\\":\\\\\\\"u\\\\\\\",\\\\\\\"isDelete\\\\\\\":false,\\\\\\\"timestamp\\\\\\\":\\\\\\\"1716102889\\\\\\\"},{\\\\\\\"count\\\\\\\":2,\\\\\\\"key\\\\\\\":\\\\\\\"R58N60MV001\\\\\\\",\\\\\\\"field\\\\\\\":\\\\\\\"certificate\\\\\\\",\\\\\\\"value\\\\\\\":\\\\\\\"{\\\\\\\\\\\\\\\"componentList\\\\\\\\\\\\\\\":[{\\\\\\\\\\\\\\\"componentId\\\\\\\\\\\\\\\":\\\\\\\\\\\\\\\"R2178472MX02\\\\\\\\\\\\\\\"},{\\\\\\\\\\\\\\\"componentId\\\\\\\\\\\\\\\":\\\\\\\\\\\\\\\"S34123214321X\\\\\\\\\\\\\\\"}],\\\\\\\\\\\\\\\"creationTime\\\\\\\\\\\\\\\":\\\\\\\\\\\\\\\"2024-05-19 15:15:02.165\\\\\\\\\\\\\\\",\\\\\\\\\\\\\\\"inspection\\\\\\\\\\\\\\\":[{\\\\\\\\\\\\\\\"standard\\\\\\\\\\\\\\\":\\\\\\\\\\\\\\\"Q/LGD001-2000\\\\\\\\\\\\\\\",\\\\\\\\\\\\\\\"inspector\\\\\\\\\\\\\\\":\\\\\\\\\\\\\\\"JC检03\\\\\\\\\\\\\\\",\\\\\\\\\\\\\\\"time\\\\\\\\\\\\\\\":\\\\\\\\\\\\\\\"2024-05-01 00:00:02\\\\\\\\\\\\\\\"},{\\\\\\\\\\\\\\\"standard\\\\\\\\\\\\\\\":\\\\\\\\\\\\\\\"GB6675.1-2014\\\\\\\\\\\\\\\",\\\\\\\\\\\\\\\"inspector\\\\\\\\\\\\\\\":\\\\\\\\\\\\\\\"JC检04\\\\\\\\\\\\\\\",\\\\\\\\\\\\\\\"time\\\\\\\\\\\\\\\":\\\\\\\\\\\\\\\"2024-05-06 00:32:00\\\\\\\\\\\\\\\"}],\\\\\\\\\\\\\\\"lastModified\\\\\\\\\\\\\\\":\\\\\\\\\\\\\\\"2024-05-19 15:15:02.165\\\\\\\\\\\\\\\",\\\\\\\\\\\\\\\"productionDate\\\\\\\\\\\\\\\":\\\\\\\\\\\\\\\"2024-05-15 00:00:00\\\\\\\\\\\\\\\",\\\\\\\\\\\\\\\"productionDepartment\\\\\\\\\\\\\\\":\\\\\\\\\\\\\\\"中国航发沈阳黎明航空发动机\\\\\\\\\\\\\\\",\\\\\\\\\\\\\\\"productionId\\\\\\\\\\\\\\\":\\\\\\\\\\\\\\\"R58N60MV001\\\\\\\\\\\\\\\",\\\\\\\\\\\\\\\"productionModel\\\\\\\\\\\\\\\":\\\\\\\\\\\\\\\"FWS-10发动机\\\\\\\\\\\\\\\",\\\\\\\\\\\\\\\"state\\\\\\\\\\\\\\\":\\\\\\\\\\\\\\\"已交付\\\\\\\\\\\\\\\",\\\\\\\\\\\\\\\"version\\\\\\\\\\\\\\\":\\\\\\\\\\\\\\\"c5c71850b61746eca9b9746fceafc0cc\\\\\\\\\\\\\\\"}\\\\\\\",\\\\\\\"txId\\\\\\\":\\\\\\\"c5c71850b61746eca9b9746fceafc0cc\\\\\\\",\\\\\\\"blockHeight\\\\\\\":\\\\\\\"v\\\\\\\",\\\\\\\"isDelete\\\\\\\":false,\\\\\\\"timestamp\\\\\\\":\\\\\\\"1716102902\\\\\\\"},{\\\\\\\"count\\\\\\\":3,\\\\\\\"key\\\\\\\":\\\\\\\"R58N60MV001\\\\\\\",\\\\\\\"field\\\\\\\":\\\\\\\"certificate\\\\\\\",\\\\\\\"value\\\\\\\":\\\\\\\"{\\\\\\\\\\\\\\\"componentList\\\\\\\\\\\\\\\":[{\\\\\\\\\\\\\\\"componentId\\\\\\\\\\\\\\\":\\\\\\\\\\\\\\\"R2178472MX02\\\\\\\\\\\\\\\"},{\\\\\\\\\\\\\\\"componentId\\\\\\\\\\\\\\\":\\\\\\\\\\\\\\\"S34123214321X\\\\\\\\\\\\\\\"}],\\\\\\\\\\\\\\\"inspection\\\\\\\\\\\\\\\":[{\\\\\\\\\\\\\\\"standard\\\\\\\\\\\\\\\":\\\\\\\\\\\\\\\"Q/LGD001-2000\\\\\\\\\\\\\\\",\\\\\\\\\\\\\\\"inspector\\\\\\\\\\\\\\\":\\\\\\\\\\\\\\\"JC检03\\\\\\\\\\\\\\\",\\\\\\\\\\\\\\\"time\\\\\\\\\\\\\\\":\\\\\\\\\\\\\\\"2024-05-01 00:00:02\\\\\\\\\\\\\\\"},{\\\\\\\\\\\\\\\"standard\\\\\\\\\\\\\\\":\\\\\\\\\\\\\\\"GB6675.1-2014\\\\\\\\\\\\\\\",\\\\\\\\\\\\\\\"inspector\\\\\\\\\\\\\\\":\\\\\\\\\\\\\\\"JC检04\\\\\\\\\\\\\\\",\\\\\\\\\\\\\\\"time\\\\\\\\\\\\\\\":\\\\\\\\\\\\\\\"2024-05-06 00:32:00\\\\\\\\\\\\\\\"}],\\\\\\\\\\\\\\\"lastModified\\\\\\\\\\\\\\\":\\\\\\\\\\\\\\\"2024-05-19 16:02:34.27\\\\\\\\\\\\\\\",\\\\\\\\\\\\\\\"productionDate\\\\\\\\\\\\\\\":\\\\\\\\\\\\\\\"2024-05-15 00:00:00\\\\\\\\\\\\\\\",\\\\\\\\\\\\\\\"productionDepartment\\\\\\\\\\\\\\\":\\\\\\\\\\\\\\\"中国航发沈阳黎明航空发动机\\\\\\\\\\\\\\\",\\\\\\\\\\\\\\\"productionId\\\\\\\\\\\\\\\":\\\\\\\\\\\\\\\"R58N60MV001\\\\\\\\\\\\\\\",\\\\\\\\\\\\\\\"productionModel\\\\\\\\\\\\\\\":\\\\\\\\\\\\\\\"FWS-10发动机\\\\\\\\\\\\\\\",\\\\\\\\\\\\\\\"state\\\\\\\\\\\\\\\":\\\\\\\\\\\\\\\"已退回\\\\\\\\\\\\\\\",\\\\\\\\\\\\\\\"version\\\\\\\\\\\\\\\":\\\\\\\\\\\\\\\"18b2540854c04760bb036883ef5d6ab2\\\\\\\\\\\\\\\"}\\\\\\\",\\\\\\\"txId\\\\\\\":\\\\\\\"18b2540854c04760bb036883ef5d6ab2\\\\\\\",\\\\\\\"blockHeight\\\\\\\":\\\\\\\"\\\\\\\",\\\\\\\"isDelete\\\\\\\":false,\\\\\\\"timestamp\\\\\\\":\\\\\\\"1716105754\\\\\\\"},{\\\\\\\"count\\\\\\\":4,\\\\\\\"key\\\\\\\":\\\\\\\"R58N60MV001\\\\\\\",\\\\\\\"field\\\\\\\":\\\\\\\"certificate\\\\\\\",\\\\\\\"value\\\\\\\":\\\\\\\"{\\\\\\\\\\\\\\\"componentList\\\\\\\\\\\\\\\":[{\\\\\\\\\\\\\\\"componentId\\\\\\\\\\\\\\\":\\\\\\\\\\\\\\\"R2178472MX02\\\\\\\\\\\\\\\"},{\\\\\\\\\\\\\\\"componentId\\\\\\\\\\\\\\\":\\\\\\\\\\\\\\\"S34123214321X\\\\\\\\\\\\\\\"},{\\\\\\\\\\\\\\\"componentId\\\\\\\\\\\\\\\":\\\\\\\\\\\\\\\"S34BHDS23210\\\\\\\\\\\\\\\"}],\\\\\\\\\\\\\\\"inspection\\\\\\\\\\\\\\\":[{\\\\\\\\\\\\\\\"standard\\\\\\\\\\\\\\\":\\\\\\\\\\\\\\\"Q/LGD001-2000\\\\\\\\\\\\\\\",\\\\\\\\\\\\\\\"inspector\\\\\\\\\\\\\\\":\\\\\\\\\\\\\\\"JC检03\\\\\\\\\\\\\\\",\\\\\\\\\\\\\\\"time\\\\\\\\\\\\\\\":\\\\\\\\\\\\\\\"2024-05-01 00:00:02\\\\\\\\\\\\\\\"},{\\\\\\\\\\\\\\\"standard\\\\\\\\\\\\\\\":\\\\\\\\\\\\\\\"GB6675.1-2014\\\\\\\\\\\\\\\",\\\\\\\\\\\\\\\"inspector\\\\\\\\\\\\\\\":\\\\\\\\\\\\\\\"JC检04\\\\\\\\\\\\\\\",\\\\\\\\\\\\\\\"time\\\\\\\\\\\\\\\":\\\\\\\\\\\\\\\"2024-05-06 00:32:00\\\\\\\\\\\\\\\"}],\\\\\\\\\\\\\\\"lastModified\\\\\\\\\\\\\\\":\\\\\\\\\\\\\\\"2024-05-19 16:10:05.604\\\\\\\\\\\\\\\",\\\\\\\\\\\\\\\"productionDate\\\\\\\\\\\\\\\":\\\\\\\\\\\\\\\"2024-05-15 00:00:00\\\\\\\\\\\\\\\",\\\\\\\\\\\\\\\"productionDepartment\\\\\\\\\\\\\\\":\\\\\\\\\\\\\\\"中国航发沈阳黎明航空发动机\\\\\\\\\\\\\\\",\\\\\\\\\\\\\\\"productionId\\\\\\\\\\\\\\\":\\\\\\\\\\\\\\\"R58N60MV001\\\\\\\\\\\\\\\",\\\\\\\\\\\\\\\"productionModel\\\\\\\\\\\\\\\":\\\\\\\\\\\\\\\"FWS-10发动机\\\\\\\\\\\\\\\",\\\\\\\\\\\\\\\"state\\\\\\\\\\\\\\\":\\\\\\\\\\\\\\\"已退回\\\\\\\\\\\\\\\",\\\\\\\\\\\\\\\"version\\\\\\\\\\\\\\\":\\\\\\\\\\\\\\\"cc98f681befa47a5932b0c3100dd29dc\\\\\\\\\\\\\\\"}\\\\\\\",\\\\\\\"txId\\\\\\\":\\\\\\\"cc98f681befa47a5932b0c3100dd29dc\\\\\\\",\\\\\\\"blockHeight\\\\\\\":\\\\\\\"¯\\\\\\\",\\\\\\\"isDelete\\\\\\\":false,\\\\\\\"timestamp\\\\\\\":\\\\\\\"1716106205\\\\\\\"}]\\\",\\n\\t\\\"message\\\":\\\"\\\"\\n}\",\"type\":\"JSON\"},\"type\":\"RAW\"}','2024-05-19 23:19:29'),('6966e7fbdd5848399ac13affd2d0fa84','9e44de0fc2e140a498f1e6b83926d2c7','ccf44c48755244bbb945b4d8c9877b63',1,'[]','[]','[]','{\"binaryBody\":\"\",\"formDataBody\":[],\"graphQLBody\":\"\",\"rawBody\":{\"body\":\"{\\n    \\\"productionId\\\": \\\"R58N60MVXXX\\\",\\n    \\\"version\\\": \\\"@latest\\\"\\n}\",\"type\":\"JSON\"},\"type\":\"RAW\",\"xwwwFormUrlEncodedBody\":[]}',500,'{\n	\"timestamp\":\"2024-05-17 20:41:18\",\n	\"status\":500,\n	\"error\":\"Internal Server Error\",\n	\"trace\":\"org.chainmaker.sdk.ChainClientException: txStatusCode:4, resultCode:1, contractName[CHAIN_QUERY] method[GET_TX_BY_TX_ID] txType[QUERY_CONTRACT], no such transaction, chainId:test\\n\\tat org.chainmaker.sdk.ChainClient.checkProposalRequestResp(ChainClient.java:2691)\\n\\tat org.chainmaker.sdk.ChainClient.getTxWithRWSetByTxId(ChainClient.java:515)\\n\\tat com.hawkeye.service.impl.ChainServiceImpl.getState(ChainServiceImpl.java:58)\\n\\tat com.hawkeye.service.impl.CertificateServiceImpl.detail(CertificateServiceImpl.java:56)\\n\\tat com.hawkeye.controller.CertificateController.certificateInfoDetail(CertificateController.java:45)\\n\\tat sun.reflect.NativeMethodAccessorImpl.invoke0(Native Method)\\n\\tat sun.reflect.NativeMethodAccessorImpl.invoke(NativeMethodAccessorImpl.java:62)\\n\\tat sun.reflect.DelegatingMethodAccessorImpl.invoke(DelegatingMethodAccessorImpl.java:43)\\n\\tat java.lang.reflect.Method.invoke(Method.java:498)\\n\\tat org.springframework.web.method.support.InvocableHandlerMethod.doInvoke(InvocableHandlerMethod.java:205)\\n\\tat org.springframework.web.method.support.InvocableHandlerMethod.invokeForRequest(InvocableHandlerMethod.java:150)\\n\\tat org.springframework.web.servlet.mvc.method.annotation.ServletInvocableHandlerMethod.invokeAndHandle(ServletInvocableHandlerMethod.java:117)\\n\\tat org.springframework.web.servlet.mvc.method.annotation.RequestMappingHandlerAdapter.invokeHandlerMethod(RequestMappingHandlerAdapter.java:895)\\n\\tat org.springframework.web.servlet.mvc.method.annotation.RequestMappingHandlerAdapter.handleInternal(RequestMappingHandlerAdapter.java:808)\\n\\tat org.springframework.web.servlet.mvc.method.AbstractHandlerMethodAdapter.handle(AbstractHandlerMethodAdapter.java:87)\\n\\tat org.springframework.web.servlet.DispatcherServlet.doDispatch(DispatcherServlet.java:1070)\\n\\tat org.springframework.web.servlet.DispatcherServlet.doService(DispatcherServlet.java:963)\\n\\tat org.springframework.web.servlet.FrameworkServlet.processRequest(FrameworkServlet.java:1006)\\n\\tat org.springframework.web.servlet.FrameworkServlet.doPost(FrameworkServlet.java:909)\\n\\tat javax.servlet.http.HttpServlet.service(HttpServlet.java:681)\\n\\tat org.springframework.web.servlet.FrameworkServlet.service(FrameworkServlet.java:883)\\n\\tat javax.servlet.http.HttpServlet.service(HttpServlet.java:764)\\n\\tat org.apache.catalina.core.ApplicationFilterChain.internalDoFilter(ApplicationFilterChain.java:227)\\n\\tat org.apache.catalina.core.ApplicationFilterChain.doFilter(ApplicationFilterChain.java:162)\\n\\tat org.apache.tomcat.websocket.server.WsFilter.doFilter(WsFilter.java:53)\\n\\tat org.apache.catalina.core.ApplicationFilterChain.internalDoFilter(ApplicationFilterChain.java:189)\\n\\tat org.apache.catalina.core.ApplicationFilterChain.doFilter(ApplicationFilterChain.java:162)\\n\\tat cn.dev33.satoken.filter.SaPathCheckFilterForServlet.doFilter(SaPathCheckFilterForServlet.java:55)\\n\\tat org.apache.catalina.core.ApplicationFilterChain.internalDoFilter(ApplicationFilterChain.java:189)\\n\\tat org.apache.catalina.core.ApplicationFilterChain.doFilter(ApplicationFilterChain.java:162)\\n\\tat org.springframework.web.filter.CharacterEncodingFilter.doFilterInternal(CharacterEncodingFilter.java:201)\\n\\tat org.springframework.web.filter.OncePerRequestFilter.doFilter(OncePerRequestFilter.java:117)\\n\\tat org.apache.catalina.core.ApplicationFilterChain.internalDoFilter(ApplicationFilterChain.java:189)\\n\\tat org.apache.catalina.core.ApplicationFilterChain.doFilter(ApplicationFilterChain.java:162)\\n\\tat org.apache.catalina.core.StandardWrapperValve.invoke(StandardWrapperValve.java:197)\\n\\tat org.apache.catalina.core.StandardContextValve.invoke(StandardContextValve.java:97)\\n\\tat org.apache.catalina.authenticator.AuthenticatorBase.invoke(AuthenticatorBase.java:541)\\n\\tat org.apache.catalina.core.StandardHostValve.invoke(StandardHostValve.java:135)\\n\\tat org.apache.catalina.valves.ErrorReportValve.invoke(ErrorReportValve.java:92)\\n\\tat org.apache.catalina.core.StandardEngineValve.invoke(StandardEngineValve.java:78)\\n\\tat org.apache.catalina.connector.CoyoteAdapter.service(CoyoteAdapter.java:360)\\n\\tat org.apache.coyote.http11.Http11Processor.service(Http11Processor.java:399)\\n\\tat org.apache.coyote.AbstractProcessorLight.process(AbstractProcessorLight.java:65)\\n\\tat org.apache.coyote.AbstractProtocol$ConnectionHandler.process(AbstractProtocol.java:890)\\n\\tat org.apache.tomcat.util.net.NioEndpoint$SocketProcessor.doRun(NioEndpoint.java:1789)\\n\\tat org.apache.tomcat.util.net.SocketProcessorBase.run(SocketProcessorBase.java:49)\\n\\tat org.apache.tomcat.util.threads.ThreadPoolExecutor.runWorker(ThreadPoolExecutor.java:1191)\\n\\tat org.apache.tomcat.util.threads.ThreadPoolExecutor$Worker.run(ThreadPoolExecutor.java:659)\\n\\tat org.apache.tomcat.util.threads.TaskThread$WrappingRunnable.run(TaskThread.java:61)\\n\\tat java.lang.Thread.run(Thread.java:750)\\n\",\n	\"message\":\"txStatusCode:4, resultCode:1, contractName[CHAIN_QUERY] method[GET_TX_BY_TX_ID] txType[QUERY_CONTRACT], no such transaction, chainId:test\",\n	\"path\":\"/certificate/detail\"\n}','[{\"description\":\"\",\"key\":\"Content-Type\",\"required\":false,\"type\":\"String\",\"value\":\"multipart/form-data\"},{\"description\":\"\",\"key\":\"Content-Length\",\"required\":false,\"type\":\"String\",\"value\":\"5165\"},{\"description\":\"\",\"key\":\"Date\",\"required\":false,\"type\":\"String\",\"value\":\"Fri, 17 May 2024 12:41:18 GMT\"},{\"description\":\"\",\"key\":\"Connection\",\"required\":false,\"type\":\"String\",\"value\":\"close\"}]',NULL,'2024-05-17 20:41:18'),('6d982e4c0a1d43a7a83816faab1b574d','8cb19229d7084099b2992c96f2f16cbf','4550aa8ee620484dad157d039d8b6909',1,'[{\"description\":\"唯一标识符\",\"key\":\"id\",\"required\":true,\"type\":\"Long\",\"value\":\"fdsafdsa\"}]','[{\"description\":\"姓名\",\"key\":\"name\",\"required\":true,\"type\":\"String\",\"value\":\"fsadfdsaf\"}]','[{\"description\":\"连接方式\",\"key\":\"Connection\",\"required\":false,\"type\":\"String\",\"value\":\"fsdafdsafd\"}]','{\"binaryBody\":null,\"formDataBody\":[],\"graphQLBody\":\"\",\"rawBody\":null,\"type\":\"NONE\",\"xwwwFormUrlEncodedBody\":[]}',200,NULL,'[{\"description\":\"\",\"key\":\"age\",\"required\":false,\"type\":\"String\",\"value\":\"10\"},{\"description\":\"\",\"key\":\"sex\",\"required\":false,\"type\":\"String\",\"value\":\"Male\"},{\"description\":\"\",\"key\":\"Content-Type\",\"required\":false,\"type\":\"String\",\"value\":\"multipart/form-data\"},{\"description\":\"\",\"key\":\"Transfer-Encoding\",\"required\":false,\"type\":\"String\",\"value\":\"chunked\"},{\"description\":\"\",\"key\":\"Date\",\"required\":false,\"type\":\"String\",\"value\":\"Mon, 25 Mar 2024 13:27:46 GMT\"}]','{\"binaryBody\":\"\",\"graphQLBody\":\"\",\"rawBody\":{\"body\":\"\\\"Hello World\\\"\",\"type\":\"TEXT\"},\"type\":\"RAW\"}','2024-03-25 21:27:46'),('6e9d16f6c661450aa55c98287030aa40','813087591a014d17ac8d10b8069b9d06','ccf44c48755244bbb945b4d8c9877b63',1,'[]','[]','[]','{\"binaryBody\":\"\",\"formDataBody\":[],\"graphQLBody\":\"\",\"rawBody\":{\"body\":\"{\\n    \\\"productionId\\\": \\\"R58N60MVXXX\\\",\\n    \\\"productionModel\\\": \\\"FWS-10发动机\\\",\\n    \\\"productionDepartmentId\\\": \\\"中国航发公司\\\",\\n    \\\"productionDate\\\": \\\"2024-03-01\\\",\\n    \\\"inspectionStandard\\\": \\n        [\\n            \\\"Q/LGD001-2000\\\", \\n            \\\"GB6675.1-2014\\\"\\n        ]\\n    ,\\n    \\\"inspectorId\\\": \\\"JC检03\\\",\\n    \\\"state\\\": \\\"已交付\\\",\\n    \\\"componentList\\\": [\\n        \\\"R56N60MVXXX\\\",\\n        \\\"R56N60MVXXX\\\",\\n        \\\"T01X33MVXXY\\\"\\n    ],\\n}\",\"type\":\"JSON\"},\"type\":\"RAW\",\"xwwwFormUrlEncodedBody\":[]}',200,NULL,'[{\"description\":\"\",\"key\":\"Content-Type\",\"required\":false,\"type\":\"String\",\"value\":\"multipart/form-data\"},{\"description\":\"\",\"key\":\"Content-Length\",\"required\":false,\"type\":\"String\",\"value\":\"107\"},{\"description\":\"\",\"key\":\"Date\",\"required\":false,\"type\":\"String\",\"value\":\"Fri, 17 May 2024 09:54:49 GMT\"},{\"description\":\"\",\"key\":\"Keep-Alive\",\"required\":false,\"type\":\"String\",\"value\":\"timeout=60\"},{\"description\":\"\",\"key\":\"Connection\",\"required\":false,\"type\":\"String\",\"value\":\"keep-alive\"}]','{\"binaryBody\":\"\",\"graphQLBody\":\"\",\"rawBody\":{\"body\":\"{\\n\\t\\\"code\\\":1000,\\n\\t\\\"data\\\":\\\"e3fe53dd2f2e658a82a7fd62e76ea61247e47048a846b9dbbef9b7296772d66a\\\",\\n\\t\\\"message\\\":\\\"\\\"\\n}\",\"type\":\"JSON\"},\"type\":\"RAW\"}','2024-05-17 17:54:49'),('7a4c19a89739462685ff819065b69b75','ed5723b1e4454719bcfa5c8279f0bfc2','ccf44c48755244bbb945b4d8c9877b63',2,NULL,NULL,NULL,'{\"binaryBody\":\"\",\"formDataBody\":[],\"graphQLBody\":\"\",\"rawBody\":{\"body\":\"{\\\"key\\\":\\\"123456\\\",\\\"field\\\":\\\"certificate\\\",\\\"value\\\":\\\"{\\\\\\\"componentList\\\\\\\":[],\\\\\\\"creationTime\\\\\\\":\\\\\\\"2024-05-19 23:02:05.168\\\\\\\",\\\\\\\"inspection\\\\\\\":[],\\\\\\\"lastModified\\\\\\\":\\\\\\\"2024-05-19 23:02:05.168\\\\\\\",\\\\\\\"productionDate\\\\\\\":\\\\\\\"2024-05-08 00:00:00\\\\\\\",\\\\\\\"productionDepartment\\\\\\\":\\\\\\\"测试部门2\\\\\\\",\\\\\\\"productionId\\\\\\\":\\\\\\\"123456\\\\\\\",\\\\\\\"productionModel\\\\\\\":\\\\\\\"测试型号1\\\\\\\",\\\\\\\"state\\\\\\\":\\\\\\\"已退回\\\\\\\",\\\\\\\"version\\\\\\\":\\\\\\\"085701a2859347619b68f55681d2158e\\\\\\\"}\\\",\\\"txId\\\":\\\"085701a2859347619b68f55681d2158e\\\"}\",\"type\":\"JSON\"},\"type\":\"RAW\",\"xwwwFormUrlEncodedBody\":[]}',404,'{\n	\"timestamp\":\"2024-05-19 23:02:05\",\n	\"status\":404,\n	\"error\":\"Not Found\",\n	\"message\":\"No message available\",\n	\"path\":\"/chain/putState\"\n}','[{\"description\":\"\",\"key\":\"Vary\",\"required\":false,\"type\":\"String\",\"value\":\"Access-Control-Request-Headers\"},{\"description\":\"\",\"key\":\"Content-Type\",\"required\":false,\"type\":\"String\",\"value\":\"multipart/form-data\"},{\"description\":\"\",\"key\":\"Content-Length\",\"required\":false,\"type\":\"String\",\"value\":\"137\"},{\"description\":\"\",\"key\":\"Date\",\"required\":false,\"type\":\"String\",\"value\":\"Sun, 19 May 2024 15:02:05 GMT\"},{\"description\":\"\",\"key\":\"Keep-Alive\",\"required\":false,\"type\":\"String\",\"value\":\"timeout=60\"},{\"description\":\"\",\"key\":\"Connection\",\"required\":false,\"type\":\"String\",\"value\":\"keep-alive\"}]',NULL,'2024-05-19 23:02:05'),('7cdfc4aa84ba4571a35ce65541dab637','0f471fb2015a414c946c775c319810ad','ccf44c48755244bbb945b4d8c9877b63',1,'[]','[]','[]','{\"binaryBody\":\"\",\"formDataBody\":[],\"graphQLBody\":\"\",\"rawBody\":null,\"type\":\"NONE\",\"xwwwFormUrlEncodedBody\":[]}',200,NULL,'[{\"description\":\"\",\"key\":\"Cache-Control\",\"required\":false,\"type\":\"String\",\"value\":\"private, no-cache, no-store, proxy-revalidate, no-transform\"},{\"description\":\"\",\"key\":\"Connection\",\"required\":false,\"type\":\"String\",\"value\":\"keep-alive\"},{\"description\":\"\",\"key\":\"Content-Type\",\"required\":false,\"type\":\"String\",\"value\":\"text/html\"},{\"description\":\"\",\"key\":\"Date\",\"required\":false,\"type\":\"String\",\"value\":\"Sun, 19 May 2024 09:59:08 GMT\"},{\"description\":\"\",\"key\":\"Last-Modified\",\"required\":false,\"type\":\"String\",\"value\":\"Mon, 23 Jan 2017 13:27:36 GMT\"},{\"description\":\"\",\"key\":\"Pragma\",\"required\":false,\"type\":\"String\",\"value\":\"no-cache\"},{\"description\":\"\",\"key\":\"Server\",\"required\":false,\"type\":\"String\",\"value\":\"bfe/1.0.8.18\"},{\"description\":\"\",\"key\":\"Set-Cookie\",\"required\":false,\"type\":\"String\",\"value\":\"BDORZ=27315; max-age=86400; domain=.baidu.com; path=/\"},{\"description\":\"\",\"key\":\"Transfer-Encoding\",\"required\":false,\"type\":\"String\",\"value\":\"chunked\"}]','{\"binaryBody\":\"\",\"graphQLBody\":\"\",\"rawBody\":{\"body\":\"<!DOCTYPE html>\\r\\n<!--STATUS OK--><html> <head><meta http-equiv=content-type content=text/html;charset=utf-8><meta http-equiv=X-UA-Compatible content=IE=Edge><meta content=always name=referrer><link rel=stylesheet type=text/css href=http://s1.bdstatic.com/r/www/cache/bdorz/baidu.min.css><title>百度一下，你就知道</title></head> <body link=#0000cc> <div id=wrapper> <div id=head> <div class=head_wrapper> <div class=s_form> <div class=s_form_wrapper> <div id=lg> <img hidefocus=true src=//www.baidu.com/img/bd_logo1.png width=270 height=129> </div> <form id=form name=f action=//www.baidu.com/s class=fm> <input type=hidden name=bdorz_come value=1> <input type=hidden name=ie value=utf-8> <input type=hidden name=f value=8> <input type=hidden name=rsv_bp value=1> <input type=hidden name=rsv_idx value=1> <input type=hidden name=tn value=baidu><span class=\\\"bg s_ipt_wr\\\"><input id=kw name=wd class=s_ipt value maxlength=255 autocomplete=off autofocus></span><span class=\\\"bg s_btn_wr\\\"><input type=submit id=su value=百度一下 class=\\\"bg s_btn\\\"></span> </form> </div> </div> <div id=u1> <a href=http://news.baidu.com name=tj_trnews class=mnav>新闻</a> <a href=http://www.hao123.com name=tj_trhao123 class=mnav>hao123</a> <a href=http://map.baidu.com name=tj_trmap class=mnav>地图</a> <a href=http://v.baidu.com name=tj_trvideo class=mnav>视频</a> <a href=http://tieba.baidu.com name=tj_trtieba class=mnav>贴吧</a> <noscript> <a href=http://www.baidu.com/bdorz/login.gif?login&amp;tpl=mn&amp;u=http%3A%2F%2Fwww.baidu.com%2f%3fbdorz_come%3d1 name=tj_login class=lb>登录</a> </noscript> <script>document.write(\'<a href=\\\"http://www.baidu.com/bdorz/login.gif?login&tpl=mn&u=\'+ encodeURIComponent(window.location.href+ (window.location.search === \\\"\\\" ? \\\"?\\\" : \\\"&\\\")+ \\\"bdorz_come=1\\\")+ \'\\\" name=\\\"tj_login\\\" class=\\\"lb\\\">登录</a>\');</script> <a href=//www.baidu.com/more/ name=tj_briicon class=bri style=\\\"display: block;\\\">更多产品</a> </div> </div> </div> <div id=ftCon> <div id=ftConw> <p id=lh> <a href=http://home.baidu.com>关于百度</a> <a href=http://ir.baidu.com>About Baidu</a> </p> <p id=cp>&copy;2017&nbsp;Baidu&nbsp;<a href=http://www.baidu.com/duty/>使用百度前必读</a>&nbsp; <a href=http://jianyi.baidu.com/ class=cp-feedback>意见反馈</a>&nbsp;京ICP证030173号&nbsp; <img src=//www.baidu.com/img/gs.gif> </p> </div> </div> </div> </body> </html>\\r\\n\",\"type\":\"HTML\"},\"type\":\"RAW\"}','2024-05-19 17:59:08'),('7f64ae4245a44024a316e3ced29d1d57','10c8f3cef4bf4b5096295d9354c1023d','ccf44c48755244bbb945b4d8c9877b63',2,NULL,NULL,NULL,'{\"binaryBody\":\"\",\"formDataBody\":[],\"graphQLBody\":\"\",\"rawBody\":{\"body\":\"{\\\"key\\\":\\\"320506199706024014\\\",\\\"field\\\":\\\"certificate\\\"}\",\"type\":\"JSON\"},\"type\":\"RAW\",\"xwwwFormUrlEncodedBody\":[]}',200,NULL,'[{\"description\":\"\",\"key\":\"Content-Type\",\"required\":false,\"type\":\"String\",\"value\":\"multipart/form-data\"},{\"description\":\"\",\"key\":\"Content-Length\",\"required\":false,\"type\":\"String\",\"value\":\"410\"},{\"description\":\"\",\"key\":\"Date\",\"required\":false,\"type\":\"String\",\"value\":\"Sun, 19 May 2024 15:21:45 GMT\"},{\"description\":\"\",\"key\":\"Keep-Alive\",\"required\":false,\"type\":\"String\",\"value\":\"timeout=60\"},{\"description\":\"\",\"key\":\"Connection\",\"required\":false,\"type\":\"String\",\"value\":\"keep-alive\"}]','{\"binaryBody\":\"\",\"graphQLBody\":\"\",\"rawBody\":{\"body\":\"{\\n\\t\\\"code\\\":1000,\\n\\t\\\"data\\\":\\\"{\\\\\\\"componentList\\\\\\\":[],\\\\\\\"creationTime\\\\\\\":\\\\\\\"2024-05-19 23:11:04.382\\\\\\\",\\\\\\\"inspection\\\\\\\":[],\\\\\\\"lastModified\\\\\\\":\\\\\\\"2024-05-19 23:11:04.382\\\\\\\",\\\\\\\"productionDate\\\\\\\":\\\\\\\"2024-05-02 00:00:00\\\\\\\",\\\\\\\"productionDepartment\\\\\\\":\\\\\\\"测试部门2\\\\\\\",\\\\\\\"productionId\\\\\\\":\\\\\\\"320506199706024014\\\\\\\",\\\\\\\"productionModel\\\\\\\":\\\\\\\"测试型号1\\\\\\\",\\\\\\\"state\\\\\\\":\\\\\\\"已退回\\\\\\\",\\\\\\\"version\\\\\\\":\\\\\\\"5280d744e2db4becad83b7e3d9550efd\\\\\\\"}\\\",\\n\\t\\\"message\\\":\\\"\\\"\\n}\",\"type\":\"JSON\"},\"type\":\"RAW\"}','2024-05-19 23:21:45'),('81acbfdb994546e29c7dd80e2ffba59e','0f471fb2015a414c946c775c319810ad','ccf44c48755244bbb945b4d8c9877b63',1,'[]','[]','[]','{\"binaryBody\":\"\",\"formDataBody\":[],\"graphQLBody\":\"\",\"rawBody\":null,\"type\":\"NONE\",\"xwwwFormUrlEncodedBody\":[]}',200,NULL,'[{\"description\":\"\",\"key\":\"Cache-Control\",\"required\":false,\"type\":\"String\",\"value\":\"private, no-cache, no-store, proxy-revalidate, no-transform\"},{\"description\":\"\",\"key\":\"Connection\",\"required\":false,\"type\":\"String\",\"value\":\"keep-alive\"},{\"description\":\"\",\"key\":\"Content-Type\",\"required\":false,\"type\":\"String\",\"value\":\"text/html\"},{\"description\":\"\",\"key\":\"Date\",\"required\":false,\"type\":\"String\",\"value\":\"Sun, 19 May 2024 09:52:56 GMT\"},{\"description\":\"\",\"key\":\"Last-Modified\",\"required\":false,\"type\":\"String\",\"value\":\"Mon, 23 Jan 2017 13:27:36 GMT\"},{\"description\":\"\",\"key\":\"Pragma\",\"required\":false,\"type\":\"String\",\"value\":\"no-cache\"},{\"description\":\"\",\"key\":\"Server\",\"required\":false,\"type\":\"String\",\"value\":\"bfe/1.0.8.18\"},{\"description\":\"\",\"key\":\"Set-Cookie\",\"required\":false,\"type\":\"String\",\"value\":\"BDORZ=27315; max-age=86400; domain=.baidu.com; path=/\"},{\"description\":\"\",\"key\":\"Transfer-Encoding\",\"required\":false,\"type\":\"String\",\"value\":\"chunked\"}]','{\"binaryBody\":\"\",\"graphQLBody\":\"\",\"rawBody\":{\"body\":\"\",\"type\":\"JSON\"},\"type\":\"NONE\"}','2024-05-19 17:52:56'),('8244972f172e40e399d57037f217e6b6','10c8f3cef4bf4b5096295d9354c1023d','ccf44c48755244bbb945b4d8c9877b63',2,NULL,NULL,NULL,'{\"binaryBody\":\"\",\"formDataBody\":[],\"graphQLBody\":\"\",\"rawBody\":{\"body\":\"{\\\"key\\\":\\\"320506199706024014\\\",\\\"field\\\":\\\"certificate\\\"}\",\"type\":\"JSON\"},\"type\":\"RAW\",\"xwwwFormUrlEncodedBody\":[]}',200,NULL,'[{\"description\":\"\",\"key\":\"Content-Type\",\"required\":false,\"type\":\"String\",\"value\":\"multipart/form-data\"},{\"description\":\"\",\"key\":\"Content-Length\",\"required\":false,\"type\":\"String\",\"value\":\"405\"},{\"description\":\"\",\"key\":\"Date\",\"required\":false,\"type\":\"String\",\"value\":\"Sun, 19 May 2024 15:35:13 GMT\"},{\"description\":\"\",\"key\":\"Keep-Alive\",\"required\":false,\"type\":\"String\",\"value\":\"timeout=60\"},{\"description\":\"\",\"key\":\"Connection\",\"required\":false,\"type\":\"String\",\"value\":\"keep-alive\"}]','{\"binaryBody\":\"\",\"graphQLBody\":\"\",\"rawBody\":{\"body\":\"{\\n\\t\\\"code\\\":1000,\\n\\t\\\"data\\\":\\\"{\\\\\\\"componentList\\\\\\\":[{\\\\\\\"componentId\\\\\\\":\\\\\\\"130926199612161482\\\\\\\"}],\\\\\\\"inspection\\\\\\\":[],\\\\\\\"lastModified\\\\\\\":\\\\\\\"2024-05-19 23:21:59.819\\\\\\\",\\\\\\\"productionDate\\\\\\\":\\\\\\\"2024-05-02 00:00:00\\\\\\\",\\\\\\\"productionDepartment\\\\\\\":\\\\\\\"测试部门2\\\\\\\",\\\\\\\"productionId\\\\\\\":\\\\\\\"320506199706024014\\\\\\\",\\\\\\\"productionModel\\\\\\\":\\\\\\\"测试型号1\\\\\\\",\\\\\\\"state\\\\\\\":\\\\\\\"已退回\\\\\\\",\\\\\\\"version\\\\\\\":\\\\\\\"9fc5606b46c34b10b3063f4c5600e16b\\\\\\\"}\\\",\\n\\t\\\"message\\\":\\\"\\\"\\n}\",\"type\":\"JSON\"},\"type\":\"RAW\"}','2024-05-19 23:35:13'),('84dfc2e3618145de8fddf99caf9568f8','10c8f3cef4bf4b5096295d9354c1023d','ccf44c48755244bbb945b4d8c9877b63',2,NULL,NULL,NULL,'{\"binaryBody\":\"\",\"formDataBody\":[],\"graphQLBody\":\"\",\"rawBody\":{\"body\":\"{\\\"key\\\":\\\"R58N60MV001\\\",\\\"field\\\":\\\"certificate\\\"}\",\"type\":\"JSON\"},\"type\":\"RAW\",\"xwwwFormUrlEncodedBody\":[]}',200,NULL,'[{\"description\":\"\",\"key\":\"Vary\",\"required\":false,\"type\":\"String\",\"value\":\"Access-Control-Request-Headers\"},{\"description\":\"\",\"key\":\"Content-Type\",\"required\":false,\"type\":\"String\",\"value\":\"multipart/form-data\"},{\"description\":\"\",\"key\":\"Content-Length\",\"required\":false,\"type\":\"String\",\"value\":\"674\"},{\"description\":\"\",\"key\":\"Date\",\"required\":false,\"type\":\"String\",\"value\":\"Sun, 19 May 2024 14:25:49 GMT\"},{\"description\":\"\",\"key\":\"Keep-Alive\",\"required\":false,\"type\":\"String\",\"value\":\"timeout=60\"},{\"description\":\"\",\"key\":\"Connection\",\"required\":false,\"type\":\"String\",\"value\":\"keep-alive\"}]','{\"binaryBody\":\"\",\"graphQLBody\":\"\",\"rawBody\":{\"body\":\"{\\n\\t\\\"code\\\":1000,\\n\\t\\\"data\\\":\\\"{\\\\\\\"componentList\\\\\\\":[{\\\\\\\"componentId\\\\\\\":\\\\\\\"R2178472MX02\\\\\\\"},{\\\\\\\"componentId\\\\\\\":\\\\\\\"S34123214321X\\\\\\\"},{\\\\\\\"componentId\\\\\\\":\\\\\\\"S34BHDS23210\\\\\\\"}],\\\\\\\"inspection\\\\\\\":[{\\\\\\\"standard\\\\\\\":\\\\\\\"Q/LGD001-2000\\\\\\\",\\\\\\\"inspector\\\\\\\":\\\\\\\"JC检03\\\\\\\",\\\\\\\"time\\\\\\\":\\\\\\\"2024-05-01 00:00:02\\\\\\\"},{\\\\\\\"standard\\\\\\\":\\\\\\\"GB6675.1-2014\\\\\\\",\\\\\\\"inspector\\\\\\\":\\\\\\\"JC检04\\\\\\\",\\\\\\\"time\\\\\\\":\\\\\\\"2024-05-06 00:32:00\\\\\\\"}],\\\\\\\"lastModified\\\\\\\":\\\\\\\"2024-05-19 16:10:05.604\\\\\\\",\\\\\\\"productionDate\\\\\\\":\\\\\\\"2024-05-15 00:00:00\\\\\\\",\\\\\\\"productionDepartment\\\\\\\":\\\\\\\"中国航发沈阳黎明航空发动机\\\\\\\",\\\\\\\"productionId\\\\\\\":\\\\\\\"R58N60MV001\\\\\\\",\\\\\\\"productionModel\\\\\\\":\\\\\\\"FWS-10发动机\\\\\\\",\\\\\\\"state\\\\\\\":\\\\\\\"已退回\\\\\\\",\\\\\\\"version\\\\\\\":\\\\\\\"cc98f681befa47a5932b0c3100dd29dc\\\\\\\"}\\\",\\n\\t\\\"message\\\":\\\"\\\"\\n}\",\"type\":\"JSON\"},\"type\":\"RAW\"}','2024-05-19 22:25:49'),('8618679f48f7410f9c70605c4ab806bc','0f471fb2015a414c946c775c319810ad','ccf44c48755244bbb945b4d8c9877b63',2,NULL,NULL,NULL,NULL,200,NULL,'[{\"description\":\"\",\"key\":\"Cache-Control\",\"required\":false,\"type\":\"String\",\"value\":\"private, no-cache, no-store, proxy-revalidate, no-transform\"},{\"description\":\"\",\"key\":\"Connection\",\"required\":false,\"type\":\"String\",\"value\":\"keep-alive\"},{\"description\":\"\",\"key\":\"Content-Type\",\"required\":false,\"type\":\"String\",\"value\":\"text/html\"},{\"description\":\"\",\"key\":\"Date\",\"required\":false,\"type\":\"String\",\"value\":\"Sun, 19 May 2024 09:47:39 GMT\"},{\"description\":\"\",\"key\":\"Last-Modified\",\"required\":false,\"type\":\"String\",\"value\":\"Mon, 23 Jan 2017 13:27:36 GMT\"},{\"description\":\"\",\"key\":\"Pragma\",\"required\":false,\"type\":\"String\",\"value\":\"no-cache\"},{\"description\":\"\",\"key\":\"Server\",\"required\":false,\"type\":\"String\",\"value\":\"bfe/1.0.8.18\"},{\"description\":\"\",\"key\":\"Set-Cookie\",\"required\":false,\"type\":\"String\",\"value\":\"BDORZ=27315; max-age=86400; domain=.baidu.com; path=/\"},{\"description\":\"\",\"key\":\"Transfer-Encoding\",\"required\":false,\"type\":\"String\",\"value\":\"chunked\"}]','{\"binaryBody\":\"\",\"graphQLBody\":\"\",\"rawBody\":{\"body\":\"\",\"type\":\"JSON\"},\"type\":\"NONE\"}','2024-05-19 17:47:39'),('8754d6adcba84f9091be5c722d6bb838','3426d681992e4a7392e5d44d1064eb25','4550aa8ee620484dad157d039d8b6909',1,'[]','[]','[]','{\"binaryBody\":\"api/invoke/log/8754d6adcba84f9091be5c722d6bb838/7e6a91659f645109dfcd40f574bd5737.zip\",\"formDataBody\":[],\"graphQLBody\":\"\",\"rawBody\":null,\"type\":\"BINARY\",\"xwwwFormUrlEncodedBody\":[]}',200,NULL,'[{\"description\":\"\",\"key\":\"Content-Type\",\"required\":false,\"type\":\"String\",\"value\":\"image/jpeg\"},{\"description\":\"\",\"key\":\"Transfer-Encoding\",\"required\":false,\"type\":\"String\",\"value\":\"chunked\"},{\"description\":\"\",\"key\":\"Date\",\"required\":false,\"type\":\"String\",\"value\":\"Mon, 25 Mar 2024 17:04:32 GMT\"},{\"description\":\"\",\"key\":\"Keep-Alive\",\"required\":false,\"type\":\"String\",\"value\":\"timeout=60\"},{\"description\":\"\",\"key\":\"Connection\",\"required\":false,\"type\":\"String\",\"value\":\"keep-alive\"}]','{\"binaryBody\":\"api/invoke/log/8754d6adcba84f9091be5c722d6bb838/3e27cb04977eb070f8ef66aede92e2b9.jpg\",\"graphQLBody\":\"\",\"rawBody\":{\"body\":\"\",\"type\":\"JSON\"},\"type\":\"BINARY\"}','2024-03-26 01:04:33'),('8ac22c52349846c3867d240b69abd5a7','10c8f3cef4bf4b5096295d9354c1023d','ccf44c48755244bbb945b4d8c9877b63',2,NULL,NULL,NULL,'{\"binaryBody\":\"\",\"formDataBody\":[],\"graphQLBody\":\"\",\"rawBody\":{\"body\":\"{\\\"key\\\":\\\"320506199706024014\\\",\\\"field\\\":\\\"certificate\\\"}\",\"type\":\"JSON\"},\"type\":\"RAW\",\"xwwwFormUrlEncodedBody\":[]}',200,NULL,'[{\"description\":\"\",\"key\":\"Content-Type\",\"required\":false,\"type\":\"String\",\"value\":\"multipart/form-data\"},{\"description\":\"\",\"key\":\"Content-Length\",\"required\":false,\"type\":\"String\",\"value\":\"405\"},{\"description\":\"\",\"key\":\"Date\",\"required\":false,\"type\":\"String\",\"value\":\"Sun, 19 May 2024 15:33:09 GMT\"},{\"description\":\"\",\"key\":\"Keep-Alive\",\"required\":false,\"type\":\"String\",\"value\":\"timeout=60\"},{\"description\":\"\",\"key\":\"Connection\",\"required\":false,\"type\":\"String\",\"value\":\"keep-alive\"}]','{\"binaryBody\":\"\",\"graphQLBody\":\"\",\"rawBody\":{\"body\":\"{\\n\\t\\\"code\\\":1000,\\n\\t\\\"data\\\":\\\"{\\\\\\\"componentList\\\\\\\":[{\\\\\\\"componentId\\\\\\\":\\\\\\\"130926199612161482\\\\\\\"}],\\\\\\\"inspection\\\\\\\":[],\\\\\\\"lastModified\\\\\\\":\\\\\\\"2024-05-19 23:21:59.819\\\\\\\",\\\\\\\"productionDate\\\\\\\":\\\\\\\"2024-05-02 00:00:00\\\\\\\",\\\\\\\"productionDepartment\\\\\\\":\\\\\\\"测试部门2\\\\\\\",\\\\\\\"productionId\\\\\\\":\\\\\\\"320506199706024014\\\\\\\",\\\\\\\"productionModel\\\\\\\":\\\\\\\"测试型号1\\\\\\\",\\\\\\\"state\\\\\\\":\\\\\\\"已退回\\\\\\\",\\\\\\\"version\\\\\\\":\\\\\\\"9fc5606b46c34b10b3063f4c5600e16b\\\\\\\"}\\\",\\n\\t\\\"message\\\":\\\"\\\"\\n}\",\"type\":\"JSON\"},\"type\":\"RAW\"}','2024-05-19 23:33:09'),('8c74a9969c9e4a0d803545d2ae4092e5','784dd4e4e09a4967928999d03c567a5c','ccf44c48755244bbb945b4d8c9877b63',2,NULL,NULL,NULL,'{\"binaryBody\":\"\",\"formDataBody\":[],\"graphQLBody\":\"\",\"rawBody\":{\"body\":\"{\\\"key\\\":\\\"320506199706024014\\\",\\\"field\\\":\\\"certificate\\\"}\",\"type\":\"JSON\"},\"type\":\"RAW\",\"xwwwFormUrlEncodedBody\":[]}',200,NULL,'[{\"description\":\"\",\"key\":\"Content-Type\",\"required\":false,\"type\":\"String\",\"value\":\"multipart/form-data\"},{\"description\":\"\",\"key\":\"Content-Length\",\"required\":false,\"type\":\"String\",\"value\":\"1323\"},{\"description\":\"\",\"key\":\"Date\",\"required\":false,\"type\":\"String\",\"value\":\"Sun, 19 May 2024 15:33:04 GMT\"},{\"description\":\"\",\"key\":\"Keep-Alive\",\"required\":false,\"type\":\"String\",\"value\":\"timeout=60\"},{\"description\":\"\",\"key\":\"Connection\",\"required\":false,\"type\":\"String\",\"value\":\"keep-alive\"}]','{\"binaryBody\":\"\",\"graphQLBody\":\"\",\"rawBody\":{\"body\":\"{\\n\\t\\\"code\\\":1000,\\n\\t\\\"data\\\":\\\"[{\\\\\\\"count\\\\\\\":1,\\\\\\\"key\\\\\\\":\\\\\\\"320506199706024014\\\\\\\",\\\\\\\"field\\\\\\\":\\\\\\\"certificate\\\\\\\",\\\\\\\"value\\\\\\\":\\\\\\\"{\\\\\\\\\\\\\\\"componentList\\\\\\\\\\\\\\\":[],\\\\\\\\\\\\\\\"creationTime\\\\\\\\\\\\\\\":\\\\\\\\\\\\\\\"2024-05-19 23:11:04.382\\\\\\\\\\\\\\\",\\\\\\\\\\\\\\\"inspection\\\\\\\\\\\\\\\":[],\\\\\\\\\\\\\\\"lastModified\\\\\\\\\\\\\\\":\\\\\\\\\\\\\\\"2024-05-19 23:11:04.382\\\\\\\\\\\\\\\",\\\\\\\\\\\\\\\"productionDate\\\\\\\\\\\\\\\":\\\\\\\\\\\\\\\"2024-05-02 00:00:00\\\\\\\\\\\\\\\",\\\\\\\\\\\\\\\"productionDepartment\\\\\\\\\\\\\\\":\\\\\\\\\\\\\\\"测试部门2\\\\\\\\\\\\\\\",\\\\\\\\\\\\\\\"productionId\\\\\\\\\\\\\\\":\\\\\\\\\\\\\\\"320506199706024014\\\\\\\\\\\\\\\",\\\\\\\\\\\\\\\"productionModel\\\\\\\\\\\\\\\":\\\\\\\\\\\\\\\"测试型号1\\\\\\\\\\\\\\\",\\\\\\\\\\\\\\\"state\\\\\\\\\\\\\\\":\\\\\\\\\\\\\\\"已退回\\\\\\\\\\\\\\\",\\\\\\\\\\\\\\\"version\\\\\\\\\\\\\\\":\\\\\\\\\\\\\\\"5280d744e2db4becad83b7e3d9550efd\\\\\\\\\\\\\\\"}\\\\\\\",\\\\\\\"txId\\\\\\\":\\\\\\\"5280d744e2db4becad83b7e3d9550efd\\\\\\\",\\\\\\\"blockHeight\\\\\\\":\\\\\\\"×\\\\\\\",\\\\\\\"isDelete\\\\\\\":false,\\\\\\\"timestamp\\\\\\\":\\\\\\\"1716131464\\\\\\\"},{\\\\\\\"count\\\\\\\":2,\\\\\\\"key\\\\\\\":\\\\\\\"320506199706024014\\\\\\\",\\\\\\\"field\\\\\\\":\\\\\\\"certificate\\\\\\\",\\\\\\\"value\\\\\\\":\\\\\\\"{\\\\\\\\\\\\\\\"componentList\\\\\\\\\\\\\\\":[{\\\\\\\\\\\\\\\"componentId\\\\\\\\\\\\\\\":\\\\\\\\\\\\\\\"130926199612161482\\\\\\\\\\\\\\\"}],\\\\\\\\\\\\\\\"inspection\\\\\\\\\\\\\\\":[],\\\\\\\\\\\\\\\"lastModified\\\\\\\\\\\\\\\":\\\\\\\\\\\\\\\"2024-05-19 23:21:59.819\\\\\\\\\\\\\\\",\\\\\\\\\\\\\\\"productionDate\\\\\\\\\\\\\\\":\\\\\\\\\\\\\\\"2024-05-02 00:00:00\\\\\\\\\\\\\\\",\\\\\\\\\\\\\\\"productionDepartment\\\\\\\\\\\\\\\":\\\\\\\\\\\\\\\"测试部门2\\\\\\\\\\\\\\\",\\\\\\\\\\\\\\\"productionId\\\\\\\\\\\\\\\":\\\\\\\\\\\\\\\"320506199706024014\\\\\\\\\\\\\\\",\\\\\\\\\\\\\\\"productionModel\\\\\\\\\\\\\\\":\\\\\\\\\\\\\\\"测试型号1\\\\\\\\\\\\\\\",\\\\\\\\\\\\\\\"state\\\\\\\\\\\\\\\":\\\\\\\\\\\\\\\"已退回\\\\\\\\\\\\\\\",\\\\\\\\\\\\\\\"version\\\\\\\\\\\\\\\":\\\\\\\\\\\\\\\"9fc5606b46c34b10b3063f4c5600e16b\\\\\\\\\\\\\\\"}\\\\\\\",\\\\\\\"txId\\\\\\\":\\\\\\\"9fc5606b46c34b10b3063f4c5600e16b\\\\\\\",\\\\\\\"blockHeight\\\\\\\":\\\\\\\"ç\\\\\\\",\\\\\\\"isDelete\\\\\\\":false,\\\\\\\"timestamp\\\\\\\":\\\\\\\"1716132119\\\\\\\"}]\\\",\\n\\t\\\"message\\\":\\\"\\\"\\n}\",\"type\":\"JSON\"},\"type\":\"RAW\"}','2024-05-19 23:33:04'),('8ce1ed929d1946f183871cce4e495c61','10c8f3cef4bf4b5096295d9354c1023d','ccf44c48755244bbb945b4d8c9877b63',2,NULL,NULL,NULL,'{\"binaryBody\":\"\",\"formDataBody\":[],\"graphQLBody\":\"\",\"rawBody\":{\"body\":\"{\\\"key\\\":\\\"320506199706024014\\\",\\\"field\\\":\\\"certificate\\\"}\",\"type\":\"JSON\"},\"type\":\"RAW\",\"xwwwFormUrlEncodedBody\":[]}',200,NULL,'[{\"description\":\"\",\"key\":\"Content-Type\",\"required\":false,\"type\":\"String\",\"value\":\"multipart/form-data\"},{\"description\":\"\",\"key\":\"Content-Length\",\"required\":false,\"type\":\"String\",\"value\":\"405\"},{\"description\":\"\",\"key\":\"Date\",\"required\":false,\"type\":\"String\",\"value\":\"Sun, 19 May 2024 15:33:04 GMT\"},{\"description\":\"\",\"key\":\"Keep-Alive\",\"required\":false,\"type\":\"String\",\"value\":\"timeout=60\"},{\"description\":\"\",\"key\":\"Connection\",\"required\":false,\"type\":\"String\",\"value\":\"keep-alive\"}]','{\"binaryBody\":\"\",\"graphQLBody\":\"\",\"rawBody\":{\"body\":\"{\\n\\t\\\"code\\\":1000,\\n\\t\\\"data\\\":\\\"{\\\\\\\"componentList\\\\\\\":[{\\\\\\\"componentId\\\\\\\":\\\\\\\"130926199612161482\\\\\\\"}],\\\\\\\"inspection\\\\\\\":[],\\\\\\\"lastModified\\\\\\\":\\\\\\\"2024-05-19 23:21:59.819\\\\\\\",\\\\\\\"productionDate\\\\\\\":\\\\\\\"2024-05-02 00:00:00\\\\\\\",\\\\\\\"productionDepartment\\\\\\\":\\\\\\\"测试部门2\\\\\\\",\\\\\\\"productionId\\\\\\\":\\\\\\\"320506199706024014\\\\\\\",\\\\\\\"productionModel\\\\\\\":\\\\\\\"测试型号1\\\\\\\",\\\\\\\"state\\\\\\\":\\\\\\\"已退回\\\\\\\",\\\\\\\"version\\\\\\\":\\\\\\\"9fc5606b46c34b10b3063f4c5600e16b\\\\\\\"}\\\",\\n\\t\\\"message\\\":\\\"\\\"\\n}\",\"type\":\"JSON\"},\"type\":\"RAW\"}','2024-05-19 23:33:04'),('901788bae04e4c2bb32667ae374f7f1e','784dd4e4e09a4967928999d03c567a5c','ccf44c48755244bbb945b4d8c9877b63',2,NULL,NULL,NULL,'{\"binaryBody\":\"\",\"formDataBody\":[],\"graphQLBody\":\"\",\"rawBody\":{\"body\":\"{\\\"key\\\":\\\"320506199706024014\\\",\\\"field\\\":\\\"certificate\\\"}\",\"type\":\"JSON\"},\"type\":\"RAW\",\"xwwwFormUrlEncodedBody\":[]}',200,NULL,'[{\"description\":\"\",\"key\":\"Content-Type\",\"required\":false,\"type\":\"String\",\"value\":\"multipart/form-data\"},{\"description\":\"\",\"key\":\"Content-Length\",\"required\":false,\"type\":\"String\",\"value\":\"1323\"},{\"description\":\"\",\"key\":\"Date\",\"required\":false,\"type\":\"String\",\"value\":\"Sun, 19 May 2024 15:33:22 GMT\"},{\"description\":\"\",\"key\":\"Keep-Alive\",\"required\":false,\"type\":\"String\",\"value\":\"timeout=60\"},{\"description\":\"\",\"key\":\"Connection\",\"required\":false,\"type\":\"String\",\"value\":\"keep-alive\"}]','{\"binaryBody\":\"\",\"graphQLBody\":\"\",\"rawBody\":{\"body\":\"{\\n\\t\\\"code\\\":1000,\\n\\t\\\"data\\\":\\\"[{\\\\\\\"count\\\\\\\":1,\\\\\\\"key\\\\\\\":\\\\\\\"320506199706024014\\\\\\\",\\\\\\\"field\\\\\\\":\\\\\\\"certificate\\\\\\\",\\\\\\\"value\\\\\\\":\\\\\\\"{\\\\\\\\\\\\\\\"componentList\\\\\\\\\\\\\\\":[],\\\\\\\\\\\\\\\"creationTime\\\\\\\\\\\\\\\":\\\\\\\\\\\\\\\"2024-05-19 23:11:04.382\\\\\\\\\\\\\\\",\\\\\\\\\\\\\\\"inspection\\\\\\\\\\\\\\\":[],\\\\\\\\\\\\\\\"lastModified\\\\\\\\\\\\\\\":\\\\\\\\\\\\\\\"2024-05-19 23:11:04.382\\\\\\\\\\\\\\\",\\\\\\\\\\\\\\\"productionDate\\\\\\\\\\\\\\\":\\\\\\\\\\\\\\\"2024-05-02 00:00:00\\\\\\\\\\\\\\\",\\\\\\\\\\\\\\\"productionDepartment\\\\\\\\\\\\\\\":\\\\\\\\\\\\\\\"测试部门2\\\\\\\\\\\\\\\",\\\\\\\\\\\\\\\"productionId\\\\\\\\\\\\\\\":\\\\\\\\\\\\\\\"320506199706024014\\\\\\\\\\\\\\\",\\\\\\\\\\\\\\\"productionModel\\\\\\\\\\\\\\\":\\\\\\\\\\\\\\\"测试型号1\\\\\\\\\\\\\\\",\\\\\\\\\\\\\\\"state\\\\\\\\\\\\\\\":\\\\\\\\\\\\\\\"已退回\\\\\\\\\\\\\\\",\\\\\\\\\\\\\\\"version\\\\\\\\\\\\\\\":\\\\\\\\\\\\\\\"5280d744e2db4becad83b7e3d9550efd\\\\\\\\\\\\\\\"}\\\\\\\",\\\\\\\"txId\\\\\\\":\\\\\\\"5280d744e2db4becad83b7e3d9550efd\\\\\\\",\\\\\\\"blockHeight\\\\\\\":\\\\\\\"×\\\\\\\",\\\\\\\"isDelete\\\\\\\":false,\\\\\\\"timestamp\\\\\\\":\\\\\\\"1716131464\\\\\\\"},{\\\\\\\"count\\\\\\\":2,\\\\\\\"key\\\\\\\":\\\\\\\"320506199706024014\\\\\\\",\\\\\\\"field\\\\\\\":\\\\\\\"certificate\\\\\\\",\\\\\\\"value\\\\\\\":\\\\\\\"{\\\\\\\\\\\\\\\"componentList\\\\\\\\\\\\\\\":[{\\\\\\\\\\\\\\\"componentId\\\\\\\\\\\\\\\":\\\\\\\\\\\\\\\"130926199612161482\\\\\\\\\\\\\\\"}],\\\\\\\\\\\\\\\"inspection\\\\\\\\\\\\\\\":[],\\\\\\\\\\\\\\\"lastModified\\\\\\\\\\\\\\\":\\\\\\\\\\\\\\\"2024-05-19 23:21:59.819\\\\\\\\\\\\\\\",\\\\\\\\\\\\\\\"productionDate\\\\\\\\\\\\\\\":\\\\\\\\\\\\\\\"2024-05-02 00:00:00\\\\\\\\\\\\\\\",\\\\\\\\\\\\\\\"productionDepartment\\\\\\\\\\\\\\\":\\\\\\\\\\\\\\\"测试部门2\\\\\\\\\\\\\\\",\\\\\\\\\\\\\\\"productionId\\\\\\\\\\\\\\\":\\\\\\\\\\\\\\\"320506199706024014\\\\\\\\\\\\\\\",\\\\\\\\\\\\\\\"productionModel\\\\\\\\\\\\\\\":\\\\\\\\\\\\\\\"测试型号1\\\\\\\\\\\\\\\",\\\\\\\\\\\\\\\"state\\\\\\\\\\\\\\\":\\\\\\\\\\\\\\\"已退回\\\\\\\\\\\\\\\",\\\\\\\\\\\\\\\"version\\\\\\\\\\\\\\\":\\\\\\\\\\\\\\\"9fc5606b46c34b10b3063f4c5600e16b\\\\\\\\\\\\\\\"}\\\\\\\",\\\\\\\"txId\\\\\\\":\\\\\\\"9fc5606b46c34b10b3063f4c5600e16b\\\\\\\",\\\\\\\"blockHeight\\\\\\\":\\\\\\\"ç\\\\\\\",\\\\\\\"isDelete\\\\\\\":false,\\\\\\\"timestamp\\\\\\\":\\\\\\\"1716132119\\\\\\\"}]\\\",\\n\\t\\\"message\\\":\\\"\\\"\\n}\",\"type\":\"JSON\"},\"type\":\"RAW\"}','2024-05-19 23:33:23'),('927c07d8543f463ab57391d6f00b1a68','f088170643284199b89d5f45f9b557df','4550aa8ee620484dad157d039d8b6909',1,'[]','[]','[]','{\"binaryBody\":null,\"formDataBody\":[],\"graphQLBody\":\"\",\"rawBody\":null,\"type\":\"X_WWW_FORM_URLENCODED\",\"xwwwFormUrlEncodedBody\":[{\"description\":\"用户名\",\"key\":\"username\",\"required\":true,\"type\":\"String\",\"value\":\"plus\"},{\"description\":\"密码\",\"key\":\"password\",\"required\":true,\"type\":\"String\",\"value\":\"fdsfsd\"}]}',200,NULL,'[{\"description\":\"\",\"key\":\"Content-Type\",\"required\":false,\"type\":\"String\",\"value\":\"multipart/form-data\"},{\"description\":\"\",\"key\":\"Transfer-Encoding\",\"required\":false,\"type\":\"String\",\"value\":\"chunked\"},{\"description\":\"\",\"key\":\"Date\",\"required\":false,\"type\":\"String\",\"value\":\"Mon, 25 Mar 2024 13:47:43 GMT\"},{\"description\":\"\",\"key\":\"Keep-Alive\",\"required\":false,\"type\":\"String\",\"value\":\"timeout=60\"},{\"description\":\"\",\"key\":\"Connection\",\"required\":false,\"type\":\"String\",\"value\":\"keep-alive\"}]','{\"binaryBody\":\"\",\"graphQLBody\":\"\",\"rawBody\":{\"body\":\"\",\"type\":\"JSON\"},\"type\":\"NONE\"}','2024-03-25 21:47:43'),('94db62faa9e446db840cdf95c1ba09d0','10c8f3cef4bf4b5096295d9354c1023d','ccf44c48755244bbb945b4d8c9877b63',2,NULL,NULL,NULL,'{\"binaryBody\":\"\",\"formDataBody\":[],\"graphQLBody\":\"\",\"rawBody\":{\"body\":\"{\\\"key\\\":\\\"320506199706024014\\\",\\\"field\\\":\\\"certificate\\\"}\",\"type\":\"JSON\"},\"type\":\"RAW\",\"xwwwFormUrlEncodedBody\":[]}',200,NULL,'[{\"description\":\"\",\"key\":\"Content-Type\",\"required\":false,\"type\":\"String\",\"value\":\"multipart/form-data\"},{\"description\":\"\",\"key\":\"Content-Length\",\"required\":false,\"type\":\"String\",\"value\":\"410\"},{\"description\":\"\",\"key\":\"Date\",\"required\":false,\"type\":\"String\",\"value\":\"Sun, 19 May 2024 15:21:48 GMT\"},{\"description\":\"\",\"key\":\"Keep-Alive\",\"required\":false,\"type\":\"String\",\"value\":\"timeout=60\"},{\"description\":\"\",\"key\":\"Connection\",\"required\":false,\"type\":\"String\",\"value\":\"keep-alive\"}]','{\"binaryBody\":\"\",\"graphQLBody\":\"\",\"rawBody\":{\"body\":\"{\\n\\t\\\"code\\\":1000,\\n\\t\\\"data\\\":\\\"{\\\\\\\"componentList\\\\\\\":[],\\\\\\\"creationTime\\\\\\\":\\\\\\\"2024-05-19 23:11:04.382\\\\\\\",\\\\\\\"inspection\\\\\\\":[],\\\\\\\"lastModified\\\\\\\":\\\\\\\"2024-05-19 23:11:04.382\\\\\\\",\\\\\\\"productionDate\\\\\\\":\\\\\\\"2024-05-02 00:00:00\\\\\\\",\\\\\\\"productionDepartment\\\\\\\":\\\\\\\"测试部门2\\\\\\\",\\\\\\\"productionId\\\\\\\":\\\\\\\"320506199706024014\\\\\\\",\\\\\\\"productionModel\\\\\\\":\\\\\\\"测试型号1\\\\\\\",\\\\\\\"state\\\\\\\":\\\\\\\"已退回\\\\\\\",\\\\\\\"version\\\\\\\":\\\\\\\"5280d744e2db4becad83b7e3d9550efd\\\\\\\"}\\\",\\n\\t\\\"message\\\":\\\"\\\"\\n}\",\"type\":\"JSON\"},\"type\":\"RAW\"}','2024-05-19 23:21:48'),('952272895e7d4027aeff27921809cd5b','27fd190bc7ad4aac8b3a07cace7bfe0e','ccf44c48755244bbb945b4d8c9877b63',1,'[]','[]','[]','{\"binaryBody\":\"\",\"formDataBody\":[],\"graphQLBody\":\"\",\"rawBody\":{\"body\":\"{\\n    \\\"productionId\\\": \\\"R58N60MVXXX\\\"\\n}\",\"type\":\"JSON\"},\"type\":\"RAW\",\"xwwwFormUrlEncodedBody\":[]}',200,NULL,'[{\"description\":\"\",\"key\":\"Content-Type\",\"required\":false,\"type\":\"String\",\"value\":\"multipart/form-data\"},{\"description\":\"\",\"key\":\"Content-Length\",\"required\":false,\"type\":\"String\",\"value\":\"848\"},{\"description\":\"\",\"key\":\"Date\",\"required\":false,\"type\":\"String\",\"value\":\"Fri, 17 May 2024 12:30:31 GMT\"},{\"description\":\"\",\"key\":\"Keep-Alive\",\"required\":false,\"type\":\"String\",\"value\":\"timeout=60\"},{\"description\":\"\",\"key\":\"Connection\",\"required\":false,\"type\":\"String\",\"value\":\"keep-alive\"}]','{\"binaryBody\":\"\",\"graphQLBody\":\"\",\"rawBody\":{\"body\":\"{\\n\\t\\\"code\\\":1000,\\n\\t\\\"data\\\":[\\n\\t\\t{\\n\\t\\t\\t\\\"componentList\\\":[\\n\\t\\t\\t\\t\\\"R56N60MVXXX\\\",\\n\\t\\t\\t\\t\\\"R56N60MVXXX\\\",\\n\\t\\t\\t\\t\\\"T01X33MVXXY\\\"\\n\\t\\t\\t],\\n\\t\\t\\t\\\"inspectionStandard\\\":[\\n\\t\\t\\t\\t\\\"Q/LGD001-2000\\\",\\n\\t\\t\\t\\t\\\"GB6675.1-2014\\\"\\n\\t\\t\\t],\\n\\t\\t\\t\\\"inspector\\\":\\\"\\\",\\n\\t\\t\\t\\\"productionDate\\\":\\\"2024-03-01 00:00:00\\\",\\n\\t\\t\\t\\\"productionDepartment\\\":\\\"\\\",\\n\\t\\t\\t\\\"productionId\\\":\\\"R58N60MVXXX\\\",\\n\\t\\t\\t\\\"productionModel\\\":\\\"FWS-10发动机\\\",\\n\\t\\t\\t\\\"state\\\":\\\"已交付\\\",\\n\\t\\t\\t\\\"version\\\":\\\"d9d81392fe2545e28130f4506aca459f\\\"\\n\\t\\t},\\n\\t\\t{\\n\\t\\t\\t\\\"componentList\\\":[\\n\\t\\t\\t\\t\\\"R56N60MVXXX\\\",\\n\\t\\t\\t\\t\\\"R56N60MVXXX\\\",\\n\\t\\t\\t\\t\\\"T01X33MVXXY\\\"\\n\\t\\t\\t],\\n\\t\\t\\t\\\"inspectionStandard\\\":[\\n\\t\\t\\t\\t\\\"Q/LGD001-2000\\\",\\n\\t\\t\\t\\t\\\"GB6675.1-2014\\\"\\n\\t\\t\\t],\\n\\t\\t\\t\\\"inspector\\\":\\\"\\\",\\n\\t\\t\\t\\\"productionDate\\\":\\\"2024-03-01 00:00:00\\\",\\n\\t\\t\\t\\\"productionDepartment\\\":\\\"\\\",\\n\\t\\t\\t\\\"productionId\\\":\\\"R58N60MVXXX\\\",\\n\\t\\t\\t\\\"productionModel\\\":\\\"FWS-10发动机\\\",\\n\\t\\t\\t\\\"state\\\":\\\"已交付\\\",\\n\\t\\t\\t\\\"version\\\":\\\"ad766a7aa664449e997cc8e940e0e348\\\"\\n\\t\\t}\\n\\t],\\n\\t\\\"message\\\":\\\"\\\"\\n}\",\"type\":\"JSON\"},\"type\":\"RAW\"}','2024-05-17 20:30:31'),('99352cdc34994fb789418683e653147e','8cb19229d7084099b2992c96f2f16cbf','4550aa8ee620484dad157d039d8b6909',1,'[{\"description\":\"唯一标识符\",\"key\":\"id\",\"required\":true,\"type\":\"Long\",\"value\":\"fdafdsa\"}]','[{\"description\":\"姓名\",\"key\":\"name\",\"required\":true,\"type\":\"String\",\"value\":\"fsadfdsa\"}]','[{\"description\":\"连接方式\",\"key\":\"Connection\",\"required\":false,\"type\":\"String\",\"value\":\"fdasfdsa\"}]','{\"binaryBody\":\"\",\"formDataBody\":[],\"graphQLBody\":\"\",\"rawBody\":null,\"type\":\"NONE\",\"xwwwFormUrlEncodedBody\":[]}',200,NULL,'[{\"description\":\"\",\"key\":\"age\",\"required\":false,\"type\":\"String\",\"value\":\"10\"},{\"description\":\"\",\"key\":\"sex\",\"required\":false,\"type\":\"String\",\"value\":\"Male\"},{\"description\":\"\",\"key\":\"Content-Type\",\"required\":false,\"type\":\"String\",\"value\":\"multipart/form-data\"},{\"description\":\"\",\"key\":\"Transfer-Encoding\",\"required\":false,\"type\":\"String\",\"value\":\"chunked\"},{\"description\":\"\",\"key\":\"Date\",\"required\":false,\"type\":\"String\",\"value\":\"Tue, 26 Mar 2024 21:52:04 GMT\"}]','{\"binaryBody\":\"\",\"graphQLBody\":\"\",\"rawBody\":{\"body\":\"\\\"Hello World\\\"\",\"type\":\"TEXT\"},\"type\":\"RAW\"}','2024-03-27 05:52:04'),('a0239f641f8a4003b93db2edab2131cd','27fd190bc7ad4aac8b3a07cace7bfe0e','ccf44c48755244bbb945b4d8c9877b63',1,'[]','[]','[]','{\"binaryBody\":\"\",\"formDataBody\":[],\"graphQLBody\":\"\",\"rawBody\":{\"body\":\"{\\n    \\\"productionId\\\": \\\"R58N60MVXXX\\\"\\n}\",\"type\":\"JSON\"},\"type\":\"RAW\",\"xwwwFormUrlEncodedBody\":[]}',404,'{\n	\"timestamp\":\"2024-05-17 20:29:08\",\n	\"status\":404,\n	\"error\":\"Not Found\",\n	\"message\":\"No message available\",\n	\"path\":\"/certificate/history\"\n}','[{\"description\":\"\",\"key\":\"Vary\",\"required\":false,\"type\":\"String\",\"value\":\"Access-Control-Request-Headers\"},{\"description\":\"\",\"key\":\"Content-Type\",\"required\":false,\"type\":\"String\",\"value\":\"multipart/form-data\"},{\"description\":\"\",\"key\":\"Content-Length\",\"required\":false,\"type\":\"String\",\"value\":\"142\"},{\"description\":\"\",\"key\":\"Date\",\"required\":false,\"type\":\"String\",\"value\":\"Fri, 17 May 2024 12:29:08 GMT\"},{\"description\":\"\",\"key\":\"Keep-Alive\",\"required\":false,\"type\":\"String\",\"value\":\"timeout=60\"},{\"description\":\"\",\"key\":\"Connection\",\"required\":false,\"type\":\"String\",\"value\":\"keep-alive\"}]',NULL,'2024-05-17 20:29:08'),('a48452a421184ff6b5dc2752c1e2aed1','10c8f3cef4bf4b5096295d9354c1023d','ccf44c48755244bbb945b4d8c9877b63',2,NULL,NULL,NULL,'{\"binaryBody\":\"\",\"formDataBody\":[],\"graphQLBody\":\"\",\"rawBody\":{\"body\":\"{\\\"key\\\":\\\"R58N60MV001\\\",\\\"field\\\":\\\"certificate\\\"}\",\"type\":\"JSON\"},\"type\":\"RAW\",\"xwwwFormUrlEncodedBody\":[]}',200,NULL,'[{\"description\":\"\",\"key\":\"Vary\",\"required\":false,\"type\":\"String\",\"value\":\"Access-Control-Request-Headers\"},{\"description\":\"\",\"key\":\"Content-Type\",\"required\":false,\"type\":\"String\",\"value\":\"multipart/form-data\"},{\"description\":\"\",\"key\":\"Content-Length\",\"required\":false,\"type\":\"String\",\"value\":\"674\"},{\"description\":\"\",\"key\":\"Date\",\"required\":false,\"type\":\"String\",\"value\":\"Sun, 19 May 2024 14:18:42 GMT\"},{\"description\":\"\",\"key\":\"Keep-Alive\",\"required\":false,\"type\":\"String\",\"value\":\"timeout=60\"},{\"description\":\"\",\"key\":\"Connection\",\"required\":false,\"type\":\"String\",\"value\":\"keep-alive\"}]','{\"binaryBody\":\"\",\"graphQLBody\":\"\",\"rawBody\":{\"body\":\"{\\n\\t\\\"code\\\":1000,\\n\\t\\\"data\\\":\\\"{\\\\\\\"componentList\\\\\\\":[{\\\\\\\"componentId\\\\\\\":\\\\\\\"R2178472MX02\\\\\\\"},{\\\\\\\"componentId\\\\\\\":\\\\\\\"S34123214321X\\\\\\\"},{\\\\\\\"componentId\\\\\\\":\\\\\\\"S34BHDS23210\\\\\\\"}],\\\\\\\"inspection\\\\\\\":[{\\\\\\\"standard\\\\\\\":\\\\\\\"Q/LGD001-2000\\\\\\\",\\\\\\\"inspector\\\\\\\":\\\\\\\"JC检03\\\\\\\",\\\\\\\"time\\\\\\\":\\\\\\\"2024-05-01 00:00:02\\\\\\\"},{\\\\\\\"standard\\\\\\\":\\\\\\\"GB6675.1-2014\\\\\\\",\\\\\\\"inspector\\\\\\\":\\\\\\\"JC检04\\\\\\\",\\\\\\\"time\\\\\\\":\\\\\\\"2024-05-06 00:32:00\\\\\\\"}],\\\\\\\"lastModified\\\\\\\":\\\\\\\"2024-05-19 16:10:05.604\\\\\\\",\\\\\\\"productionDate\\\\\\\":\\\\\\\"2024-05-15 00:00:00\\\\\\\",\\\\\\\"productionDepartment\\\\\\\":\\\\\\\"中国航发沈阳黎明航空发动机\\\\\\\",\\\\\\\"productionId\\\\\\\":\\\\\\\"R58N60MV001\\\\\\\",\\\\\\\"productionModel\\\\\\\":\\\\\\\"FWS-10发动机\\\\\\\",\\\\\\\"state\\\\\\\":\\\\\\\"已退回\\\\\\\",\\\\\\\"version\\\\\\\":\\\\\\\"cc98f681befa47a5932b0c3100dd29dc\\\\\\\"}\\\",\\n\\t\\\"message\\\":\\\"\\\"\\n}\",\"type\":\"JSON\"},\"type\":\"RAW\"}','2024-05-19 22:18:42'),('a8cf4b5b74f84c8f8f93fa9be4332c0a','813087591a014d17ac8d10b8069b9d06','ccf44c48755244bbb945b4d8c9877b63',1,'[]','[]','[]','{\"binaryBody\":\"\",\"formDataBody\":[],\"graphQLBody\":\"\",\"rawBody\":{\"body\":\"{\\n    \\\"productionId\\\": \\\"R58N60MVXXX\\\",\\n    \\\"productionModel\\\": \\\"FWS-10发动机\\\",\\n    \\\"productionDepartment\\\": \\\"中国航发公司\\\",\\n    \\\"productionDate\\\": \\\"2024-03-01\\\",\\n    \\\"inspectionStandard\\\": \\\"[\'Q/LGD001-2000\', \'GB6675.1-2014\']\\\",\\n    \\\"inspector\\\": \\\"JC检03\\\",\\n    \\\"state\\\": \\\"已交付\\\",\\n    \\\"componentList\\\": \\\"[\'R56]\\\",\\n}\",\"type\":\"JSON\"},\"type\":\"RAW\",\"xwwwFormUrlEncodedBody\":[]}',500,'{\n	\"timestamp\":\"2024-05-17 17:49:54\",\n	\"status\":500,\n	\"error\":\"Internal Server Error\",\n	\"trace\":\"com.alibaba.fastjson2.JSONException: invalid escape character EOI, offset 2, character \', line 1, column 2, fastjson-version 2.0.47 [\'R56]\\n\\tat com.alibaba.fastjson2.JSONReaderUTF16.readString(JSONReaderUTF16.java:3451)\\n\\tat com.alibaba.fastjson2.reader.ObjectReaderImplObject.readObject(ObjectReaderImplObject.java:283)\\n\\tat com.alibaba.fastjson2.reader.ObjectReaderImplList.readObject(ObjectReaderImplList.java:622)\\n\\tat com.alibaba.fastjson2.JSON.parseObject(JSON.java:786)\\n\\tat com.alibaba.fastjson2.function.impl.StringToAny.apply(StringToAny.java:81)\\n\\tat com.alibaba.fastjson2.reader.FieldReader.acceptAny(FieldReader.java:425)\\n\\tat com.alibaba.fastjson2.reader.ObjectReaderAdapter.createInstance(ObjectReaderAdapter.java:640)\\n\\tat com.alibaba.fastjson2.JSONObject.to(JSONObject.java:1245)\\n\\tat com.alibaba.fastjson2.JSONObject.toJavaObject(JSONObject.java:1255)\\n\\tat com.hawkeye.controller.CertificateController.generateCertificate(CertificateController.java:34)\\n\\tat sun.reflect.NativeMethodAccessorImpl.invoke0(Native Method)\\n\\tat sun.reflect.NativeMethodAccessorImpl.invoke(NativeMethodAccessorImpl.java:62)\\n\\tat sun.reflect.DelegatingMethodAccessorImpl.invoke(DelegatingMethodAccessorImpl.java:43)\\n\\tat java.lang.reflect.Method.invoke(Method.java:498)\\n\\tat org.springframework.web.method.support.InvocableHandlerMethod.doInvoke(InvocableHandlerMethod.java:205)\\n\\tat org.springframework.web.method.support.InvocableHandlerMethod.invokeForRequest(InvocableHandlerMethod.java:150)\\n\\tat org.springframework.web.servlet.mvc.method.annotation.ServletInvocableHandlerMethod.invokeAndHandle(ServletInvocableHandlerMethod.java:117)\\n\\tat org.springframework.web.servlet.mvc.method.annotation.RequestMappingHandlerAdapter.invokeHandlerMethod(RequestMappingHandlerAdapter.java:895)\\n\\tat org.springframework.web.servlet.mvc.method.annotation.RequestMappingHandlerAdapter.handleInternal(RequestMappingHandlerAdapter.java:808)\\n\\tat org.springframework.web.servlet.mvc.method.AbstractHandlerMethodAdapter.handle(AbstractHandlerMethodAdapter.java:87)\\n\\tat org.springframework.web.servlet.DispatcherServlet.doDispatch(DispatcherServlet.java:1070)\\n\\tat org.springframework.web.servlet.DispatcherServlet.doService(DispatcherServlet.java:963)\\n\\tat org.springframework.web.servlet.FrameworkServlet.processRequest(FrameworkServlet.java:1006)\\n\\tat org.springframework.web.servlet.FrameworkServlet.doPost(FrameworkServlet.java:909)\\n\\tat javax.servlet.http.HttpServlet.service(HttpServlet.java:681)\\n\\tat org.springframework.web.servlet.FrameworkServlet.service(FrameworkServlet.java:883)\\n\\tat javax.servlet.http.HttpServlet.service(HttpServlet.java:764)\\n\\tat org.apache.catalina.core.ApplicationFilterChain.internalDoFilter(ApplicationFilterChain.java:227)\\n\\tat org.apache.catalina.core.ApplicationFilterChain.doFilter(ApplicationFilterChain.java:162)\\n\\tat org.apache.tomcat.websocket.server.WsFilter.doFilter(WsFilter.java:53)\\n\\tat org.apache.catalina.core.ApplicationFilterChain.internalDoFilter(ApplicationFilterChain.java:189)\\n\\tat org.apache.catalina.core.ApplicationFilterChain.doFilter(ApplicationFilterChain.java:162)\\n\\tat cn.dev33.satoken.filter.SaPathCheckFilterForServlet.doFilter(SaPathCheckFilterForServlet.java:55)\\n\\tat org.apache.catalina.core.ApplicationFilterChain.internalDoFilter(ApplicationFilterChain.java:189)\\n\\tat org.apache.catalina.core.ApplicationFilterChain.doFilter(ApplicationFilterChain.java:162)\\n\\tat org.springframework.web.filter.CharacterEncodingFilter.doFilterInternal(CharacterEncodingFilter.java:201)\\n\\tat org.springframework.web.filter.OncePerRequestFilter.doFilter(OncePerRequestFilter.java:117)\\n\\tat org.apache.catalina.core.ApplicationFilterChain.internalDoFilter(ApplicationFilterChain.java:189)\\n\\tat org.apache.catalina.core.ApplicationFilterChain.doFilter(ApplicationFilterChain.java:162)\\n\\tat org.apache.catalina.core.StandardWrapperValve.invoke(StandardWrapperValve.java:197)\\n\\tat org.apache.catalina.core.StandardContextValve.invoke(StandardContextValve.java:97)\\n\\tat org.apache.catalina.authenticator.AuthenticatorBase.invoke(AuthenticatorBase.java:541)\\n\\tat org.apache.catalina.core.StandardHostValve.invoke(StandardHostValve.java:135)\\n\\tat org.apache.catalina.valves.ErrorReportValve.invoke(ErrorReportValve.java:92)\\n\\tat org.apache.catalina.core.StandardEngineValve.invoke(StandardEngineValve.java:78)\\n\\tat org.apache.catalina.connector.CoyoteAdapter.service(CoyoteAdapter.java:360)\\n\\tat org.apache.coyote.http11.Http11Processor.service(Http11Processor.java:399)\\n\\tat org.apache.coyote.AbstractProcessorLight.process(AbstractProcessorLight.java:65)\\n\\tat org.apache.coyote.AbstractProtocol$ConnectionHandler.process(AbstractProtocol.java:890)\\n\\tat org.apache.tomcat.util.net.NioEndpoint$SocketProcessor.doRun(NioEndpoint.java:1789)\\n\\tat org.apache.tomcat.util.net.SocketProcessorBase.run(SocketProcessorBase.java:49)\\n\\tat org.apache.tomcat.util.threads.ThreadPoolExecutor.runWorker(ThreadPoolExecutor.java:1191)\\n\\tat org.apache.tomcat.util.threads.ThreadPoolExecutor$Worker.run(ThreadPoolExecutor.java:659)\\n\\tat org.apache.tomcat.util.threads.TaskThread$WrappingRunnable.run(TaskThread.java:61)\\n\\tat java.lang.Thread.run(Thread.java:750)\\n\",\n	\"message\":\"invalid escape character EOI, offset 2, character \', line 1, column 2, fastjson-version 2.0.47 [\'R56]\",\n	\"path\":\"/certificate/generate\"\n}','[{\"description\":\"\",\"key\":\"Content-Type\",\"required\":false,\"type\":\"String\",\"value\":\"multipart/form-data\"},{\"description\":\"\",\"key\":\"Content-Length\",\"required\":false,\"type\":\"String\",\"value\":\"5482\"},{\"description\":\"\",\"key\":\"Date\",\"required\":false,\"type\":\"String\",\"value\":\"Fri, 17 May 2024 09:49:54 GMT\"},{\"description\":\"\",\"key\":\"Connection\",\"required\":false,\"type\":\"String\",\"value\":\"close\"}]',NULL,'2024-05-17 17:49:54'),('aafba2470b7a42f9b4a1479c64c00318','10c8f3cef4bf4b5096295d9354c1023d','ccf44c48755244bbb945b4d8c9877b63',2,NULL,NULL,NULL,'{\"binaryBody\":\"\",\"formDataBody\":[],\"graphQLBody\":\"\",\"rawBody\":{\"body\":\"{\\\"key\\\":\\\"320506199706024014\\\",\\\"field\\\":\\\"certificate\\\"}\",\"type\":\"JSON\"},\"type\":\"RAW\",\"xwwwFormUrlEncodedBody\":[]}',200,NULL,'[{\"description\":\"\",\"key\":\"Content-Type\",\"required\":false,\"type\":\"String\",\"value\":\"multipart/form-data\"},{\"description\":\"\",\"key\":\"Content-Length\",\"required\":false,\"type\":\"String\",\"value\":\"410\"},{\"description\":\"\",\"key\":\"Date\",\"required\":false,\"type\":\"String\",\"value\":\"Sun, 19 May 2024 15:18:44 GMT\"},{\"description\":\"\",\"key\":\"Keep-Alive\",\"required\":false,\"type\":\"String\",\"value\":\"timeout=60\"},{\"description\":\"\",\"key\":\"Connection\",\"required\":false,\"type\":\"String\",\"value\":\"keep-alive\"}]','{\"binaryBody\":\"\",\"graphQLBody\":\"\",\"rawBody\":{\"body\":\"{\\n\\t\\\"code\\\":1000,\\n\\t\\\"data\\\":\\\"{\\\\\\\"componentList\\\\\\\":[],\\\\\\\"creationTime\\\\\\\":\\\\\\\"2024-05-19 23:11:04.382\\\\\\\",\\\\\\\"inspection\\\\\\\":[],\\\\\\\"lastModified\\\\\\\":\\\\\\\"2024-05-19 23:11:04.382\\\\\\\",\\\\\\\"productionDate\\\\\\\":\\\\\\\"2024-05-02 00:00:00\\\\\\\",\\\\\\\"productionDepartment\\\\\\\":\\\\\\\"测试部门2\\\\\\\",\\\\\\\"productionId\\\\\\\":\\\\\\\"320506199706024014\\\\\\\",\\\\\\\"productionModel\\\\\\\":\\\\\\\"测试型号1\\\\\\\",\\\\\\\"state\\\\\\\":\\\\\\\"已退回\\\\\\\",\\\\\\\"version\\\\\\\":\\\\\\\"5280d744e2db4becad83b7e3d9550efd\\\\\\\"}\\\",\\n\\t\\\"message\\\":\\\"\\\"\\n}\",\"type\":\"JSON\"},\"type\":\"RAW\"}','2024-05-19 23:18:44'),('abeb8b0d9b8a45a180591874744f5eb9','10c8f3cef4bf4b5096295d9354c1023d','ccf44c48755244bbb945b4d8c9877b63',2,NULL,NULL,NULL,'{\"binaryBody\":\"\",\"formDataBody\":[],\"graphQLBody\":\"\",\"rawBody\":{\"body\":\"{\\\"key\\\":\\\"320506199706024014\\\",\\\"field\\\":\\\"certificate\\\"}\",\"type\":\"JSON\"},\"type\":\"RAW\",\"xwwwFormUrlEncodedBody\":[]}',200,NULL,'[{\"description\":\"\",\"key\":\"Content-Type\",\"required\":false,\"type\":\"String\",\"value\":\"multipart/form-data\"},{\"description\":\"\",\"key\":\"Content-Length\",\"required\":false,\"type\":\"String\",\"value\":\"405\"},{\"description\":\"\",\"key\":\"Date\",\"required\":false,\"type\":\"String\",\"value\":\"Sun, 19 May 2024 15:33:06 GMT\"},{\"description\":\"\",\"key\":\"Keep-Alive\",\"required\":false,\"type\":\"String\",\"value\":\"timeout=60\"},{\"description\":\"\",\"key\":\"Connection\",\"required\":false,\"type\":\"String\",\"value\":\"keep-alive\"}]','{\"binaryBody\":\"\",\"graphQLBody\":\"\",\"rawBody\":{\"body\":\"{\\n\\t\\\"code\\\":1000,\\n\\t\\\"data\\\":\\\"{\\\\\\\"componentList\\\\\\\":[{\\\\\\\"componentId\\\\\\\":\\\\\\\"130926199612161482\\\\\\\"}],\\\\\\\"inspection\\\\\\\":[],\\\\\\\"lastModified\\\\\\\":\\\\\\\"2024-05-19 23:21:59.819\\\\\\\",\\\\\\\"productionDate\\\\\\\":\\\\\\\"2024-05-02 00:00:00\\\\\\\",\\\\\\\"productionDepartment\\\\\\\":\\\\\\\"测试部门2\\\\\\\",\\\\\\\"productionId\\\\\\\":\\\\\\\"320506199706024014\\\\\\\",\\\\\\\"productionModel\\\\\\\":\\\\\\\"测试型号1\\\\\\\",\\\\\\\"state\\\\\\\":\\\\\\\"已退回\\\\\\\",\\\\\\\"version\\\\\\\":\\\\\\\"9fc5606b46c34b10b3063f4c5600e16b\\\\\\\"}\\\",\\n\\t\\\"message\\\":\\\"\\\"\\n}\",\"type\":\"JSON\"},\"type\":\"RAW\"}','2024-05-19 23:33:06'),('ac4efb11c2884df79f8f904187e251b9','10c8f3cef4bf4b5096295d9354c1023d','ccf44c48755244bbb945b4d8c9877b63',2,NULL,NULL,NULL,'{\"binaryBody\":\"\",\"formDataBody\":[],\"graphQLBody\":\"\",\"rawBody\":{\"body\":\"{\\\"key\\\":\\\"R58N60MV001\\\",\\\"field\\\":\\\"certificate\\\"}\",\"type\":\"JSON\"},\"type\":\"RAW\",\"xwwwFormUrlEncodedBody\":[]}',200,NULL,'[{\"description\":\"\",\"key\":\"Vary\",\"required\":false,\"type\":\"String\",\"value\":\"Access-Control-Request-Headers\"},{\"description\":\"\",\"key\":\"Content-Type\",\"required\":false,\"type\":\"String\",\"value\":\"multipart/form-data\"},{\"description\":\"\",\"key\":\"Content-Length\",\"required\":false,\"type\":\"String\",\"value\":\"674\"},{\"description\":\"\",\"key\":\"Date\",\"required\":false,\"type\":\"String\",\"value\":\"Sun, 19 May 2024 14:39:37 GMT\"},{\"description\":\"\",\"key\":\"Keep-Alive\",\"required\":false,\"type\":\"String\",\"value\":\"timeout=60\"},{\"description\":\"\",\"key\":\"Connection\",\"required\":false,\"type\":\"String\",\"value\":\"keep-alive\"}]','{\"binaryBody\":\"\",\"graphQLBody\":\"\",\"rawBody\":{\"body\":\"{\\n\\t\\\"code\\\":1000,\\n\\t\\\"data\\\":\\\"{\\\\\\\"componentList\\\\\\\":[{\\\\\\\"componentId\\\\\\\":\\\\\\\"R2178472MX02\\\\\\\"},{\\\\\\\"componentId\\\\\\\":\\\\\\\"S34123214321X\\\\\\\"},{\\\\\\\"componentId\\\\\\\":\\\\\\\"S34BHDS23210\\\\\\\"}],\\\\\\\"inspection\\\\\\\":[{\\\\\\\"standard\\\\\\\":\\\\\\\"Q/LGD001-2000\\\\\\\",\\\\\\\"inspector\\\\\\\":\\\\\\\"JC检03\\\\\\\",\\\\\\\"time\\\\\\\":\\\\\\\"2024-05-01 00:00:02\\\\\\\"},{\\\\\\\"standard\\\\\\\":\\\\\\\"GB6675.1-2014\\\\\\\",\\\\\\\"inspector\\\\\\\":\\\\\\\"JC检04\\\\\\\",\\\\\\\"time\\\\\\\":\\\\\\\"2024-05-06 00:32:00\\\\\\\"}],\\\\\\\"lastModified\\\\\\\":\\\\\\\"2024-05-19 16:10:05.604\\\\\\\",\\\\\\\"productionDate\\\\\\\":\\\\\\\"2024-05-15 00:00:00\\\\\\\",\\\\\\\"productionDepartment\\\\\\\":\\\\\\\"中国航发沈阳黎明航空发动机\\\\\\\",\\\\\\\"productionId\\\\\\\":\\\\\\\"R58N60MV001\\\\\\\",\\\\\\\"productionModel\\\\\\\":\\\\\\\"FWS-10发动机\\\\\\\",\\\\\\\"state\\\\\\\":\\\\\\\"已退回\\\\\\\",\\\\\\\"version\\\\\\\":\\\\\\\"cc98f681befa47a5932b0c3100dd29dc\\\\\\\"}\\\",\\n\\t\\\"message\\\":\\\"\\\"\\n}\",\"type\":\"JSON\"},\"type\":\"RAW\"}','2024-05-19 22:39:37'),('ac8caddf11a4481eac78c11d2206dabd','8cb19229d7084099b2992c96f2f16cbf','4550aa8ee620484dad157d039d8b6909',1,'[{\"description\":\"唯一标识符\",\"key\":\"id\",\"required\":true,\"type\":\"Long\",\"value\":\"fdsasd\"}]','[{\"description\":\"姓名\",\"key\":\"name\",\"required\":true,\"type\":\"String\",\"value\":\"fsdafdsa\"}]','[{\"description\":\"连接方式\",\"key\":\"Connection\",\"required\":false,\"type\":\"String\",\"value\":\"fsadfdsa\"}]','{\"binaryBody\":\"\",\"formDataBody\":[],\"graphQLBody\":\"\",\"rawBody\":null,\"type\":\"NONE\",\"xwwwFormUrlEncodedBody\":[]}',200,NULL,'[{\"description\":\"\",\"key\":\"age\",\"required\":false,\"type\":\"String\",\"value\":\"10\"},{\"description\":\"\",\"key\":\"sex\",\"required\":false,\"type\":\"String\",\"value\":\"Male\"},{\"description\":\"\",\"key\":\"Content-Type\",\"required\":false,\"type\":\"String\",\"value\":\"multipart/form-data\"},{\"description\":\"\",\"key\":\"Transfer-Encoding\",\"required\":false,\"type\":\"String\",\"value\":\"chunked\"},{\"description\":\"\",\"key\":\"Date\",\"required\":false,\"type\":\"String\",\"value\":\"Fri, 29 Mar 2024 03:12:12 GMT\"}]','{\"binaryBody\":\"\",\"graphQLBody\":\"\",\"rawBody\":{\"body\":\"\\\"Hello World\\\"\",\"type\":\"TEXT\"},\"type\":\"RAW\"}','2024-03-29 11:12:12'),('acdf29e024ec484bbdd0cb09edc9d0a3','10c8f3cef4bf4b5096295d9354c1023d','ccf44c48755244bbb945b4d8c9877b63',2,NULL,NULL,NULL,'{\"binaryBody\":\"\",\"formDataBody\":[],\"graphQLBody\":\"\",\"rawBody\":{\"body\":\"{\\\"key\\\":\\\"R58N60MV001\\\",\\\"field\\\":\\\"certificate\\\"}\",\"type\":\"JSON\"},\"type\":\"RAW\",\"xwwwFormUrlEncodedBody\":[]}',200,NULL,'[{\"description\":\"\",\"key\":\"Vary\",\"required\":false,\"type\":\"String\",\"value\":\"Access-Control-Request-Headers\"},{\"description\":\"\",\"key\":\"Content-Type\",\"required\":false,\"type\":\"String\",\"value\":\"multipart/form-data\"},{\"description\":\"\",\"key\":\"Content-Length\",\"required\":false,\"type\":\"String\",\"value\":\"674\"},{\"description\":\"\",\"key\":\"Date\",\"required\":false,\"type\":\"String\",\"value\":\"Sun, 19 May 2024 14:49:42 GMT\"},{\"description\":\"\",\"key\":\"Keep-Alive\",\"required\":false,\"type\":\"String\",\"value\":\"timeout=60\"},{\"description\":\"\",\"key\":\"Connection\",\"required\":false,\"type\":\"String\",\"value\":\"keep-alive\"}]','{\"binaryBody\":\"\",\"graphQLBody\":\"\",\"rawBody\":{\"body\":\"{\\n\\t\\\"code\\\":1000,\\n\\t\\\"data\\\":\\\"{\\\\\\\"componentList\\\\\\\":[{\\\\\\\"componentId\\\\\\\":\\\\\\\"R2178472MX02\\\\\\\"},{\\\\\\\"componentId\\\\\\\":\\\\\\\"S34123214321X\\\\\\\"},{\\\\\\\"componentId\\\\\\\":\\\\\\\"S34BHDS23210\\\\\\\"}],\\\\\\\"inspection\\\\\\\":[{\\\\\\\"standard\\\\\\\":\\\\\\\"Q/LGD001-2000\\\\\\\",\\\\\\\"inspector\\\\\\\":\\\\\\\"JC检03\\\\\\\",\\\\\\\"time\\\\\\\":\\\\\\\"2024-05-01 00:00:02\\\\\\\"},{\\\\\\\"standard\\\\\\\":\\\\\\\"GB6675.1-2014\\\\\\\",\\\\\\\"inspector\\\\\\\":\\\\\\\"JC检04\\\\\\\",\\\\\\\"time\\\\\\\":\\\\\\\"2024-05-06 00:32:00\\\\\\\"}],\\\\\\\"lastModified\\\\\\\":\\\\\\\"2024-05-19 16:10:05.604\\\\\\\",\\\\\\\"productionDate\\\\\\\":\\\\\\\"2024-05-15 00:00:00\\\\\\\",\\\\\\\"productionDepartment\\\\\\\":\\\\\\\"中国航发沈阳黎明航空发动机\\\\\\\",\\\\\\\"productionId\\\\\\\":\\\\\\\"R58N60MV001\\\\\\\",\\\\\\\"productionModel\\\\\\\":\\\\\\\"FWS-10发动机\\\\\\\",\\\\\\\"state\\\\\\\":\\\\\\\"已退回\\\\\\\",\\\\\\\"version\\\\\\\":\\\\\\\"cc98f681befa47a5932b0c3100dd29dc\\\\\\\"}\\\",\\n\\t\\\"message\\\":\\\"\\\"\\n}\",\"type\":\"JSON\"},\"type\":\"RAW\"}','2024-05-19 22:49:42'),('af350bb631f045258c679ee97844c119','10c8f3cef4bf4b5096295d9354c1023d','ccf44c48755244bbb945b4d8c9877b63',2,NULL,NULL,NULL,'{\"binaryBody\":\"\",\"formDataBody\":[],\"graphQLBody\":\"\",\"rawBody\":{\"body\":\"{\\\"key\\\":\\\"R58N60MV001\\\",\\\"field\\\":\\\"certificate\\\"}\",\"type\":\"JSON\"},\"type\":\"RAW\",\"xwwwFormUrlEncodedBody\":[]}',200,NULL,'[{\"description\":\"\",\"key\":\"Vary\",\"required\":false,\"type\":\"String\",\"value\":\"Access-Control-Request-Headers\"},{\"description\":\"\",\"key\":\"Content-Type\",\"required\":false,\"type\":\"String\",\"value\":\"multipart/form-data\"},{\"description\":\"\",\"key\":\"Content-Length\",\"required\":false,\"type\":\"String\",\"value\":\"674\"},{\"description\":\"\",\"key\":\"Date\",\"required\":false,\"type\":\"String\",\"value\":\"Sun, 19 May 2024 14:54:10 GMT\"},{\"description\":\"\",\"key\":\"Keep-Alive\",\"required\":false,\"type\":\"String\",\"value\":\"timeout=60\"},{\"description\":\"\",\"key\":\"Connection\",\"required\":false,\"type\":\"String\",\"value\":\"keep-alive\"}]','{\"binaryBody\":\"\",\"graphQLBody\":\"\",\"rawBody\":{\"body\":\"{\\n\\t\\\"code\\\":1000,\\n\\t\\\"data\\\":\\\"{\\\\\\\"componentList\\\\\\\":[{\\\\\\\"componentId\\\\\\\":\\\\\\\"R2178472MX02\\\\\\\"},{\\\\\\\"componentId\\\\\\\":\\\\\\\"S34123214321X\\\\\\\"},{\\\\\\\"componentId\\\\\\\":\\\\\\\"S34BHDS23210\\\\\\\"}],\\\\\\\"inspection\\\\\\\":[{\\\\\\\"standard\\\\\\\":\\\\\\\"Q/LGD001-2000\\\\\\\",\\\\\\\"inspector\\\\\\\":\\\\\\\"JC检03\\\\\\\",\\\\\\\"time\\\\\\\":\\\\\\\"2024-05-01 00:00:02\\\\\\\"},{\\\\\\\"standard\\\\\\\":\\\\\\\"GB6675.1-2014\\\\\\\",\\\\\\\"inspector\\\\\\\":\\\\\\\"JC检04\\\\\\\",\\\\\\\"time\\\\\\\":\\\\\\\"2024-05-06 00:32:00\\\\\\\"}],\\\\\\\"lastModified\\\\\\\":\\\\\\\"2024-05-19 16:10:05.604\\\\\\\",\\\\\\\"productionDate\\\\\\\":\\\\\\\"2024-05-15 00:00:00\\\\\\\",\\\\\\\"productionDepartment\\\\\\\":\\\\\\\"中国航发沈阳黎明航空发动机\\\\\\\",\\\\\\\"productionId\\\\\\\":\\\\\\\"R58N60MV001\\\\\\\",\\\\\\\"productionModel\\\\\\\":\\\\\\\"FWS-10发动机\\\\\\\",\\\\\\\"state\\\\\\\":\\\\\\\"已退回\\\\\\\",\\\\\\\"version\\\\\\\":\\\\\\\"cc98f681befa47a5932b0c3100dd29dc\\\\\\\"}\\\",\\n\\t\\\"message\\\":\\\"\\\"\\n}\",\"type\":\"JSON\"},\"type\":\"RAW\"}','2024-05-19 22:54:10'),('b08e5f348512421ab34af723c3ffec8b','10c8f3cef4bf4b5096295d9354c1023d','ccf44c48755244bbb945b4d8c9877b63',2,NULL,NULL,NULL,'{\"binaryBody\":\"\",\"formDataBody\":[],\"graphQLBody\":\"\",\"rawBody\":{\"body\":\"{\\\"txId\\\":\\\"cc98f681befa47a5932b0c3100dd29dc\\\"}\",\"type\":\"JSON\"},\"type\":\"RAW\",\"xwwwFormUrlEncodedBody\":[]}',200,NULL,'[{\"description\":\"\",\"key\":\"Content-Type\",\"required\":false,\"type\":\"String\",\"value\":\"multipart/form-data\"},{\"description\":\"\",\"key\":\"Content-Length\",\"required\":false,\"type\":\"String\",\"value\":\"674\"},{\"description\":\"\",\"key\":\"Date\",\"required\":false,\"type\":\"String\",\"value\":\"Sun, 19 May 2024 15:19:31 GMT\"},{\"description\":\"\",\"key\":\"Keep-Alive\",\"required\":false,\"type\":\"String\",\"value\":\"timeout=60\"},{\"description\":\"\",\"key\":\"Connection\",\"required\":false,\"type\":\"String\",\"value\":\"keep-alive\"}]','{\"binaryBody\":\"\",\"graphQLBody\":\"\",\"rawBody\":{\"body\":\"{\\n\\t\\\"code\\\":1000,\\n\\t\\\"data\\\":\\\"{\\\\\\\"componentList\\\\\\\":[{\\\\\\\"componentId\\\\\\\":\\\\\\\"R2178472MX02\\\\\\\"},{\\\\\\\"componentId\\\\\\\":\\\\\\\"S34123214321X\\\\\\\"},{\\\\\\\"componentId\\\\\\\":\\\\\\\"S34BHDS23210\\\\\\\"}],\\\\\\\"inspection\\\\\\\":[{\\\\\\\"standard\\\\\\\":\\\\\\\"Q/LGD001-2000\\\\\\\",\\\\\\\"inspector\\\\\\\":\\\\\\\"JC检03\\\\\\\",\\\\\\\"time\\\\\\\":\\\\\\\"2024-05-01 00:00:02\\\\\\\"},{\\\\\\\"standard\\\\\\\":\\\\\\\"GB6675.1-2014\\\\\\\",\\\\\\\"inspector\\\\\\\":\\\\\\\"JC检04\\\\\\\",\\\\\\\"time\\\\\\\":\\\\\\\"2024-05-06 00:32:00\\\\\\\"}],\\\\\\\"lastModified\\\\\\\":\\\\\\\"2024-05-19 16:10:05.604\\\\\\\",\\\\\\\"productionDate\\\\\\\":\\\\\\\"2024-05-15 00:00:00\\\\\\\",\\\\\\\"productionDepartment\\\\\\\":\\\\\\\"中国航发沈阳黎明航空发动机\\\\\\\",\\\\\\\"productionId\\\\\\\":\\\\\\\"R58N60MV001\\\\\\\",\\\\\\\"productionModel\\\\\\\":\\\\\\\"FWS-10发动机\\\\\\\",\\\\\\\"state\\\\\\\":\\\\\\\"已退回\\\\\\\",\\\\\\\"version\\\\\\\":\\\\\\\"cc98f681befa47a5932b0c3100dd29dc\\\\\\\"}\\\",\\n\\t\\\"message\\\":\\\"\\\"\\n}\",\"type\":\"JSON\"},\"type\":\"RAW\"}','2024-05-19 23:19:32'),('b40a38ab867e42d6b88567e1a712f02a','10c8f3cef4bf4b5096295d9354c1023d','ccf44c48755244bbb945b4d8c9877b63',2,NULL,NULL,NULL,'{\"binaryBody\":\"\",\"formDataBody\":[],\"graphQLBody\":\"\",\"rawBody\":{\"body\":\"{\\\"key\\\":\\\"320506199706024014\\\",\\\"field\\\":\\\"certificate\\\"}\",\"type\":\"JSON\"},\"type\":\"RAW\",\"xwwwFormUrlEncodedBody\":[]}',200,NULL,'[{\"description\":\"\",\"key\":\"Content-Type\",\"required\":false,\"type\":\"String\",\"value\":\"multipart/form-data\"},{\"description\":\"\",\"key\":\"Content-Length\",\"required\":false,\"type\":\"String\",\"value\":\"405\"},{\"description\":\"\",\"key\":\"Date\",\"required\":false,\"type\":\"String\",\"value\":\"Sun, 19 May 2024 15:33:11 GMT\"},{\"description\":\"\",\"key\":\"Keep-Alive\",\"required\":false,\"type\":\"String\",\"value\":\"timeout=60\"},{\"description\":\"\",\"key\":\"Connection\",\"required\":false,\"type\":\"String\",\"value\":\"keep-alive\"}]','{\"binaryBody\":\"\",\"graphQLBody\":\"\",\"rawBody\":{\"body\":\"{\\n\\t\\\"code\\\":1000,\\n\\t\\\"data\\\":\\\"{\\\\\\\"componentList\\\\\\\":[{\\\\\\\"componentId\\\\\\\":\\\\\\\"130926199612161482\\\\\\\"}],\\\\\\\"inspection\\\\\\\":[],\\\\\\\"lastModified\\\\\\\":\\\\\\\"2024-05-19 23:21:59.819\\\\\\\",\\\\\\\"productionDate\\\\\\\":\\\\\\\"2024-05-02 00:00:00\\\\\\\",\\\\\\\"productionDepartment\\\\\\\":\\\\\\\"测试部门2\\\\\\\",\\\\\\\"productionId\\\\\\\":\\\\\\\"320506199706024014\\\\\\\",\\\\\\\"productionModel\\\\\\\":\\\\\\\"测试型号1\\\\\\\",\\\\\\\"state\\\\\\\":\\\\\\\"已退回\\\\\\\",\\\\\\\"version\\\\\\\":\\\\\\\"9fc5606b46c34b10b3063f4c5600e16b\\\\\\\"}\\\",\\n\\t\\\"message\\\":\\\"\\\"\\n}\",\"type\":\"JSON\"},\"type\":\"RAW\"}','2024-05-19 23:33:11'),('bcc63ec97b9040498b1f607902cfedcc','813087591a014d17ac8d10b8069b9d06','ccf44c48755244bbb945b4d8c9877b63',1,'[]','[]','[]','{\"binaryBody\":\"\",\"formDataBody\":[],\"graphQLBody\":\"\",\"rawBody\":{\"body\":\"{\\n    \\\"productionId\\\": \\\"R58N60MVXXX\\\",\\n    \\\"productionModel\\\": \\\"FWS-10发动机\\\",\\n    \\\"productionDepartmentId\\\": \\\"中国航发公司\\\",\\n    \\\"productionDate\\\": \\\"2024-03-01\\\",\\n    \\\"inspectionStandard\\\": \\n        [\\n            \\\"Q/LGD001-2000\\\", \\n            \\\"GB6675.1-2014\\\"\\n        ]\\n    ,\\n    \\\"inspectorId\\\": \\\"JC检03\\\",\\n    \\\"state\\\": \\\"已交付\\\",\\n    \\\"componentList\\\": [\\n        \\\"R56N60MVXXX\\\",\\n        \\\"R56N60MVXXX\\\",\\n        \\\"T01X33MVXXY\\\"\\n    ],\\n}\",\"type\":\"JSON\"},\"type\":\"RAW\",\"xwwwFormUrlEncodedBody\":[]}',200,NULL,'[{\"description\":\"\",\"key\":\"Content-Type\",\"required\":false,\"type\":\"String\",\"value\":\"multipart/form-data\"},{\"description\":\"\",\"key\":\"Content-Length\",\"required\":false,\"type\":\"String\",\"value\":\"121\"},{\"description\":\"\",\"key\":\"Date\",\"required\":false,\"type\":\"String\",\"value\":\"Fri, 17 May 2024 12:16:48 GMT\"},{\"description\":\"\",\"key\":\"Keep-Alive\",\"required\":false,\"type\":\"String\",\"value\":\"timeout=60\"},{\"description\":\"\",\"key\":\"Connection\",\"required\":false,\"type\":\"String\",\"value\":\"keep-alive\"}]','{\"binaryBody\":\"\",\"graphQLBody\":\"\",\"rawBody\":{\"body\":\"{\\n\\t\\\"code\\\":1000,\\n\\t\\\"data\\\":{\\n\\t\\t\\\"txId\\\":\\\"513f951e6895cb33065492de706e64e6e0f061015f09fb0f6846a9389d1c038d\\\"\\n\\t},\\n\\t\\\"message\\\":\\\"\\\"\\n}\",\"type\":\"JSON\"},\"type\":\"RAW\"}','2024-05-17 20:16:48'),('c4650651461444c5a173e97b9ef781c2','10c8f3cef4bf4b5096295d9354c1023d','ccf44c48755244bbb945b4d8c9877b63',2,NULL,NULL,NULL,'{\"binaryBody\":\"\",\"formDataBody\":[],\"graphQLBody\":\"\",\"rawBody\":{\"body\":\"{\\\"key\\\":\\\"320506199706024014\\\",\\\"field\\\":\\\"certificate\\\"}\",\"type\":\"JSON\"},\"type\":\"RAW\",\"xwwwFormUrlEncodedBody\":[]}',200,NULL,'[{\"description\":\"\",\"key\":\"Content-Type\",\"required\":false,\"type\":\"String\",\"value\":\"multipart/form-data\"},{\"description\":\"\",\"key\":\"Content-Length\",\"required\":false,\"type\":\"String\",\"value\":\"405\"},{\"description\":\"\",\"key\":\"Date\",\"required\":false,\"type\":\"String\",\"value\":\"Sun, 19 May 2024 15:33:02 GMT\"},{\"description\":\"\",\"key\":\"Keep-Alive\",\"required\":false,\"type\":\"String\",\"value\":\"timeout=60\"},{\"description\":\"\",\"key\":\"Connection\",\"required\":false,\"type\":\"String\",\"value\":\"keep-alive\"}]','{\"binaryBody\":\"\",\"graphQLBody\":\"\",\"rawBody\":{\"body\":\"{\\n\\t\\\"code\\\":1000,\\n\\t\\\"data\\\":\\\"{\\\\\\\"componentList\\\\\\\":[{\\\\\\\"componentId\\\\\\\":\\\\\\\"130926199612161482\\\\\\\"}],\\\\\\\"inspection\\\\\\\":[],\\\\\\\"lastModified\\\\\\\":\\\\\\\"2024-05-19 23:21:59.819\\\\\\\",\\\\\\\"productionDate\\\\\\\":\\\\\\\"2024-05-02 00:00:00\\\\\\\",\\\\\\\"productionDepartment\\\\\\\":\\\\\\\"测试部门2\\\\\\\",\\\\\\\"productionId\\\\\\\":\\\\\\\"320506199706024014\\\\\\\",\\\\\\\"productionModel\\\\\\\":\\\\\\\"测试型号1\\\\\\\",\\\\\\\"state\\\\\\\":\\\\\\\"已退回\\\\\\\",\\\\\\\"version\\\\\\\":\\\\\\\"9fc5606b46c34b10b3063f4c5600e16b\\\\\\\"}\\\",\\n\\t\\\"message\\\":\\\"\\\"\\n}\",\"type\":\"JSON\"},\"type\":\"RAW\"}','2024-05-19 23:33:02'),('c6d928148350428e83c15d0e4e3caacb','27fd190bc7ad4aac8b3a07cace7bfe0e','ccf44c48755244bbb945b4d8c9877b63',1,'[]','[]','[]','{\"binaryBody\":\"\",\"formDataBody\":[],\"graphQLBody\":\"\",\"rawBody\":{\"body\":\"{\\n    \\\"productionId\\\": \\\"R58N60MVXXX\\\"\\n}\",\"type\":\"JSON\"},\"type\":\"RAW\",\"xwwwFormUrlEncodedBody\":[]}',200,NULL,'[{\"description\":\"\",\"key\":\"Content-Type\",\"required\":false,\"type\":\"String\",\"value\":\"multipart/form-data\"},{\"description\":\"\",\"key\":\"Content-Length\",\"required\":false,\"type\":\"String\",\"value\":\"1250\"},{\"description\":\"\",\"key\":\"Date\",\"required\":false,\"type\":\"String\",\"value\":\"Fri, 17 May 2024 12:43:12 GMT\"},{\"description\":\"\",\"key\":\"Keep-Alive\",\"required\":false,\"type\":\"String\",\"value\":\"timeout=60\"},{\"description\":\"\",\"key\":\"Connection\",\"required\":false,\"type\":\"String\",\"value\":\"keep-alive\"}]','{\"binaryBody\":\"\",\"graphQLBody\":\"\",\"rawBody\":{\"body\":\"{\\n\\t\\\"code\\\":1000,\\n\\t\\\"data\\\":[\\n\\t\\t{\\n\\t\\t\\t\\\"componentList\\\":[\\n\\t\\t\\t\\t\\\"R56N60MVXXX\\\",\\n\\t\\t\\t\\t\\\"R56N60MVXXX\\\",\\n\\t\\t\\t\\t\\\"T01X33MVXXY\\\"\\n\\t\\t\\t],\\n\\t\\t\\t\\\"inspectionStandard\\\":[\\n\\t\\t\\t\\t\\\"Q/LGD001-2000\\\",\\n\\t\\t\\t\\t\\\"GB6675.1-2014\\\"\\n\\t\\t\\t],\\n\\t\\t\\t\\\"inspector\\\":\\\"\\\",\\n\\t\\t\\t\\\"productionDate\\\":\\\"2024-03-01 00:00:00\\\",\\n\\t\\t\\t\\\"productionDepartment\\\":\\\"\\\",\\n\\t\\t\\t\\\"productionId\\\":\\\"R58N60MVXXX\\\",\\n\\t\\t\\t\\\"productionModel\\\":\\\"FWS-10发动机\\\",\\n\\t\\t\\t\\\"state\\\":\\\"已交付\\\",\\n\\t\\t\\t\\\"version\\\":\\\"d9d81392fe2545e28130f4506aca459f\\\"\\n\\t\\t},\\n\\t\\t{\\n\\t\\t\\t\\\"componentList\\\":[\\n\\t\\t\\t\\t\\\"R56N60MVXXX\\\",\\n\\t\\t\\t\\t\\\"R56N60MVXXX\\\",\\n\\t\\t\\t\\t\\\"T01X33MVXXY\\\"\\n\\t\\t\\t],\\n\\t\\t\\t\\\"inspectionStandard\\\":[\\n\\t\\t\\t\\t\\\"Q/LGD001-2000\\\",\\n\\t\\t\\t\\t\\\"GB6675.1-2014\\\"\\n\\t\\t\\t],\\n\\t\\t\\t\\\"inspector\\\":\\\"\\\",\\n\\t\\t\\t\\\"productionDate\\\":\\\"2024-03-01 00:00:00\\\",\\n\\t\\t\\t\\\"productionDepartment\\\":\\\"\\\",\\n\\t\\t\\t\\\"productionId\\\":\\\"R58N60MVXXX\\\",\\n\\t\\t\\t\\\"productionModel\\\":\\\"FWS-10发动机\\\",\\n\\t\\t\\t\\\"state\\\":\\\"已交付\\\",\\n\\t\\t\\t\\\"version\\\":\\\"ad766a7aa664449e997cc8e940e0e348\\\"\\n\\t\\t},\\n\\t\\t{\\n\\t\\t\\t\\\"componentList\\\":[\\n\\t\\t\\t\\t\\\"R56N60MVXXX\\\",\\n\\t\\t\\t\\t\\\"R56N60MVXXX\\\",\\n\\t\\t\\t\\t\\\"T01X33MVXXY\\\"\\n\\t\\t\\t],\\n\\t\\t\\t\\\"inspectionStandard\\\":[\\n\\t\\t\\t\\t\\\"Q/LGD001-2000\\\",\\n\\t\\t\\t\\t\\\"GB6675.1-2014\\\"\\n\\t\\t\\t],\\n\\t\\t\\t\\\"inspector\\\":\\\"\\\",\\n\\t\\t\\t\\\"productionDate\\\":\\\"2024-03-01 00:00:00\\\",\\n\\t\\t\\t\\\"productionDepartment\\\":\\\"\\\",\\n\\t\\t\\t\\\"productionId\\\":\\\"R58N60MVXXX\\\",\\n\\t\\t\\t\\\"productionModel\\\":\\\"FWS-10发动机\\\",\\n\\t\\t\\t\\\"state\\\":\\\"已交付\\\",\\n\\t\\t\\t\\\"version\\\":\\\"3b3f1f52f7fe4fe285d4a9acc11455f1\\\"\\n\\t\\t}\\n\\t],\\n\\t\\\"message\\\":\\\"\\\"\\n}\",\"type\":\"JSON\"},\"type\":\"RAW\"}','2024-05-17 20:43:12'),('c9c89fd4d656472783ae408a2c537bf0','10c8f3cef4bf4b5096295d9354c1023d','ccf44c48755244bbb945b4d8c9877b63',2,NULL,NULL,NULL,'{\"binaryBody\":\"\",\"formDataBody\":[],\"graphQLBody\":\"\",\"rawBody\":{\"body\":\"{\\\"key\\\":\\\"R58N60MV001\\\",\\\"field\\\":\\\"certificate\\\"}\",\"type\":\"JSON\"},\"type\":\"RAW\",\"xwwwFormUrlEncodedBody\":[]}',200,NULL,'[{\"description\":\"\",\"key\":\"Vary\",\"required\":false,\"type\":\"String\",\"value\":\"Access-Control-Request-Headers\"},{\"description\":\"\",\"key\":\"Content-Type\",\"required\":false,\"type\":\"String\",\"value\":\"multipart/form-data\"},{\"description\":\"\",\"key\":\"Content-Length\",\"required\":false,\"type\":\"String\",\"value\":\"674\"},{\"description\":\"\",\"key\":\"Date\",\"required\":false,\"type\":\"String\",\"value\":\"Sun, 19 May 2024 14:17:28 GMT\"},{\"description\":\"\",\"key\":\"Keep-Alive\",\"required\":false,\"type\":\"String\",\"value\":\"timeout=60\"},{\"description\":\"\",\"key\":\"Connection\",\"required\":false,\"type\":\"String\",\"value\":\"keep-alive\"}]','{\"binaryBody\":\"\",\"graphQLBody\":\"\",\"rawBody\":{\"body\":\"{\\n\\t\\\"code\\\":1000,\\n\\t\\\"data\\\":\\\"{\\\\\\\"componentList\\\\\\\":[{\\\\\\\"componentId\\\\\\\":\\\\\\\"R2178472MX02\\\\\\\"},{\\\\\\\"componentId\\\\\\\":\\\\\\\"S34123214321X\\\\\\\"},{\\\\\\\"componentId\\\\\\\":\\\\\\\"S34BHDS23210\\\\\\\"}],\\\\\\\"inspection\\\\\\\":[{\\\\\\\"standard\\\\\\\":\\\\\\\"Q/LGD001-2000\\\\\\\",\\\\\\\"inspector\\\\\\\":\\\\\\\"JC检03\\\\\\\",\\\\\\\"time\\\\\\\":\\\\\\\"2024-05-01 00:00:02\\\\\\\"},{\\\\\\\"standard\\\\\\\":\\\\\\\"GB6675.1-2014\\\\\\\",\\\\\\\"inspector\\\\\\\":\\\\\\\"JC检04\\\\\\\",\\\\\\\"time\\\\\\\":\\\\\\\"2024-05-06 00:32:00\\\\\\\"}],\\\\\\\"lastModified\\\\\\\":\\\\\\\"2024-05-19 16:10:05.604\\\\\\\",\\\\\\\"productionDate\\\\\\\":\\\\\\\"2024-05-15 00:00:00\\\\\\\",\\\\\\\"productionDepartment\\\\\\\":\\\\\\\"中国航发沈阳黎明航空发动机\\\\\\\",\\\\\\\"productionId\\\\\\\":\\\\\\\"R58N60MV001\\\\\\\",\\\\\\\"productionModel\\\\\\\":\\\\\\\"FWS-10发动机\\\\\\\",\\\\\\\"state\\\\\\\":\\\\\\\"已退回\\\\\\\",\\\\\\\"version\\\\\\\":\\\\\\\"cc98f681befa47a5932b0c3100dd29dc\\\\\\\"}\\\",\\n\\t\\\"message\\\":\\\"\\\"\\n}\",\"type\":\"JSON\"},\"type\":\"RAW\"}','2024-05-19 22:17:28'),('cb464f2774854a6cafa313505235a836','10c8f3cef4bf4b5096295d9354c1023d','ccf44c48755244bbb945b4d8c9877b63',2,NULL,NULL,NULL,'{\"binaryBody\":\"\",\"formDataBody\":[],\"graphQLBody\":\"\",\"rawBody\":{\"body\":\"{\\\"key\\\":\\\"320506199706024014\\\",\\\"field\\\":\\\"certificate\\\"}\",\"type\":\"JSON\"},\"type\":\"RAW\",\"xwwwFormUrlEncodedBody\":[]}',200,NULL,'[{\"description\":\"\",\"key\":\"Content-Type\",\"required\":false,\"type\":\"String\",\"value\":\"multipart/form-data\"},{\"description\":\"\",\"key\":\"Content-Length\",\"required\":false,\"type\":\"String\",\"value\":\"410\"},{\"description\":\"\",\"key\":\"Date\",\"required\":false,\"type\":\"String\",\"value\":\"Sun, 19 May 2024 15:16:19 GMT\"},{\"description\":\"\",\"key\":\"Keep-Alive\",\"required\":false,\"type\":\"String\",\"value\":\"timeout=60\"},{\"description\":\"\",\"key\":\"Connection\",\"required\":false,\"type\":\"String\",\"value\":\"keep-alive\"}]','{\"binaryBody\":\"\",\"graphQLBody\":\"\",\"rawBody\":{\"body\":\"{\\n\\t\\\"code\\\":1000,\\n\\t\\\"data\\\":\\\"{\\\\\\\"componentList\\\\\\\":[],\\\\\\\"creationTime\\\\\\\":\\\\\\\"2024-05-19 23:11:04.382\\\\\\\",\\\\\\\"inspection\\\\\\\":[],\\\\\\\"lastModified\\\\\\\":\\\\\\\"2024-05-19 23:11:04.382\\\\\\\",\\\\\\\"productionDate\\\\\\\":\\\\\\\"2024-05-02 00:00:00\\\\\\\",\\\\\\\"productionDepartment\\\\\\\":\\\\\\\"测试部门2\\\\\\\",\\\\\\\"productionId\\\\\\\":\\\\\\\"320506199706024014\\\\\\\",\\\\\\\"productionModel\\\\\\\":\\\\\\\"测试型号1\\\\\\\",\\\\\\\"state\\\\\\\":\\\\\\\"已退回\\\\\\\",\\\\\\\"version\\\\\\\":\\\\\\\"5280d744e2db4becad83b7e3d9550efd\\\\\\\"}\\\",\\n\\t\\\"message\\\":\\\"\\\"\\n}\",\"type\":\"JSON\"},\"type\":\"RAW\"}','2024-05-19 23:16:19'),('cbadab59a1574320ada12389765f7a1e','8cb19229d7084099b2992c96f2f16cbf','4550aa8ee620484dad157d039d8b6909',1,'[{\"description\":\"唯一标识符\",\"key\":\"id\",\"required\":true,\"type\":\"Long\",\"value\":\"fsdfsda\"}]','[{\"description\":\"姓名\",\"key\":\"name\",\"required\":true,\"type\":\"String\",\"value\":\"fdsafds\"}]','[{\"description\":\"连接方式\",\"key\":\"Connection\",\"required\":false,\"type\":\"String\",\"value\":\"fdasfsa\"}]','{\"binaryBody\":\"\",\"formDataBody\":[],\"graphQLBody\":\"\",\"rawBody\":null,\"type\":\"NONE\",\"xwwwFormUrlEncodedBody\":[]}',200,NULL,'[{\"description\":\"\",\"key\":\"age\",\"required\":false,\"type\":\"String\",\"value\":\"10\"},{\"description\":\"\",\"key\":\"sex\",\"required\":false,\"type\":\"String\",\"value\":\"Male\"},{\"description\":\"\",\"key\":\"Content-Type\",\"required\":false,\"type\":\"String\",\"value\":\"multipart/form-data\"},{\"description\":\"\",\"key\":\"Transfer-Encoding\",\"required\":false,\"type\":\"String\",\"value\":\"chunked\"},{\"description\":\"\",\"key\":\"Date\",\"required\":false,\"type\":\"String\",\"value\":\"Tue, 26 Mar 2024 21:54:20 GMT\"}]','{\"binaryBody\":\"\",\"graphQLBody\":\"\",\"rawBody\":{\"body\":\"\\\"Hello World\\\"\",\"type\":\"TEXT\"},\"type\":\"RAW\"}','2024-03-27 05:54:21'),('cfb3b0ebdf8e421f83703f8e8ae4c35d','10c8f3cef4bf4b5096295d9354c1023d','ccf44c48755244bbb945b4d8c9877b63',2,NULL,NULL,NULL,'{\"binaryBody\":\"\",\"formDataBody\":[],\"graphQLBody\":\"\",\"rawBody\":{\"body\":\"{\\\"key\\\":\\\"R58N60MV001\\\",\\\"field\\\":\\\"certificate\\\"}\",\"type\":\"JSON\"},\"type\":\"RAW\",\"xwwwFormUrlEncodedBody\":[]}',200,NULL,'[{\"description\":\"\",\"key\":\"Content-Type\",\"required\":false,\"type\":\"String\",\"value\":\"multipart/form-data\"},{\"description\":\"\",\"key\":\"Content-Length\",\"required\":false,\"type\":\"String\",\"value\":\"674\"},{\"description\":\"\",\"key\":\"Date\",\"required\":false,\"type\":\"String\",\"value\":\"Sun, 19 May 2024 15:19:25 GMT\"},{\"description\":\"\",\"key\":\"Keep-Alive\",\"required\":false,\"type\":\"String\",\"value\":\"timeout=60\"},{\"description\":\"\",\"key\":\"Connection\",\"required\":false,\"type\":\"String\",\"value\":\"keep-alive\"}]','{\"binaryBody\":\"\",\"graphQLBody\":\"\",\"rawBody\":{\"body\":\"{\\n\\t\\\"code\\\":1000,\\n\\t\\\"data\\\":\\\"{\\\\\\\"componentList\\\\\\\":[{\\\\\\\"componentId\\\\\\\":\\\\\\\"R2178472MX02\\\\\\\"},{\\\\\\\"componentId\\\\\\\":\\\\\\\"S34123214321X\\\\\\\"},{\\\\\\\"componentId\\\\\\\":\\\\\\\"S34BHDS23210\\\\\\\"}],\\\\\\\"inspection\\\\\\\":[{\\\\\\\"standard\\\\\\\":\\\\\\\"Q/LGD001-2000\\\\\\\",\\\\\\\"inspector\\\\\\\":\\\\\\\"JC检03\\\\\\\",\\\\\\\"time\\\\\\\":\\\\\\\"2024-05-01 00:00:02\\\\\\\"},{\\\\\\\"standard\\\\\\\":\\\\\\\"GB6675.1-2014\\\\\\\",\\\\\\\"inspector\\\\\\\":\\\\\\\"JC检04\\\\\\\",\\\\\\\"time\\\\\\\":\\\\\\\"2024-05-06 00:32:00\\\\\\\"}],\\\\\\\"lastModified\\\\\\\":\\\\\\\"2024-05-19 16:10:05.604\\\\\\\",\\\\\\\"productionDate\\\\\\\":\\\\\\\"2024-05-15 00:00:00\\\\\\\",\\\\\\\"productionDepartment\\\\\\\":\\\\\\\"中国航发沈阳黎明航空发动机\\\\\\\",\\\\\\\"productionId\\\\\\\":\\\\\\\"R58N60MV001\\\\\\\",\\\\\\\"productionModel\\\\\\\":\\\\\\\"FWS-10发动机\\\\\\\",\\\\\\\"state\\\\\\\":\\\\\\\"已退回\\\\\\\",\\\\\\\"version\\\\\\\":\\\\\\\"cc98f681befa47a5932b0c3100dd29dc\\\\\\\"}\\\",\\n\\t\\\"message\\\":\\\"\\\"\\n}\",\"type\":\"JSON\"},\"type\":\"RAW\"}','2024-05-19 23:19:25'),('d072b73a11dd4eacb2d727d80f0f9f10','10c8f3cef4bf4b5096295d9354c1023d','ccf44c48755244bbb945b4d8c9877b63',2,NULL,NULL,NULL,'{\"binaryBody\":\"\",\"formDataBody\":[],\"graphQLBody\":\"\",\"rawBody\":{\"body\":\"{\\\"key\\\":\\\"R58N60MV001\\\",\\\"field\\\":\\\"certificate\\\"}\",\"type\":\"JSON\"},\"type\":\"RAW\",\"xwwwFormUrlEncodedBody\":[]}',200,NULL,'[{\"description\":\"\",\"key\":\"Vary\",\"required\":false,\"type\":\"String\",\"value\":\"Access-Control-Request-Headers\"},{\"description\":\"\",\"key\":\"Content-Type\",\"required\":false,\"type\":\"String\",\"value\":\"multipart/form-data\"},{\"description\":\"\",\"key\":\"Content-Length\",\"required\":false,\"type\":\"String\",\"value\":\"674\"},{\"description\":\"\",\"key\":\"Date\",\"required\":false,\"type\":\"String\",\"value\":\"Sun, 19 May 2024 15:08:40 GMT\"},{\"description\":\"\",\"key\":\"Keep-Alive\",\"required\":false,\"type\":\"String\",\"value\":\"timeout=60\"},{\"description\":\"\",\"key\":\"Connection\",\"required\":false,\"type\":\"String\",\"value\":\"keep-alive\"}]','{\"binaryBody\":\"\",\"graphQLBody\":\"\",\"rawBody\":{\"body\":\"{\\n\\t\\\"code\\\":1000,\\n\\t\\\"data\\\":\\\"{\\\\\\\"componentList\\\\\\\":[{\\\\\\\"componentId\\\\\\\":\\\\\\\"R2178472MX02\\\\\\\"},{\\\\\\\"componentId\\\\\\\":\\\\\\\"S34123214321X\\\\\\\"},{\\\\\\\"componentId\\\\\\\":\\\\\\\"S34BHDS23210\\\\\\\"}],\\\\\\\"inspection\\\\\\\":[{\\\\\\\"standard\\\\\\\":\\\\\\\"Q/LGD001-2000\\\\\\\",\\\\\\\"inspector\\\\\\\":\\\\\\\"JC检03\\\\\\\",\\\\\\\"time\\\\\\\":\\\\\\\"2024-05-01 00:00:02\\\\\\\"},{\\\\\\\"standard\\\\\\\":\\\\\\\"GB6675.1-2014\\\\\\\",\\\\\\\"inspector\\\\\\\":\\\\\\\"JC检04\\\\\\\",\\\\\\\"time\\\\\\\":\\\\\\\"2024-05-06 00:32:00\\\\\\\"}],\\\\\\\"lastModified\\\\\\\":\\\\\\\"2024-05-19 16:10:05.604\\\\\\\",\\\\\\\"productionDate\\\\\\\":\\\\\\\"2024-05-15 00:00:00\\\\\\\",\\\\\\\"productionDepartment\\\\\\\":\\\\\\\"中国航发沈阳黎明航空发动机\\\\\\\",\\\\\\\"productionId\\\\\\\":\\\\\\\"R58N60MV001\\\\\\\",\\\\\\\"productionModel\\\\\\\":\\\\\\\"FWS-10发动机\\\\\\\",\\\\\\\"state\\\\\\\":\\\\\\\"已退回\\\\\\\",\\\\\\\"version\\\\\\\":\\\\\\\"cc98f681befa47a5932b0c3100dd29dc\\\\\\\"}\\\",\\n\\t\\\"message\\\":\\\"\\\"\\n}\",\"type\":\"JSON\"},\"type\":\"RAW\"}','2024-05-19 23:08:40'),('d0a18db991024416a6f2c1abcbe12d0f','813087591a014d17ac8d10b8069b9d06','ccf44c48755244bbb945b4d8c9877b63',1,'[]','[]','[]','{\"binaryBody\":\"\",\"formDataBody\":[],\"graphQLBody\":\"\",\"rawBody\":{\"body\":\"{\\n    \\\"productionId\\\": \\\"R58N60MVXXX\\\",\\n    \\\"productionModel\\\": \\\"FWS-10发动机\\\",\\n    \\\"productionDepartmentId\\\": \\\"中国航发公司\\\",\\n    \\\"productionDate\\\": \\\"2024-03-01\\\",\\n    \\\"inspectionStandard\\\": \\n        [\\n            \\\"Q/LGD001-2000\\\", \\n            \\\"GB6675.1-2014\\\"\\n        ]\\n    ,\\n    \\\"inspectorId\\\": \\\"JC检03\\\",\\n    \\\"state\\\": \\\"已交付\\\",\\n    \\\"componentList\\\": [\\n        \\\"R56N60MVXXX\\\",\\n        \\\"R56N60MVXXX\\\",\\n        \\\"T01X33MVXXY\\\"\\n    ],\\n}\",\"type\":\"JSON\"},\"type\":\"RAW\",\"xwwwFormUrlEncodedBody\":[]}',200,NULL,'[{\"description\":\"\",\"key\":\"Content-Type\",\"required\":false,\"type\":\"String\",\"value\":\"multipart/form-data\"},{\"description\":\"\",\"key\":\"Content-Length\",\"required\":false,\"type\":\"String\",\"value\":\"89\"},{\"description\":\"\",\"key\":\"Date\",\"required\":false,\"type\":\"String\",\"value\":\"Fri, 17 May 2024 12:22:02 GMT\"},{\"description\":\"\",\"key\":\"Keep-Alive\",\"required\":false,\"type\":\"String\",\"value\":\"timeout=60\"},{\"description\":\"\",\"key\":\"Connection\",\"required\":false,\"type\":\"String\",\"value\":\"keep-alive\"}]','{\"binaryBody\":\"\",\"graphQLBody\":\"\",\"rawBody\":{\"body\":\"{\\n\\t\\\"code\\\":1000,\\n\\t\\\"data\\\":{\\n\\t\\t\\\"txId\\\":\\\"ad766a7aa664449e997cc8e940e0e348\\\"\\n\\t},\\n\\t\\\"message\\\":\\\"\\\"\\n}\",\"type\":\"JSON\"},\"type\":\"RAW\"}','2024-05-17 20:22:02'),('d499db4686f940efa4a8c50fd402d352','10c8f3cef4bf4b5096295d9354c1023d','ccf44c48755244bbb945b4d8c9877b63',2,NULL,NULL,NULL,'{\"binaryBody\":\"\",\"formDataBody\":[],\"graphQLBody\":\"\",\"rawBody\":{\"body\":\"{\\\"key\\\":\\\"R58N60MV001\\\",\\\"field\\\":\\\"certificate\\\"}\",\"type\":\"JSON\"},\"type\":\"RAW\",\"xwwwFormUrlEncodedBody\":[]}',200,NULL,'[{\"description\":\"\",\"key\":\"Content-Type\",\"required\":false,\"type\":\"String\",\"value\":\"multipart/form-data\"},{\"description\":\"\",\"key\":\"Content-Length\",\"required\":false,\"type\":\"String\",\"value\":\"674\"},{\"description\":\"\",\"key\":\"Date\",\"required\":false,\"type\":\"String\",\"value\":\"Sun, 19 May 2024 15:10:35 GMT\"},{\"description\":\"\",\"key\":\"Keep-Alive\",\"required\":false,\"type\":\"String\",\"value\":\"timeout=60\"},{\"description\":\"\",\"key\":\"Connection\",\"required\":false,\"type\":\"String\",\"value\":\"keep-alive\"}]','{\"binaryBody\":\"\",\"graphQLBody\":\"\",\"rawBody\":{\"body\":\"{\\n\\t\\\"code\\\":1000,\\n\\t\\\"data\\\":\\\"{\\\\\\\"componentList\\\\\\\":[{\\\\\\\"componentId\\\\\\\":\\\\\\\"R2178472MX02\\\\\\\"},{\\\\\\\"componentId\\\\\\\":\\\\\\\"S34123214321X\\\\\\\"},{\\\\\\\"componentId\\\\\\\":\\\\\\\"S34BHDS23210\\\\\\\"}],\\\\\\\"inspection\\\\\\\":[{\\\\\\\"standard\\\\\\\":\\\\\\\"Q/LGD001-2000\\\\\\\",\\\\\\\"inspector\\\\\\\":\\\\\\\"JC检03\\\\\\\",\\\\\\\"time\\\\\\\":\\\\\\\"2024-05-01 00:00:02\\\\\\\"},{\\\\\\\"standard\\\\\\\":\\\\\\\"GB6675.1-2014\\\\\\\",\\\\\\\"inspector\\\\\\\":\\\\\\\"JC检04\\\\\\\",\\\\\\\"time\\\\\\\":\\\\\\\"2024-05-06 00:32:00\\\\\\\"}],\\\\\\\"lastModified\\\\\\\":\\\\\\\"2024-05-19 16:10:05.604\\\\\\\",\\\\\\\"productionDate\\\\\\\":\\\\\\\"2024-05-15 00:00:00\\\\\\\",\\\\\\\"productionDepartment\\\\\\\":\\\\\\\"中国航发沈阳黎明航空发动机\\\\\\\",\\\\\\\"productionId\\\\\\\":\\\\\\\"R58N60MV001\\\\\\\",\\\\\\\"productionModel\\\\\\\":\\\\\\\"FWS-10发动机\\\\\\\",\\\\\\\"state\\\\\\\":\\\\\\\"已退回\\\\\\\",\\\\\\\"version\\\\\\\":\\\\\\\"cc98f681befa47a5932b0c3100dd29dc\\\\\\\"}\\\",\\n\\t\\\"message\\\":\\\"\\\"\\n}\",\"type\":\"JSON\"},\"type\":\"RAW\"}','2024-05-19 23:10:35'),('d6253d7f00074ec7b1392dcef2d2b862','ed5723b1e4454719bcfa5c8279f0bfc2','ccf44c48755244bbb945b4d8c9877b63',2,NULL,NULL,NULL,'{\"binaryBody\":\"\",\"formDataBody\":[],\"graphQLBody\":\"\",\"rawBody\":{\"body\":\"{\\\"key\\\":\\\"123456\\\",\\\"field\\\":\\\"certificate\\\",\\\"value\\\":\\\"{\\\\\\\"componentList\\\\\\\":[],\\\\\\\"creationTime\\\\\\\":\\\\\\\"2024-05-19 23:03:32.524\\\\\\\",\\\\\\\"inspection\\\\\\\":[],\\\\\\\"lastModified\\\\\\\":\\\\\\\"2024-05-19 23:03:32.524\\\\\\\",\\\\\\\"productionDate\\\\\\\":\\\\\\\"2024-05-08 00:00:00\\\\\\\",\\\\\\\"productionDepartment\\\\\\\":\\\\\\\"测试部门2\\\\\\\",\\\\\\\"productionId\\\\\\\":\\\\\\\"123456\\\\\\\",\\\\\\\"productionModel\\\\\\\":\\\\\\\"测试型号1\\\\\\\",\\\\\\\"state\\\\\\\":\\\\\\\"已退回\\\\\\\",\\\\\\\"version\\\\\\\":\\\\\\\"e841407c13504cb9a89cf326d88eac1f\\\\\\\"}\\\",\\\"txId\\\":\\\"e841407c13504cb9a89cf326d88eac1f\\\"}\",\"type\":\"JSON\"},\"type\":\"RAW\",\"xwwwFormUrlEncodedBody\":[]}',404,'{\n	\"timestamp\":\"2024-05-19 23:03:32\",\n	\"status\":404,\n	\"error\":\"Not Found\",\n	\"message\":\"No message available\",\n	\"path\":\"/chain/putState\"\n}','[{\"description\":\"\",\"key\":\"Vary\",\"required\":false,\"type\":\"String\",\"value\":\"Access-Control-Request-Headers\"},{\"description\":\"\",\"key\":\"Content-Type\",\"required\":false,\"type\":\"String\",\"value\":\"multipart/form-data\"},{\"description\":\"\",\"key\":\"Content-Length\",\"required\":false,\"type\":\"String\",\"value\":\"137\"},{\"description\":\"\",\"key\":\"Date\",\"required\":false,\"type\":\"String\",\"value\":\"Sun, 19 May 2024 15:03:32 GMT\"},{\"description\":\"\",\"key\":\"Keep-Alive\",\"required\":false,\"type\":\"String\",\"value\":\"timeout=60\"},{\"description\":\"\",\"key\":\"Connection\",\"required\":false,\"type\":\"String\",\"value\":\"keep-alive\"}]',NULL,'2024-05-19 23:03:32'),('d991be8a92be4f82bb442b65646dccdb','10c8f3cef4bf4b5096295d9354c1023d','ccf44c48755244bbb945b4d8c9877b63',2,NULL,NULL,NULL,'{\"binaryBody\":\"\",\"formDataBody\":[],\"graphQLBody\":\"\",\"rawBody\":{\"body\":\"{\\\"key\\\":\\\"R58N60MV001\\\",\\\"field\\\":\\\"certificate\\\"}\",\"type\":\"JSON\"},\"type\":\"RAW\",\"xwwwFormUrlEncodedBody\":[]}',200,NULL,'[{\"description\":\"\",\"key\":\"Vary\",\"required\":false,\"type\":\"String\",\"value\":\"Access-Control-Request-Headers\"},{\"description\":\"\",\"key\":\"Content-Type\",\"required\":false,\"type\":\"String\",\"value\":\"multipart/form-data\"},{\"description\":\"\",\"key\":\"Content-Length\",\"required\":false,\"type\":\"String\",\"value\":\"674\"},{\"description\":\"\",\"key\":\"Date\",\"required\":false,\"type\":\"String\",\"value\":\"Sun, 19 May 2024 14:37:12 GMT\"},{\"description\":\"\",\"key\":\"Keep-Alive\",\"required\":false,\"type\":\"String\",\"value\":\"timeout=60\"},{\"description\":\"\",\"key\":\"Connection\",\"required\":false,\"type\":\"String\",\"value\":\"keep-alive\"}]','{\"binaryBody\":\"\",\"graphQLBody\":\"\",\"rawBody\":{\"body\":\"{\\n\\t\\\"code\\\":1000,\\n\\t\\\"data\\\":\\\"{\\\\\\\"componentList\\\\\\\":[{\\\\\\\"componentId\\\\\\\":\\\\\\\"R2178472MX02\\\\\\\"},{\\\\\\\"componentId\\\\\\\":\\\\\\\"S34123214321X\\\\\\\"},{\\\\\\\"componentId\\\\\\\":\\\\\\\"S34BHDS23210\\\\\\\"}],\\\\\\\"inspection\\\\\\\":[{\\\\\\\"standard\\\\\\\":\\\\\\\"Q/LGD001-2000\\\\\\\",\\\\\\\"inspector\\\\\\\":\\\\\\\"JC检03\\\\\\\",\\\\\\\"time\\\\\\\":\\\\\\\"2024-05-01 00:00:02\\\\\\\"},{\\\\\\\"standard\\\\\\\":\\\\\\\"GB6675.1-2014\\\\\\\",\\\\\\\"inspector\\\\\\\":\\\\\\\"JC检04\\\\\\\",\\\\\\\"time\\\\\\\":\\\\\\\"2024-05-06 00:32:00\\\\\\\"}],\\\\\\\"lastModified\\\\\\\":\\\\\\\"2024-05-19 16:10:05.604\\\\\\\",\\\\\\\"productionDate\\\\\\\":\\\\\\\"2024-05-15 00:00:00\\\\\\\",\\\\\\\"productionDepartment\\\\\\\":\\\\\\\"中国航发沈阳黎明航空发动机\\\\\\\",\\\\\\\"productionId\\\\\\\":\\\\\\\"R58N60MV001\\\\\\\",\\\\\\\"productionModel\\\\\\\":\\\\\\\"FWS-10发动机\\\\\\\",\\\\\\\"state\\\\\\\":\\\\\\\"已退回\\\\\\\",\\\\\\\"version\\\\\\\":\\\\\\\"cc98f681befa47a5932b0c3100dd29dc\\\\\\\"}\\\",\\n\\t\\\"message\\\":\\\"\\\"\\n}\",\"type\":\"JSON\"},\"type\":\"RAW\"}','2024-05-19 22:37:12'),('d9e5d062d9b34a7ca2d30948ea3061a4','784dd4e4e09a4967928999d03c567a5c','ccf44c48755244bbb945b4d8c9877b63',1,'[]','[]','[]','{\"binaryBody\":\"\",\"formDataBody\":[],\"graphQLBody\":\"\",\"rawBody\":{\"body\":\"{\\n  \\\"key\\\": \\\"R58N60MV001\\\",\\n  \\\"field\\\": \\\"certificate\\\"\\n}\",\"type\":\"JSON\"},\"type\":\"RAW\",\"xwwwFormUrlEncodedBody\":[]}',200,NULL,'[{\"description\":\"\",\"key\":\"Content-Type\",\"required\":false,\"type\":\"String\",\"value\":\"multipart/form-data\"},{\"description\":\"\",\"key\":\"Content-Length\",\"required\":false,\"type\":\"String\",\"value\":\"3870\"},{\"description\":\"\",\"key\":\"Date\",\"required\":false,\"type\":\"String\",\"value\":\"Sun, 19 May 2024 15:43:18 GMT\"},{\"description\":\"\",\"key\":\"Keep-Alive\",\"required\":false,\"type\":\"String\",\"value\":\"timeout=60\"},{\"description\":\"\",\"key\":\"Connection\",\"required\":false,\"type\":\"String\",\"value\":\"keep-alive\"}]','{\"binaryBody\":\"\",\"graphQLBody\":\"\",\"rawBody\":{\"body\":\"{\\n\\t\\\"code\\\":1000,\\n\\t\\\"data\\\":\\\"[{\\\\\\\"count\\\\\\\":1,\\\\\\\"key\\\\\\\":\\\\\\\"R58N60MV001\\\\\\\",\\\\\\\"field\\\\\\\":\\\\\\\"certificate\\\\\\\",\\\\\\\"value\\\\\\\":\\\\\\\"{\\\\\\\\\\\\\\\"componentList\\\\\\\\\\\\\\\":[{\\\\\\\\\\\\\\\"componentId\\\\\\\\\\\\\\\":\\\\\\\\\\\\\\\"R2178472MX02\\\\\\\\\\\\\\\"},{\\\\\\\\\\\\\\\"componentId\\\\\\\\\\\\\\\":\\\\\\\\\\\\\\\"S34123214321X\\\\\\\\\\\\\\\"}],\\\\\\\\\\\\\\\"creationTime\\\\\\\\\\\\\\\":\\\\\\\\\\\\\\\"2024-05-19 15:14:49.445\\\\\\\\\\\\\\\",\\\\\\\\\\\\\\\"inspection\\\\\\\\\\\\\\\":[{\\\\\\\\\\\\\\\"standard\\\\\\\\\\\\\\\":\\\\\\\\\\\\\\\"Q/LGD001-2000\\\\\\\\\\\\\\\",\\\\\\\\\\\\\\\"inspector\\\\\\\\\\\\\\\":\\\\\\\\\\\\\\\"JC检03\\\\\\\\\\\\\\\",\\\\\\\\\\\\\\\"time\\\\\\\\\\\\\\\":\\\\\\\\\\\\\\\"2024-05-01 00:00:02\\\\\\\\\\\\\\\"},{\\\\\\\\\\\\\\\"standard\\\\\\\\\\\\\\\":\\\\\\\\\\\\\\\"GB6675.1-2014\\\\\\\\\\\\\\\",\\\\\\\\\\\\\\\"inspector\\\\\\\\\\\\\\\":\\\\\\\\\\\\\\\"JC检04\\\\\\\\\\\\\\\",\\\\\\\\\\\\\\\"time\\\\\\\\\\\\\\\":\\\\\\\\\\\\\\\"2024-05-06 00:32:00\\\\\\\\\\\\\\\"}],\\\\\\\\\\\\\\\"lastModified\\\\\\\\\\\\\\\":\\\\\\\\\\\\\\\"2024-05-19 15:14:49.445\\\\\\\\\\\\\\\",\\\\\\\\\\\\\\\"productionDate\\\\\\\\\\\\\\\":\\\\\\\\\\\\\\\"2024-05-15 00:00:00\\\\\\\\\\\\\\\",\\\\\\\\\\\\\\\"productionDepartment\\\\\\\\\\\\\\\":\\\\\\\\\\\\\\\"中国航发沈阳黎明航空发动机\\\\\\\\\\\\\\\",\\\\\\\\\\\\\\\"productionId\\\\\\\\\\\\\\\":\\\\\\\\\\\\\\\"R58N60MV001\\\\\\\\\\\\\\\",\\\\\\\\\\\\\\\"productionModel\\\\\\\\\\\\\\\":\\\\\\\\\\\\\\\"FWS-10发动机\\\\\\\\\\\\\\\",\\\\\\\\\\\\\\\"state\\\\\\\\\\\\\\\":\\\\\\\\\\\\\\\"已交付\\\\\\\\\\\\\\\",\\\\\\\\\\\\\\\"version\\\\\\\\\\\\\\\":\\\\\\\\\\\\\\\"cabebe7b477e47da8ea8dfd4a4708715\\\\\\\\\\\\\\\"}\\\\\\\",\\\\\\\"txId\\\\\\\":\\\\\\\"cabebe7b477e47da8ea8dfd4a4708715\\\\\\\",\\\\\\\"blockHeight\\\\\\\":\\\\\\\"u\\\\\\\",\\\\\\\"isDelete\\\\\\\":false,\\\\\\\"timestamp\\\\\\\":\\\\\\\"1716102889\\\\\\\"},{\\\\\\\"count\\\\\\\":2,\\\\\\\"key\\\\\\\":\\\\\\\"R58N60MV001\\\\\\\",\\\\\\\"field\\\\\\\":\\\\\\\"certificate\\\\\\\",\\\\\\\"value\\\\\\\":\\\\\\\"{\\\\\\\\\\\\\\\"componentList\\\\\\\\\\\\\\\":[{\\\\\\\\\\\\\\\"componentId\\\\\\\\\\\\\\\":\\\\\\\\\\\\\\\"R2178472MX02\\\\\\\\\\\\\\\"},{\\\\\\\\\\\\\\\"componentId\\\\\\\\\\\\\\\":\\\\\\\\\\\\\\\"S34123214321X\\\\\\\\\\\\\\\"}],\\\\\\\\\\\\\\\"creationTime\\\\\\\\\\\\\\\":\\\\\\\\\\\\\\\"2024-05-19 15:15:02.165\\\\\\\\\\\\\\\",\\\\\\\\\\\\\\\"inspection\\\\\\\\\\\\\\\":[{\\\\\\\\\\\\\\\"standard\\\\\\\\\\\\\\\":\\\\\\\\\\\\\\\"Q/LGD001-2000\\\\\\\\\\\\\\\",\\\\\\\\\\\\\\\"inspector\\\\\\\\\\\\\\\":\\\\\\\\\\\\\\\"JC检03\\\\\\\\\\\\\\\",\\\\\\\\\\\\\\\"time\\\\\\\\\\\\\\\":\\\\\\\\\\\\\\\"2024-05-01 00:00:02\\\\\\\\\\\\\\\"},{\\\\\\\\\\\\\\\"standard\\\\\\\\\\\\\\\":\\\\\\\\\\\\\\\"GB6675.1-2014\\\\\\\\\\\\\\\",\\\\\\\\\\\\\\\"inspector\\\\\\\\\\\\\\\":\\\\\\\\\\\\\\\"JC检04\\\\\\\\\\\\\\\",\\\\\\\\\\\\\\\"time\\\\\\\\\\\\\\\":\\\\\\\\\\\\\\\"2024-05-06 00:32:00\\\\\\\\\\\\\\\"}],\\\\\\\\\\\\\\\"lastModified\\\\\\\\\\\\\\\":\\\\\\\\\\\\\\\"2024-05-19 15:15:02.165\\\\\\\\\\\\\\\",\\\\\\\\\\\\\\\"productionDate\\\\\\\\\\\\\\\":\\\\\\\\\\\\\\\"2024-05-15 00:00:00\\\\\\\\\\\\\\\",\\\\\\\\\\\\\\\"productionDepartment\\\\\\\\\\\\\\\":\\\\\\\\\\\\\\\"中国航发沈阳黎明航空发动机\\\\\\\\\\\\\\\",\\\\\\\\\\\\\\\"productionId\\\\\\\\\\\\\\\":\\\\\\\\\\\\\\\"R58N60MV001\\\\\\\\\\\\\\\",\\\\\\\\\\\\\\\"productionModel\\\\\\\\\\\\\\\":\\\\\\\\\\\\\\\"FWS-10发动机\\\\\\\\\\\\\\\",\\\\\\\\\\\\\\\"state\\\\\\\\\\\\\\\":\\\\\\\\\\\\\\\"已交付\\\\\\\\\\\\\\\",\\\\\\\\\\\\\\\"version\\\\\\\\\\\\\\\":\\\\\\\\\\\\\\\"c5c71850b61746eca9b9746fceafc0cc\\\\\\\\\\\\\\\"}\\\\\\\",\\\\\\\"txId\\\\\\\":\\\\\\\"c5c71850b61746eca9b9746fceafc0cc\\\\\\\",\\\\\\\"blockHeight\\\\\\\":\\\\\\\"v\\\\\\\",\\\\\\\"isDelete\\\\\\\":false,\\\\\\\"timestamp\\\\\\\":\\\\\\\"1716102902\\\\\\\"},{\\\\\\\"count\\\\\\\":3,\\\\\\\"key\\\\\\\":\\\\\\\"R58N60MV001\\\\\\\",\\\\\\\"field\\\\\\\":\\\\\\\"certificate\\\\\\\",\\\\\\\"value\\\\\\\":\\\\\\\"{\\\\\\\\\\\\\\\"componentList\\\\\\\\\\\\\\\":[{\\\\\\\\\\\\\\\"componentId\\\\\\\\\\\\\\\":\\\\\\\\\\\\\\\"R2178472MX02\\\\\\\\\\\\\\\"},{\\\\\\\\\\\\\\\"componentId\\\\\\\\\\\\\\\":\\\\\\\\\\\\\\\"S34123214321X\\\\\\\\\\\\\\\"}],\\\\\\\\\\\\\\\"inspection\\\\\\\\\\\\\\\":[{\\\\\\\\\\\\\\\"standard\\\\\\\\\\\\\\\":\\\\\\\\\\\\\\\"Q/LGD001-2000\\\\\\\\\\\\\\\",\\\\\\\\\\\\\\\"inspector\\\\\\\\\\\\\\\":\\\\\\\\\\\\\\\"JC检03\\\\\\\\\\\\\\\",\\\\\\\\\\\\\\\"time\\\\\\\\\\\\\\\":\\\\\\\\\\\\\\\"2024-05-01 00:00:02\\\\\\\\\\\\\\\"},{\\\\\\\\\\\\\\\"standard\\\\\\\\\\\\\\\":\\\\\\\\\\\\\\\"GB6675.1-2014\\\\\\\\\\\\\\\",\\\\\\\\\\\\\\\"inspector\\\\\\\\\\\\\\\":\\\\\\\\\\\\\\\"JC检04\\\\\\\\\\\\\\\",\\\\\\\\\\\\\\\"time\\\\\\\\\\\\\\\":\\\\\\\\\\\\\\\"2024-05-06 00:32:00\\\\\\\\\\\\\\\"}],\\\\\\\\\\\\\\\"lastModified\\\\\\\\\\\\\\\":\\\\\\\\\\\\\\\"2024-05-19 16:02:34.27\\\\\\\\\\\\\\\",\\\\\\\\\\\\\\\"productionDate\\\\\\\\\\\\\\\":\\\\\\\\\\\\\\\"2024-05-15 00:00:00\\\\\\\\\\\\\\\",\\\\\\\\\\\\\\\"productionDepartment\\\\\\\\\\\\\\\":\\\\\\\\\\\\\\\"中国航发沈阳黎明航空发动机\\\\\\\\\\\\\\\",\\\\\\\\\\\\\\\"productionId\\\\\\\\\\\\\\\":\\\\\\\\\\\\\\\"R58N60MV001\\\\\\\\\\\\\\\",\\\\\\\\\\\\\\\"productionModel\\\\\\\\\\\\\\\":\\\\\\\\\\\\\\\"FWS-10发动机\\\\\\\\\\\\\\\",\\\\\\\\\\\\\\\"state\\\\\\\\\\\\\\\":\\\\\\\\\\\\\\\"已退回\\\\\\\\\\\\\\\",\\\\\\\\\\\\\\\"version\\\\\\\\\\\\\\\":\\\\\\\\\\\\\\\"18b2540854c04760bb036883ef5d6ab2\\\\\\\\\\\\\\\"}\\\\\\\",\\\\\\\"txId\\\\\\\":\\\\\\\"18b2540854c04760bb036883ef5d6ab2\\\\\\\",\\\\\\\"blockHeight\\\\\\\":\\\\\\\"\\\\\\\",\\\\\\\"isDelete\\\\\\\":false,\\\\\\\"timestamp\\\\\\\":\\\\\\\"1716105754\\\\\\\"},{\\\\\\\"count\\\\\\\":4,\\\\\\\"key\\\\\\\":\\\\\\\"R58N60MV001\\\\\\\",\\\\\\\"field\\\\\\\":\\\\\\\"certificate\\\\\\\",\\\\\\\"value\\\\\\\":\\\\\\\"{\\\\\\\\\\\\\\\"componentList\\\\\\\\\\\\\\\":[{\\\\\\\\\\\\\\\"componentId\\\\\\\\\\\\\\\":\\\\\\\\\\\\\\\"R2178472MX02\\\\\\\\\\\\\\\"},{\\\\\\\\\\\\\\\"componentId\\\\\\\\\\\\\\\":\\\\\\\\\\\\\\\"S34123214321X\\\\\\\\\\\\\\\"},{\\\\\\\\\\\\\\\"componentId\\\\\\\\\\\\\\\":\\\\\\\\\\\\\\\"S34BHDS23210\\\\\\\\\\\\\\\"}],\\\\\\\\\\\\\\\"inspection\\\\\\\\\\\\\\\":[{\\\\\\\\\\\\\\\"standard\\\\\\\\\\\\\\\":\\\\\\\\\\\\\\\"Q/LGD001-2000\\\\\\\\\\\\\\\",\\\\\\\\\\\\\\\"inspector\\\\\\\\\\\\\\\":\\\\\\\\\\\\\\\"JC检03\\\\\\\\\\\\\\\",\\\\\\\\\\\\\\\"time\\\\\\\\\\\\\\\":\\\\\\\\\\\\\\\"2024-05-01 00:00:02\\\\\\\\\\\\\\\"},{\\\\\\\\\\\\\\\"standard\\\\\\\\\\\\\\\":\\\\\\\\\\\\\\\"GB6675.1-2014\\\\\\\\\\\\\\\",\\\\\\\\\\\\\\\"inspector\\\\\\\\\\\\\\\":\\\\\\\\\\\\\\\"JC检04\\\\\\\\\\\\\\\",\\\\\\\\\\\\\\\"time\\\\\\\\\\\\\\\":\\\\\\\\\\\\\\\"2024-05-06 00:32:00\\\\\\\\\\\\\\\"}],\\\\\\\\\\\\\\\"lastModified\\\\\\\\\\\\\\\":\\\\\\\\\\\\\\\"2024-05-19 16:10:05.604\\\\\\\\\\\\\\\",\\\\\\\\\\\\\\\"productionDate\\\\\\\\\\\\\\\":\\\\\\\\\\\\\\\"2024-05-15 00:00:00\\\\\\\\\\\\\\\",\\\\\\\\\\\\\\\"productionDepartment\\\\\\\\\\\\\\\":\\\\\\\\\\\\\\\"中国航发沈阳黎明航空发动机\\\\\\\\\\\\\\\",\\\\\\\\\\\\\\\"productionId\\\\\\\\\\\\\\\":\\\\\\\\\\\\\\\"R58N60MV001\\\\\\\\\\\\\\\",\\\\\\\\\\\\\\\"productionModel\\\\\\\\\\\\\\\":\\\\\\\\\\\\\\\"FWS-10发动机\\\\\\\\\\\\\\\",\\\\\\\\\\\\\\\"state\\\\\\\\\\\\\\\":\\\\\\\\\\\\\\\"已退回\\\\\\\\\\\\\\\",\\\\\\\\\\\\\\\"version\\\\\\\\\\\\\\\":\\\\\\\\\\\\\\\"cc98f681befa47a5932b0c3100dd29dc\\\\\\\\\\\\\\\"}\\\\\\\",\\\\\\\"txId\\\\\\\":\\\\\\\"cc98f681befa47a5932b0c3100dd29dc\\\\\\\",\\\\\\\"blockHeight\\\\\\\":\\\\\\\"¯\\\\\\\",\\\\\\\"isDelete\\\\\\\":false,\\\\\\\"timestamp\\\\\\\":\\\\\\\"1716106205\\\\\\\"}]\\\",\\n\\t\\\"message\\\":\\\"\\\"\\n}\",\"type\":\"JSON\"},\"type\":\"RAW\"}','2024-05-19 23:43:18'),('db152d6d94a14d38b05d896e0fd8ece6','10c8f3cef4bf4b5096295d9354c1023d','ccf44c48755244bbb945b4d8c9877b63',2,NULL,NULL,NULL,'{\"binaryBody\":\"\",\"formDataBody\":[],\"graphQLBody\":\"\",\"rawBody\":{\"body\":\"{\\\"key\\\":\\\"320506199706024014\\\",\\\"field\\\":\\\"certificate\\\"}\",\"type\":\"JSON\"},\"type\":\"RAW\",\"xwwwFormUrlEncodedBody\":[]}',200,NULL,'[{\"description\":\"\",\"key\":\"Content-Type\",\"required\":false,\"type\":\"String\",\"value\":\"multipart/form-data\"},{\"description\":\"\",\"key\":\"Content-Length\",\"required\":false,\"type\":\"String\",\"value\":\"410\"},{\"description\":\"\",\"key\":\"Date\",\"required\":false,\"type\":\"String\",\"value\":\"Sun, 19 May 2024 15:19:08 GMT\"},{\"description\":\"\",\"key\":\"Keep-Alive\",\"required\":false,\"type\":\"String\",\"value\":\"timeout=60\"},{\"description\":\"\",\"key\":\"Connection\",\"required\":false,\"type\":\"String\",\"value\":\"keep-alive\"}]','{\"binaryBody\":\"\",\"graphQLBody\":\"\",\"rawBody\":{\"body\":\"{\\n\\t\\\"code\\\":1000,\\n\\t\\\"data\\\":\\\"{\\\\\\\"componentList\\\\\\\":[],\\\\\\\"creationTime\\\\\\\":\\\\\\\"2024-05-19 23:11:04.382\\\\\\\",\\\\\\\"inspection\\\\\\\":[],\\\\\\\"lastModified\\\\\\\":\\\\\\\"2024-05-19 23:11:04.382\\\\\\\",\\\\\\\"productionDate\\\\\\\":\\\\\\\"2024-05-02 00:00:00\\\\\\\",\\\\\\\"productionDepartment\\\\\\\":\\\\\\\"测试部门2\\\\\\\",\\\\\\\"productionId\\\\\\\":\\\\\\\"320506199706024014\\\\\\\",\\\\\\\"productionModel\\\\\\\":\\\\\\\"测试型号1\\\\\\\",\\\\\\\"state\\\\\\\":\\\\\\\"已退回\\\\\\\",\\\\\\\"version\\\\\\\":\\\\\\\"5280d744e2db4becad83b7e3d9550efd\\\\\\\"}\\\",\\n\\t\\\"message\\\":\\\"\\\"\\n}\",\"type\":\"JSON\"},\"type\":\"RAW\"}','2024-05-19 23:19:08'),('dd2ffc7f1c0b4c65bf040df0db1a0acb','10c8f3cef4bf4b5096295d9354c1023d','ccf44c48755244bbb945b4d8c9877b63',2,NULL,NULL,NULL,'{\"binaryBody\":\"\",\"formDataBody\":[],\"graphQLBody\":\"\",\"rawBody\":{\"body\":\"{\\\"key\\\":\\\"R58N60MV001\\\",\\\"field\\\":\\\"certificate\\\"}\",\"type\":\"JSON\"},\"type\":\"RAW\",\"xwwwFormUrlEncodedBody\":[]}',200,NULL,'[{\"description\":\"\",\"key\":\"Vary\",\"required\":false,\"type\":\"String\",\"value\":\"Access-Control-Request-Headers\"},{\"description\":\"\",\"key\":\"Content-Type\",\"required\":false,\"type\":\"String\",\"value\":\"multipart/form-data\"},{\"description\":\"\",\"key\":\"Content-Length\",\"required\":false,\"type\":\"String\",\"value\":\"674\"},{\"description\":\"\",\"key\":\"Date\",\"required\":false,\"type\":\"String\",\"value\":\"Sun, 19 May 2024 14:16:33 GMT\"},{\"description\":\"\",\"key\":\"Keep-Alive\",\"required\":false,\"type\":\"String\",\"value\":\"timeout=60\"},{\"description\":\"\",\"key\":\"Connection\",\"required\":false,\"type\":\"String\",\"value\":\"keep-alive\"}]','{\"binaryBody\":\"\",\"graphQLBody\":\"\",\"rawBody\":{\"body\":\"{\\n\\t\\\"code\\\":1000,\\n\\t\\\"data\\\":\\\"{\\\\\\\"componentList\\\\\\\":[{\\\\\\\"componentId\\\\\\\":\\\\\\\"R2178472MX02\\\\\\\"},{\\\\\\\"componentId\\\\\\\":\\\\\\\"S34123214321X\\\\\\\"},{\\\\\\\"componentId\\\\\\\":\\\\\\\"S34BHDS23210\\\\\\\"}],\\\\\\\"inspection\\\\\\\":[{\\\\\\\"standard\\\\\\\":\\\\\\\"Q/LGD001-2000\\\\\\\",\\\\\\\"inspector\\\\\\\":\\\\\\\"JC检03\\\\\\\",\\\\\\\"time\\\\\\\":\\\\\\\"2024-05-01 00:00:02\\\\\\\"},{\\\\\\\"standard\\\\\\\":\\\\\\\"GB6675.1-2014\\\\\\\",\\\\\\\"inspector\\\\\\\":\\\\\\\"JC检04\\\\\\\",\\\\\\\"time\\\\\\\":\\\\\\\"2024-05-06 00:32:00\\\\\\\"}],\\\\\\\"lastModified\\\\\\\":\\\\\\\"2024-05-19 16:10:05.604\\\\\\\",\\\\\\\"productionDate\\\\\\\":\\\\\\\"2024-05-15 00:00:00\\\\\\\",\\\\\\\"productionDepartment\\\\\\\":\\\\\\\"中国航发沈阳黎明航空发动机\\\\\\\",\\\\\\\"productionId\\\\\\\":\\\\\\\"R58N60MV001\\\\\\\",\\\\\\\"productionModel\\\\\\\":\\\\\\\"FWS-10发动机\\\\\\\",\\\\\\\"state\\\\\\\":\\\\\\\"已退回\\\\\\\",\\\\\\\"version\\\\\\\":\\\\\\\"cc98f681befa47a5932b0c3100dd29dc\\\\\\\"}\\\",\\n\\t\\\"message\\\":\\\"\\\"\\n}\",\"type\":\"JSON\"},\"type\":\"RAW\"}','2024-05-19 22:16:33'),('e05fae5aed6e4093a722726c514965d0','784dd4e4e09a4967928999d03c567a5c','ccf44c48755244bbb945b4d8c9877b63',2,NULL,NULL,NULL,'{\"binaryBody\":\"\",\"formDataBody\":[],\"graphQLBody\":\"\",\"rawBody\":{\"body\":\"{\\\"key\\\":\\\"320506199706024014\\\",\\\"field\\\":\\\"certificate\\\"}\",\"type\":\"JSON\"},\"type\":\"RAW\",\"xwwwFormUrlEncodedBody\":[]}',200,NULL,'[{\"description\":\"\",\"key\":\"Content-Type\",\"required\":false,\"type\":\"String\",\"value\":\"multipart/form-data\"},{\"description\":\"\",\"key\":\"Content-Length\",\"required\":false,\"type\":\"String\",\"value\":\"1323\"},{\"description\":\"\",\"key\":\"Date\",\"required\":false,\"type\":\"String\",\"value\":\"Sun, 19 May 2024 15:33:17 GMT\"},{\"description\":\"\",\"key\":\"Keep-Alive\",\"required\":false,\"type\":\"String\",\"value\":\"timeout=60\"},{\"description\":\"\",\"key\":\"Connection\",\"required\":false,\"type\":\"String\",\"value\":\"keep-alive\"}]','{\"binaryBody\":\"\",\"graphQLBody\":\"\",\"rawBody\":{\"body\":\"{\\n\\t\\\"code\\\":1000,\\n\\t\\\"data\\\":\\\"[{\\\\\\\"count\\\\\\\":1,\\\\\\\"key\\\\\\\":\\\\\\\"320506199706024014\\\\\\\",\\\\\\\"field\\\\\\\":\\\\\\\"certificate\\\\\\\",\\\\\\\"value\\\\\\\":\\\\\\\"{\\\\\\\\\\\\\\\"componentList\\\\\\\\\\\\\\\":[],\\\\\\\\\\\\\\\"creationTime\\\\\\\\\\\\\\\":\\\\\\\\\\\\\\\"2024-05-19 23:11:04.382\\\\\\\\\\\\\\\",\\\\\\\\\\\\\\\"inspection\\\\\\\\\\\\\\\":[],\\\\\\\\\\\\\\\"lastModified\\\\\\\\\\\\\\\":\\\\\\\\\\\\\\\"2024-05-19 23:11:04.382\\\\\\\\\\\\\\\",\\\\\\\\\\\\\\\"productionDate\\\\\\\\\\\\\\\":\\\\\\\\\\\\\\\"2024-05-02 00:00:00\\\\\\\\\\\\\\\",\\\\\\\\\\\\\\\"productionDepartment\\\\\\\\\\\\\\\":\\\\\\\\\\\\\\\"测试部门2\\\\\\\\\\\\\\\",\\\\\\\\\\\\\\\"productionId\\\\\\\\\\\\\\\":\\\\\\\\\\\\\\\"320506199706024014\\\\\\\\\\\\\\\",\\\\\\\\\\\\\\\"productionModel\\\\\\\\\\\\\\\":\\\\\\\\\\\\\\\"测试型号1\\\\\\\\\\\\\\\",\\\\\\\\\\\\\\\"state\\\\\\\\\\\\\\\":\\\\\\\\\\\\\\\"已退回\\\\\\\\\\\\\\\",\\\\\\\\\\\\\\\"version\\\\\\\\\\\\\\\":\\\\\\\\\\\\\\\"5280d744e2db4becad83b7e3d9550efd\\\\\\\\\\\\\\\"}\\\\\\\",\\\\\\\"txId\\\\\\\":\\\\\\\"5280d744e2db4becad83b7e3d9550efd\\\\\\\",\\\\\\\"blockHeight\\\\\\\":\\\\\\\"×\\\\\\\",\\\\\\\"isDelete\\\\\\\":false,\\\\\\\"timestamp\\\\\\\":\\\\\\\"1716131464\\\\\\\"},{\\\\\\\"count\\\\\\\":2,\\\\\\\"key\\\\\\\":\\\\\\\"320506199706024014\\\\\\\",\\\\\\\"field\\\\\\\":\\\\\\\"certificate\\\\\\\",\\\\\\\"value\\\\\\\":\\\\\\\"{\\\\\\\\\\\\\\\"componentList\\\\\\\\\\\\\\\":[{\\\\\\\\\\\\\\\"componentId\\\\\\\\\\\\\\\":\\\\\\\\\\\\\\\"130926199612161482\\\\\\\\\\\\\\\"}],\\\\\\\\\\\\\\\"inspection\\\\\\\\\\\\\\\":[],\\\\\\\\\\\\\\\"lastModified\\\\\\\\\\\\\\\":\\\\\\\\\\\\\\\"2024-05-19 23:21:59.819\\\\\\\\\\\\\\\",\\\\\\\\\\\\\\\"productionDate\\\\\\\\\\\\\\\":\\\\\\\\\\\\\\\"2024-05-02 00:00:00\\\\\\\\\\\\\\\",\\\\\\\\\\\\\\\"productionDepartment\\\\\\\\\\\\\\\":\\\\\\\\\\\\\\\"测试部门2\\\\\\\\\\\\\\\",\\\\\\\\\\\\\\\"productionId\\\\\\\\\\\\\\\":\\\\\\\\\\\\\\\"320506199706024014\\\\\\\\\\\\\\\",\\\\\\\\\\\\\\\"productionModel\\\\\\\\\\\\\\\":\\\\\\\\\\\\\\\"测试型号1\\\\\\\\\\\\\\\",\\\\\\\\\\\\\\\"state\\\\\\\\\\\\\\\":\\\\\\\\\\\\\\\"已退回\\\\\\\\\\\\\\\",\\\\\\\\\\\\\\\"version\\\\\\\\\\\\\\\":\\\\\\\\\\\\\\\"9fc5606b46c34b10b3063f4c5600e16b\\\\\\\\\\\\\\\"}\\\\\\\",\\\\\\\"txId\\\\\\\":\\\\\\\"9fc5606b46c34b10b3063f4c5600e16b\\\\\\\",\\\\\\\"blockHeight\\\\\\\":\\\\\\\"ç\\\\\\\",\\\\\\\"isDelete\\\\\\\":false,\\\\\\\"timestamp\\\\\\\":\\\\\\\"1716132119\\\\\\\"}]\\\",\\n\\t\\\"message\\\":\\\"\\\"\\n}\",\"type\":\"JSON\"},\"type\":\"RAW\"}','2024-05-19 23:33:17'),('e21971c5e36f4e789a2d3c01ae9b1496','f088170643284199b89d5f45f9b557df','4550aa8ee620484dad157d039d8b6909',1,'[]','[]','[]','{\"binaryBody\":null,\"formDataBody\":[],\"graphQLBody\":\"\",\"rawBody\":null,\"type\":\"X_WWW_FORM_URLENCODED\",\"xwwwFormUrlEncodedBody\":[{\"description\":\"用户名\",\"key\":\"username\",\"required\":true,\"type\":\"String\",\"value\":\"plus\"},{\"description\":\"密码\",\"key\":\"password\",\"required\":true,\"type\":\"String\",\"value\":\"fhdsakj\"}]}',200,NULL,'[{\"description\":\"\",\"key\":\"Content-Type\",\"required\":false,\"type\":\"String\",\"value\":\"multipart/form-data\"},{\"description\":\"\",\"key\":\"Transfer-Encoding\",\"required\":false,\"type\":\"String\",\"value\":\"chunked\"},{\"description\":\"\",\"key\":\"Date\",\"required\":false,\"type\":\"String\",\"value\":\"Mon, 25 Mar 2024 13:25:25 GMT\"},{\"description\":\"\",\"key\":\"Keep-Alive\",\"required\":false,\"type\":\"String\",\"value\":\"timeout=60\"},{\"description\":\"\",\"key\":\"Connection\",\"required\":false,\"type\":\"String\",\"value\":\"keep-alive\"}]','{\"binaryBody\":\"\",\"graphQLBody\":\"\",\"rawBody\":{\"body\":\"\",\"type\":\"JSON\"},\"type\":\"NONE\"}','2024-03-25 21:25:25'),('e26d0a5f28574faaa0ad72e4ef7b998b','784dd4e4e09a4967928999d03c567a5c','ccf44c48755244bbb945b4d8c9877b63',2,NULL,NULL,NULL,'{\"binaryBody\":\"\",\"formDataBody\":[],\"graphQLBody\":\"\",\"rawBody\":{\"body\":\"{\\\"key\\\":\\\"320506199706024014\\\",\\\"field\\\":\\\"certificate\\\"}\",\"type\":\"JSON\"},\"type\":\"RAW\",\"xwwwFormUrlEncodedBody\":[]}',200,NULL,'[{\"description\":\"\",\"key\":\"Content-Type\",\"required\":false,\"type\":\"String\",\"value\":\"multipart/form-data\"},{\"description\":\"\",\"key\":\"Content-Length\",\"required\":false,\"type\":\"String\",\"value\":\"1323\"},{\"description\":\"\",\"key\":\"Date\",\"required\":false,\"type\":\"String\",\"value\":\"Sun, 19 May 2024 15:22:11 GMT\"},{\"description\":\"\",\"key\":\"Keep-Alive\",\"required\":false,\"type\":\"String\",\"value\":\"timeout=60\"},{\"description\":\"\",\"key\":\"Connection\",\"required\":false,\"type\":\"String\",\"value\":\"keep-alive\"}]','{\"binaryBody\":\"\",\"graphQLBody\":\"\",\"rawBody\":{\"body\":\"{\\n\\t\\\"code\\\":1000,\\n\\t\\\"data\\\":\\\"[{\\\\\\\"count\\\\\\\":1,\\\\\\\"key\\\\\\\":\\\\\\\"320506199706024014\\\\\\\",\\\\\\\"field\\\\\\\":\\\\\\\"certificate\\\\\\\",\\\\\\\"value\\\\\\\":\\\\\\\"{\\\\\\\\\\\\\\\"componentList\\\\\\\\\\\\\\\":[],\\\\\\\\\\\\\\\"creationTime\\\\\\\\\\\\\\\":\\\\\\\\\\\\\\\"2024-05-19 23:11:04.382\\\\\\\\\\\\\\\",\\\\\\\\\\\\\\\"inspection\\\\\\\\\\\\\\\":[],\\\\\\\\\\\\\\\"lastModified\\\\\\\\\\\\\\\":\\\\\\\\\\\\\\\"2024-05-19 23:11:04.382\\\\\\\\\\\\\\\",\\\\\\\\\\\\\\\"productionDate\\\\\\\\\\\\\\\":\\\\\\\\\\\\\\\"2024-05-02 00:00:00\\\\\\\\\\\\\\\",\\\\\\\\\\\\\\\"productionDepartment\\\\\\\\\\\\\\\":\\\\\\\\\\\\\\\"测试部门2\\\\\\\\\\\\\\\",\\\\\\\\\\\\\\\"productionId\\\\\\\\\\\\\\\":\\\\\\\\\\\\\\\"320506199706024014\\\\\\\\\\\\\\\",\\\\\\\\\\\\\\\"productionModel\\\\\\\\\\\\\\\":\\\\\\\\\\\\\\\"测试型号1\\\\\\\\\\\\\\\",\\\\\\\\\\\\\\\"state\\\\\\\\\\\\\\\":\\\\\\\\\\\\\\\"已退回\\\\\\\\\\\\\\\",\\\\\\\\\\\\\\\"version\\\\\\\\\\\\\\\":\\\\\\\\\\\\\\\"5280d744e2db4becad83b7e3d9550efd\\\\\\\\\\\\\\\"}\\\\\\\",\\\\\\\"txId\\\\\\\":\\\\\\\"5280d744e2db4becad83b7e3d9550efd\\\\\\\",\\\\\\\"blockHeight\\\\\\\":\\\\\\\"×\\\\\\\",\\\\\\\"isDelete\\\\\\\":false,\\\\\\\"timestamp\\\\\\\":\\\\\\\"1716131464\\\\\\\"},{\\\\\\\"count\\\\\\\":2,\\\\\\\"key\\\\\\\":\\\\\\\"320506199706024014\\\\\\\",\\\\\\\"field\\\\\\\":\\\\\\\"certificate\\\\\\\",\\\\\\\"value\\\\\\\":\\\\\\\"{\\\\\\\\\\\\\\\"componentList\\\\\\\\\\\\\\\":[{\\\\\\\\\\\\\\\"componentId\\\\\\\\\\\\\\\":\\\\\\\\\\\\\\\"130926199612161482\\\\\\\\\\\\\\\"}],\\\\\\\\\\\\\\\"inspection\\\\\\\\\\\\\\\":[],\\\\\\\\\\\\\\\"lastModified\\\\\\\\\\\\\\\":\\\\\\\\\\\\\\\"2024-05-19 23:21:59.819\\\\\\\\\\\\\\\",\\\\\\\\\\\\\\\"productionDate\\\\\\\\\\\\\\\":\\\\\\\\\\\\\\\"2024-05-02 00:00:00\\\\\\\\\\\\\\\",\\\\\\\\\\\\\\\"productionDepartment\\\\\\\\\\\\\\\":\\\\\\\\\\\\\\\"测试部门2\\\\\\\\\\\\\\\",\\\\\\\\\\\\\\\"productionId\\\\\\\\\\\\\\\":\\\\\\\\\\\\\\\"320506199706024014\\\\\\\\\\\\\\\",\\\\\\\\\\\\\\\"productionModel\\\\\\\\\\\\\\\":\\\\\\\\\\\\\\\"测试型号1\\\\\\\\\\\\\\\",\\\\\\\\\\\\\\\"state\\\\\\\\\\\\\\\":\\\\\\\\\\\\\\\"已退回\\\\\\\\\\\\\\\",\\\\\\\\\\\\\\\"version\\\\\\\\\\\\\\\":\\\\\\\\\\\\\\\"9fc5606b46c34b10b3063f4c5600e16b\\\\\\\\\\\\\\\"}\\\\\\\",\\\\\\\"txId\\\\\\\":\\\\\\\"9fc5606b46c34b10b3063f4c5600e16b\\\\\\\",\\\\\\\"blockHeight\\\\\\\":\\\\\\\"ç\\\\\\\",\\\\\\\"isDelete\\\\\\\":false,\\\\\\\"timestamp\\\\\\\":\\\\\\\"1716132119\\\\\\\"}]\\\",\\n\\t\\\"message\\\":\\\"\\\"\\n}\",\"type\":\"JSON\"},\"type\":\"RAW\"}','2024-05-19 23:22:11'),('e6801721d9c84546a4ed3d6ed61f02ee','813087591a014d17ac8d10b8069b9d06','ccf44c48755244bbb945b4d8c9877b63',1,'[]','[]','[]','{\"binaryBody\":\"\",\"formDataBody\":[],\"graphQLBody\":\"\",\"rawBody\":{\"body\":\"{\\n    \\\"productionId\\\": \\\"R58N60MVXXX\\\",\\n    \\\"productionModel\\\": \\\"FWS-10发动机\\\",\\n    \\\"productionDepartmentId\\\": \\\"中国航发公司\\\",\\n    \\\"productionDate\\\": \\\"2024-03-01\\\",\\n    \\\"inspectionStandard\\\": \\n        [\\n            \\\"Q/LGD001-2000\\\", \\n            \\\"GB6675.1-2014\\\"\\n        ]\\n    ,\\n    \\\"inspectorId\\\": \\\"JC检03\\\",\\n    \\\"state\\\": \\\"已交付\\\",\\n    \\\"componentList\\\": [\\n        \\\"R56N60MVXXX\\\",\\n        \\\"R56N60MVXXX\\\",\\n        \\\"T01X33MVXXY\\\"\\n    ],\\n}\",\"type\":\"JSON\"},\"type\":\"RAW\",\"xwwwFormUrlEncodedBody\":[]}',500,'{\n	\"timestamp\":\"2024-05-17 17:56:11\",\n	\"status\":500,\n	\"error\":\"Internal Server Error\",\n	\"trace\":\"org.chainmaker.sdk.ChainClientException: get tx by txId 10f1cd0b6a9ff6ff20ea18b21711482709ac0f375a4b04c075a88d2f2e8e95d9 failed\\n\\tat org.chainmaker.sdk.ChainClient.sendContractRequest(ChainClient.java:2516)\\n\\tat org.chainmaker.sdk.ChainClient.invokeContract(ChainClient.java:424)\\n\\tat com.hawkeye.service.impl.ChainServiceImpl.putState(ChainServiceImpl.java:38)\\n\\tat com.hawkeye.service.impl.ChainServiceImpl.putState(ChainServiceImpl.java:26)\\n\\tat com.hawkeye.service.impl.CertificateServiceImpl.generate(CertificateServiceImpl.java:35)\\n\\tat com.hawkeye.controller.CertificateController.generateCertificate(CertificateController.java:34)\\n\\tat sun.reflect.NativeMethodAccessorImpl.invoke0(Native Method)\\n\\tat sun.reflect.NativeMethodAccessorImpl.invoke(NativeMethodAccessorImpl.java:62)\\n\\tat sun.reflect.DelegatingMethodAccessorImpl.invoke(DelegatingMethodAccessorImpl.java:43)\\n\\tat java.lang.reflect.Method.invoke(Method.java:498)\\n\\tat org.springframework.web.method.support.InvocableHandlerMethod.doInvoke(InvocableHandlerMethod.java:205)\\n\\tat org.springframework.web.method.support.InvocableHandlerMethod.invokeForRequest(InvocableHandlerMethod.java:150)\\n\\tat org.springframework.web.servlet.mvc.method.annotation.ServletInvocableHandlerMethod.invokeAndHandle(ServletInvocableHandlerMethod.java:117)\\n\\tat org.springframework.web.servlet.mvc.method.annotation.RequestMappingHandlerAdapter.invokeHandlerMethod(RequestMappingHandlerAdapter.java:895)\\n\\tat org.springframework.web.servlet.mvc.method.annotation.RequestMappingHandlerAdapter.handleInternal(RequestMappingHandlerAdapter.java:808)\\n\\tat org.springframework.web.servlet.mvc.method.AbstractHandlerMethodAdapter.handle(AbstractHandlerMethodAdapter.java:87)\\n\\tat org.springframework.web.servlet.DispatcherServlet.doDispatch(DispatcherServlet.java:1070)\\n\\tat org.springframework.web.servlet.DispatcherServlet.doService(DispatcherServlet.java:963)\\n\\tat org.springframework.web.servlet.FrameworkServlet.processRequest(FrameworkServlet.java:1006)\\n\\tat org.springframework.web.servlet.FrameworkServlet.doPost(FrameworkServlet.java:909)\\n\\tat javax.servlet.http.HttpServlet.service(HttpServlet.java:681)\\n\\tat org.springframework.web.servlet.FrameworkServlet.service(FrameworkServlet.java:883)\\n\\tat javax.servlet.http.HttpServlet.service(HttpServlet.java:764)\\n\\tat org.apache.catalina.core.ApplicationFilterChain.internalDoFilter(ApplicationFilterChain.java:227)\\n\\tat org.apache.catalina.core.ApplicationFilterChain.doFilter(ApplicationFilterChain.java:162)\\n\\tat org.apache.tomcat.websocket.server.WsFilter.doFilter(WsFilter.java:53)\\n\\tat org.apache.catalina.core.ApplicationFilterChain.internalDoFilter(ApplicationFilterChain.java:189)\\n\\tat org.apache.catalina.core.ApplicationFilterChain.doFilter(ApplicationFilterChain.java:162)\\n\\tat cn.dev33.satoken.filter.SaPathCheckFilterForServlet.doFilter(SaPathCheckFilterForServlet.java:55)\\n\\tat org.apache.catalina.core.ApplicationFilterChain.internalDoFilter(ApplicationFilterChain.java:189)\\n\\tat org.apache.catalina.core.ApplicationFilterChain.doFilter(ApplicationFilterChain.java:162)\\n\\tat org.springframework.web.filter.CharacterEncodingFilter.doFilterInternal(CharacterEncodingFilter.java:201)\\n\\tat org.springframework.web.filter.OncePerRequestFilter.doFilter(OncePerRequestFilter.java:117)\\n\\tat org.apache.catalina.core.ApplicationFilterChain.internalDoFilter(ApplicationFilterChain.java:189)\\n\\tat org.apache.catalina.core.ApplicationFilterChain.doFilter(ApplicationFilterChain.java:162)\\n\\tat org.apache.catalina.core.StandardWrapperValve.invoke(StandardWrapperValve.java:197)\\n\\tat org.apache.catalina.core.StandardContextValve.invoke(StandardContextValve.java:97)\\n\\tat org.apache.catalina.authenticator.AuthenticatorBase.invoke(AuthenticatorBase.java:541)\\n\\tat org.apache.catalina.core.StandardHostValve.invoke(StandardHostValve.java:135)\\n\\tat org.apache.catalina.valves.ErrorReportValve.invoke(ErrorReportValve.java:92)\\n\\tat org.apache.catalina.core.StandardEngineValve.invoke(StandardEngineValve.java:78)\\n\\tat org.apache.catalina.connector.CoyoteAdapter.service(CoyoteAdapter.java:360)\\n\\tat org.apache.coyote.http11.Http11Processor.service(Http11Processor.java:399)\\n\\tat org.apache.coyote.AbstractProcessorLight.process(AbstractProcessorLight.java:65)\\n\\tat org.apache.coyote.AbstractProtocol$ConnectionHandler.process(AbstractProtocol.java:890)\\n\\tat org.apache.tomcat.util.net.NioEndpoint$SocketProcessor.doRun(NioEndpoint.java:1789)\\n\\tat org.apache.tomcat.util.net.SocketProcessorBase.run(SocketProcessorBase.java:49)\\n\\tat org.apache.tomcat.util.threads.ThreadPoolExecutor.runWorker(ThreadPoolExecutor.java:1191)\\n\\tat org.apache.tomcat.util.threads.ThreadPoolExecutor$Worker.run(ThreadPoolExecutor.java:659)\\n\\tat org.apache.tomcat.util.threads.TaskThread$WrappingRunnable.run(TaskThread.java:61)\\n\\tat java.lang.Thread.run(Thread.java:750)\\n\",\n	\"message\":\"get tx by txId 10f1cd0b6a9ff6ff20ea18b21711482709ac0f375a4b04c075a88d2f2e8e95d9 failed\",\n	\"path\":\"/certificate/generate\"\n}','[{\"description\":\"\",\"key\":\"Content-Type\",\"required\":false,\"type\":\"String\",\"value\":\"multipart/form-data\"},{\"description\":\"\",\"key\":\"Content-Length\",\"required\":false,\"type\":\"String\",\"value\":\"5140\"},{\"description\":\"\",\"key\":\"Date\",\"required\":false,\"type\":\"String\",\"value\":\"Fri, 17 May 2024 09:56:11 GMT\"},{\"description\":\"\",\"key\":\"Connection\",\"required\":false,\"type\":\"String\",\"value\":\"close\"}]',NULL,'2024-05-17 17:56:11'),('e826d664fcc4461d865d8cabc48a7516','ed5723b1e4454719bcfa5c8279f0bfc2','ccf44c48755244bbb945b4d8c9877b63',2,NULL,NULL,NULL,'{\"binaryBody\":\"\",\"formDataBody\":[],\"graphQLBody\":\"\",\"rawBody\":{\"body\":\"{\\\"key\\\":\\\"320506199706024014\\\",\\\"field\\\":\\\"certificate\\\",\\\"value\\\":\\\"{\\\\\\\"componentList\\\\\\\":[{\\\\\\\"componentId\\\\\\\":\\\\\\\"130926199612161482\\\\\\\"}],\\\\\\\"inspection\\\\\\\":[],\\\\\\\"lastModified\\\\\\\":\\\\\\\"2024-05-19 23:21:59.819\\\\\\\",\\\\\\\"productionDate\\\\\\\":\\\\\\\"2024-05-02 00:00:00\\\\\\\",\\\\\\\"productionDepartment\\\\\\\":\\\\\\\"测试部门2\\\\\\\",\\\\\\\"productionId\\\\\\\":\\\\\\\"320506199706024014\\\\\\\",\\\\\\\"productionModel\\\\\\\":\\\\\\\"测试型号1\\\\\\\",\\\\\\\"state\\\\\\\":\\\\\\\"已退回\\\\\\\",\\\\\\\"version\\\\\\\":\\\\\\\"9fc5606b46c34b10b3063f4c5600e16b\\\\\\\"}\\\",\\\"txId\\\":\\\"9fc5606b46c34b10b3063f4c5600e16b\\\"}\",\"type\":\"JSON\"},\"type\":\"RAW\",\"xwwwFormUrlEncodedBody\":[]}',200,NULL,'[{\"description\":\"\",\"key\":\"Content-Type\",\"required\":false,\"type\":\"String\",\"value\":\"multipart/form-data\"},{\"description\":\"\",\"key\":\"Content-Length\",\"required\":false,\"type\":\"String\",\"value\":\"75\"},{\"description\":\"\",\"key\":\"Date\",\"required\":false,\"type\":\"String\",\"value\":\"Sun, 19 May 2024 15:21:59 GMT\"},{\"description\":\"\",\"key\":\"Keep-Alive\",\"required\":false,\"type\":\"String\",\"value\":\"timeout=60\"},{\"description\":\"\",\"key\":\"Connection\",\"required\":false,\"type\":\"String\",\"value\":\"keep-alive\"}]','{\"binaryBody\":\"\",\"graphQLBody\":\"\",\"rawBody\":{\"body\":\"{\\n\\t\\\"code\\\":1000,\\n\\t\\\"data\\\":\\\"9fc5606b46c34b10b3063f4c5600e16b\\\",\\n\\t\\\"message\\\":\\\"\\\"\\n}\",\"type\":\"JSON\"},\"type\":\"RAW\"}','2024-05-19 23:21:59'),('e92d088c950849eda35f1b76eb827505','10c8f3cef4bf4b5096295d9354c1023d','ccf44c48755244bbb945b4d8c9877b63',2,NULL,NULL,NULL,'{\"binaryBody\":\"\",\"formDataBody\":[],\"graphQLBody\":\"\",\"rawBody\":{\"body\":\"{\\\"txId\\\":\\\"5280d744e2db4becad83b7e3d9550efd\\\"}\",\"type\":\"JSON\"},\"type\":\"RAW\",\"xwwwFormUrlEncodedBody\":[]}',200,NULL,'[{\"description\":\"\",\"key\":\"Content-Type\",\"required\":false,\"type\":\"String\",\"value\":\"multipart/form-data\"},{\"description\":\"\",\"key\":\"Content-Length\",\"required\":false,\"type\":\"String\",\"value\":\"410\"},{\"description\":\"\",\"key\":\"Date\",\"required\":false,\"type\":\"String\",\"value\":\"Sun, 19 May 2024 15:33:06 GMT\"},{\"description\":\"\",\"key\":\"Keep-Alive\",\"required\":false,\"type\":\"String\",\"value\":\"timeout=60\"},{\"description\":\"\",\"key\":\"Connection\",\"required\":false,\"type\":\"String\",\"value\":\"keep-alive\"}]','{\"binaryBody\":\"\",\"graphQLBody\":\"\",\"rawBody\":{\"body\":\"{\\n\\t\\\"code\\\":1000,\\n\\t\\\"data\\\":\\\"{\\\\\\\"componentList\\\\\\\":[],\\\\\\\"creationTime\\\\\\\":\\\\\\\"2024-05-19 23:11:04.382\\\\\\\",\\\\\\\"inspection\\\\\\\":[],\\\\\\\"lastModified\\\\\\\":\\\\\\\"2024-05-19 23:11:04.382\\\\\\\",\\\\\\\"productionDate\\\\\\\":\\\\\\\"2024-05-02 00:00:00\\\\\\\",\\\\\\\"productionDepartment\\\\\\\":\\\\\\\"测试部门2\\\\\\\",\\\\\\\"productionId\\\\\\\":\\\\\\\"320506199706024014\\\\\\\",\\\\\\\"productionModel\\\\\\\":\\\\\\\"测试型号1\\\\\\\",\\\\\\\"state\\\\\\\":\\\\\\\"已退回\\\\\\\",\\\\\\\"version\\\\\\\":\\\\\\\"5280d744e2db4becad83b7e3d9550efd\\\\\\\"}\\\",\\n\\t\\\"message\\\":\\\"\\\"\\n}\",\"type\":\"JSON\"},\"type\":\"RAW\"}','2024-05-19 23:33:07'),('eb9561d928c94afe8020cdc827f48890','784dd4e4e09a4967928999d03c567a5c','ccf44c48755244bbb945b4d8c9877b63',2,NULL,NULL,NULL,'{\"binaryBody\":\"\",\"formDataBody\":[],\"graphQLBody\":\"\",\"rawBody\":{\"body\":\"{\\\"key\\\":\\\"320506199706024014\\\",\\\"field\\\":\\\"certificate\\\"}\",\"type\":\"JSON\"},\"type\":\"RAW\",\"xwwwFormUrlEncodedBody\":[]}',200,NULL,'[{\"description\":\"\",\"key\":\"Content-Type\",\"required\":false,\"type\":\"String\",\"value\":\"multipart/form-data\"},{\"description\":\"\",\"key\":\"Content-Length\",\"required\":false,\"type\":\"String\",\"value\":\"1323\"},{\"description\":\"\",\"key\":\"Date\",\"required\":false,\"type\":\"String\",\"value\":\"Sun, 19 May 2024 15:35:13 GMT\"},{\"description\":\"\",\"key\":\"Keep-Alive\",\"required\":false,\"type\":\"String\",\"value\":\"timeout=60\"},{\"description\":\"\",\"key\":\"Connection\",\"required\":false,\"type\":\"String\",\"value\":\"keep-alive\"}]','{\"binaryBody\":\"\",\"graphQLBody\":\"\",\"rawBody\":{\"body\":\"{\\n\\t\\\"code\\\":1000,\\n\\t\\\"data\\\":\\\"[{\\\\\\\"count\\\\\\\":1,\\\\\\\"key\\\\\\\":\\\\\\\"320506199706024014\\\\\\\",\\\\\\\"field\\\\\\\":\\\\\\\"certificate\\\\\\\",\\\\\\\"value\\\\\\\":\\\\\\\"{\\\\\\\\\\\\\\\"componentList\\\\\\\\\\\\\\\":[],\\\\\\\\\\\\\\\"creationTime\\\\\\\\\\\\\\\":\\\\\\\\\\\\\\\"2024-05-19 23:11:04.382\\\\\\\\\\\\\\\",\\\\\\\\\\\\\\\"inspection\\\\\\\\\\\\\\\":[],\\\\\\\\\\\\\\\"lastModified\\\\\\\\\\\\\\\":\\\\\\\\\\\\\\\"2024-05-19 23:11:04.382\\\\\\\\\\\\\\\",\\\\\\\\\\\\\\\"productionDate\\\\\\\\\\\\\\\":\\\\\\\\\\\\\\\"2024-05-02 00:00:00\\\\\\\\\\\\\\\",\\\\\\\\\\\\\\\"productionDepartment\\\\\\\\\\\\\\\":\\\\\\\\\\\\\\\"测试部门2\\\\\\\\\\\\\\\",\\\\\\\\\\\\\\\"productionId\\\\\\\\\\\\\\\":\\\\\\\\\\\\\\\"320506199706024014\\\\\\\\\\\\\\\",\\\\\\\\\\\\\\\"productionModel\\\\\\\\\\\\\\\":\\\\\\\\\\\\\\\"测试型号1\\\\\\\\\\\\\\\",\\\\\\\\\\\\\\\"state\\\\\\\\\\\\\\\":\\\\\\\\\\\\\\\"已退回\\\\\\\\\\\\\\\",\\\\\\\\\\\\\\\"version\\\\\\\\\\\\\\\":\\\\\\\\\\\\\\\"5280d744e2db4becad83b7e3d9550efd\\\\\\\\\\\\\\\"}\\\\\\\",\\\\\\\"txId\\\\\\\":\\\\\\\"5280d744e2db4becad83b7e3d9550efd\\\\\\\",\\\\\\\"blockHeight\\\\\\\":\\\\\\\"×\\\\\\\",\\\\\\\"isDelete\\\\\\\":false,\\\\\\\"timestamp\\\\\\\":\\\\\\\"1716131464\\\\\\\"},{\\\\\\\"count\\\\\\\":2,\\\\\\\"key\\\\\\\":\\\\\\\"320506199706024014\\\\\\\",\\\\\\\"field\\\\\\\":\\\\\\\"certificate\\\\\\\",\\\\\\\"value\\\\\\\":\\\\\\\"{\\\\\\\\\\\\\\\"componentList\\\\\\\\\\\\\\\":[{\\\\\\\\\\\\\\\"componentId\\\\\\\\\\\\\\\":\\\\\\\\\\\\\\\"130926199612161482\\\\\\\\\\\\\\\"}],\\\\\\\\\\\\\\\"inspection\\\\\\\\\\\\\\\":[],\\\\\\\\\\\\\\\"lastModified\\\\\\\\\\\\\\\":\\\\\\\\\\\\\\\"2024-05-19 23:21:59.819\\\\\\\\\\\\\\\",\\\\\\\\\\\\\\\"productionDate\\\\\\\\\\\\\\\":\\\\\\\\\\\\\\\"2024-05-02 00:00:00\\\\\\\\\\\\\\\",\\\\\\\\\\\\\\\"productionDepartment\\\\\\\\\\\\\\\":\\\\\\\\\\\\\\\"测试部门2\\\\\\\\\\\\\\\",\\\\\\\\\\\\\\\"productionId\\\\\\\\\\\\\\\":\\\\\\\\\\\\\\\"320506199706024014\\\\\\\\\\\\\\\",\\\\\\\\\\\\\\\"productionModel\\\\\\\\\\\\\\\":\\\\\\\\\\\\\\\"测试型号1\\\\\\\\\\\\\\\",\\\\\\\\\\\\\\\"state\\\\\\\\\\\\\\\":\\\\\\\\\\\\\\\"已退回\\\\\\\\\\\\\\\",\\\\\\\\\\\\\\\"version\\\\\\\\\\\\\\\":\\\\\\\\\\\\\\\"9fc5606b46c34b10b3063f4c5600e16b\\\\\\\\\\\\\\\"}\\\\\\\",\\\\\\\"txId\\\\\\\":\\\\\\\"9fc5606b46c34b10b3063f4c5600e16b\\\\\\\",\\\\\\\"blockHeight\\\\\\\":\\\\\\\"ç\\\\\\\",\\\\\\\"isDelete\\\\\\\":false,\\\\\\\"timestamp\\\\\\\":\\\\\\\"1716132119\\\\\\\"}]\\\",\\n\\t\\\"message\\\":\\\"\\\"\\n}\",\"type\":\"JSON\"},\"type\":\"RAW\"}','2024-05-19 23:35:13'),('efef5811f8714b1894e82f7ed294755e','784dd4e4e09a4967928999d03c567a5c','ccf44c48755244bbb945b4d8c9877b63',2,NULL,NULL,NULL,'{\"binaryBody\":\"\",\"formDataBody\":[],\"graphQLBody\":\"\",\"rawBody\":{\"body\":\"{\\\"key\\\":\\\"320506199706024014\\\",\\\"field\\\":\\\"certificate\\\"}\",\"type\":\"JSON\"},\"type\":\"RAW\",\"xwwwFormUrlEncodedBody\":[]}',200,NULL,'[{\"description\":\"\",\"key\":\"Content-Type\",\"required\":false,\"type\":\"String\",\"value\":\"multipart/form-data\"},{\"description\":\"\",\"key\":\"Content-Length\",\"required\":false,\"type\":\"String\",\"value\":\"1323\"},{\"description\":\"\",\"key\":\"Date\",\"required\":false,\"type\":\"String\",\"value\":\"Sun, 19 May 2024 15:33:09 GMT\"},{\"description\":\"\",\"key\":\"Keep-Alive\",\"required\":false,\"type\":\"String\",\"value\":\"timeout=60\"},{\"description\":\"\",\"key\":\"Connection\",\"required\":false,\"type\":\"String\",\"value\":\"keep-alive\"}]','{\"binaryBody\":\"\",\"graphQLBody\":\"\",\"rawBody\":{\"body\":\"{\\n\\t\\\"code\\\":1000,\\n\\t\\\"data\\\":\\\"[{\\\\\\\"count\\\\\\\":1,\\\\\\\"key\\\\\\\":\\\\\\\"320506199706024014\\\\\\\",\\\\\\\"field\\\\\\\":\\\\\\\"certificate\\\\\\\",\\\\\\\"value\\\\\\\":\\\\\\\"{\\\\\\\\\\\\\\\"componentList\\\\\\\\\\\\\\\":[],\\\\\\\\\\\\\\\"creationTime\\\\\\\\\\\\\\\":\\\\\\\\\\\\\\\"2024-05-19 23:11:04.382\\\\\\\\\\\\\\\",\\\\\\\\\\\\\\\"inspection\\\\\\\\\\\\\\\":[],\\\\\\\\\\\\\\\"lastModified\\\\\\\\\\\\\\\":\\\\\\\\\\\\\\\"2024-05-19 23:11:04.382\\\\\\\\\\\\\\\",\\\\\\\\\\\\\\\"productionDate\\\\\\\\\\\\\\\":\\\\\\\\\\\\\\\"2024-05-02 00:00:00\\\\\\\\\\\\\\\",\\\\\\\\\\\\\\\"productionDepartment\\\\\\\\\\\\\\\":\\\\\\\\\\\\\\\"测试部门2\\\\\\\\\\\\\\\",\\\\\\\\\\\\\\\"productionId\\\\\\\\\\\\\\\":\\\\\\\\\\\\\\\"320506199706024014\\\\\\\\\\\\\\\",\\\\\\\\\\\\\\\"productionModel\\\\\\\\\\\\\\\":\\\\\\\\\\\\\\\"测试型号1\\\\\\\\\\\\\\\",\\\\\\\\\\\\\\\"state\\\\\\\\\\\\\\\":\\\\\\\\\\\\\\\"已退回\\\\\\\\\\\\\\\",\\\\\\\\\\\\\\\"version\\\\\\\\\\\\\\\":\\\\\\\\\\\\\\\"5280d744e2db4becad83b7e3d9550efd\\\\\\\\\\\\\\\"}\\\\\\\",\\\\\\\"txId\\\\\\\":\\\\\\\"5280d744e2db4becad83b7e3d9550efd\\\\\\\",\\\\\\\"blockHeight\\\\\\\":\\\\\\\"×\\\\\\\",\\\\\\\"isDelete\\\\\\\":false,\\\\\\\"timestamp\\\\\\\":\\\\\\\"1716131464\\\\\\\"},{\\\\\\\"count\\\\\\\":2,\\\\\\\"key\\\\\\\":\\\\\\\"320506199706024014\\\\\\\",\\\\\\\"field\\\\\\\":\\\\\\\"certificate\\\\\\\",\\\\\\\"value\\\\\\\":\\\\\\\"{\\\\\\\\\\\\\\\"componentList\\\\\\\\\\\\\\\":[{\\\\\\\\\\\\\\\"componentId\\\\\\\\\\\\\\\":\\\\\\\\\\\\\\\"130926199612161482\\\\\\\\\\\\\\\"}],\\\\\\\\\\\\\\\"inspection\\\\\\\\\\\\\\\":[],\\\\\\\\\\\\\\\"lastModified\\\\\\\\\\\\\\\":\\\\\\\\\\\\\\\"2024-05-19 23:21:59.819\\\\\\\\\\\\\\\",\\\\\\\\\\\\\\\"productionDate\\\\\\\\\\\\\\\":\\\\\\\\\\\\\\\"2024-05-02 00:00:00\\\\\\\\\\\\\\\",\\\\\\\\\\\\\\\"productionDepartment\\\\\\\\\\\\\\\":\\\\\\\\\\\\\\\"测试部门2\\\\\\\\\\\\\\\",\\\\\\\\\\\\\\\"productionId\\\\\\\\\\\\\\\":\\\\\\\\\\\\\\\"320506199706024014\\\\\\\\\\\\\\\",\\\\\\\\\\\\\\\"productionModel\\\\\\\\\\\\\\\":\\\\\\\\\\\\\\\"测试型号1\\\\\\\\\\\\\\\",\\\\\\\\\\\\\\\"state\\\\\\\\\\\\\\\":\\\\\\\\\\\\\\\"已退回\\\\\\\\\\\\\\\",\\\\\\\\\\\\\\\"version\\\\\\\\\\\\\\\":\\\\\\\\\\\\\\\"9fc5606b46c34b10b3063f4c5600e16b\\\\\\\\\\\\\\\"}\\\\\\\",\\\\\\\"txId\\\\\\\":\\\\\\\"9fc5606b46c34b10b3063f4c5600e16b\\\\\\\",\\\\\\\"blockHeight\\\\\\\":\\\\\\\"ç\\\\\\\",\\\\\\\"isDelete\\\\\\\":false,\\\\\\\"timestamp\\\\\\\":\\\\\\\"1716132119\\\\\\\"}]\\\",\\n\\t\\\"message\\\":\\\"\\\"\\n}\",\"type\":\"JSON\"},\"type\":\"RAW\"}','2024-05-19 23:33:09'),('f02f12889ab44425ba8fe6cde862c11e','8cb19229d7084099b2992c96f2f16cbf','4550aa8ee620484dad157d039d8b6909',1,'[{\"description\":\"唯一标识符\",\"key\":\"id\",\"required\":true,\"type\":\"Long\",\"value\":\"fdafdsa\"}]','[{\"description\":\"姓名\",\"key\":\"name\",\"required\":true,\"type\":\"String\",\"value\":\"fdsafdsaf\"}]','[{\"description\":\"连接方式\",\"key\":\"Connection\",\"required\":false,\"type\":\"String\",\"value\":\"fafdasfdsa\"}]','{\"binaryBody\":\"\",\"formDataBody\":[],\"graphQLBody\":\"\",\"rawBody\":null,\"type\":\"NONE\",\"xwwwFormUrlEncodedBody\":[]}',200,NULL,'[{\"description\":\"\",\"key\":\"age\",\"required\":false,\"type\":\"String\",\"value\":\"10\"},{\"description\":\"\",\"key\":\"sex\",\"required\":false,\"type\":\"String\",\"value\":\"Male\"},{\"description\":\"\",\"key\":\"Content-Type\",\"required\":false,\"type\":\"String\",\"value\":\"multipart/form-data\"},{\"description\":\"\",\"key\":\"Transfer-Encoding\",\"required\":false,\"type\":\"String\",\"value\":\"chunked\"},{\"description\":\"\",\"key\":\"Date\",\"required\":false,\"type\":\"String\",\"value\":\"Tue, 26 Mar 2024 22:08:35 GMT\"}]','{\"binaryBody\":\"\",\"graphQLBody\":\"\",\"rawBody\":{\"body\":\"\\\"Hello World\\\"\",\"type\":\"TEXT\"},\"type\":\"RAW\"}','2024-03-27 06:08:36'),('f119d18ea06546c9bc7ebba4e58133b8','10c8f3cef4bf4b5096295d9354c1023d','ccf44c48755244bbb945b4d8c9877b63',2,NULL,NULL,NULL,'{\"binaryBody\":\"\",\"formDataBody\":[],\"graphQLBody\":\"\",\"rawBody\":{\"body\":\"{\\\"key\\\":\\\"R58N60MV001\\\",\\\"field\\\":\\\"certificate\\\"}\",\"type\":\"JSON\"},\"type\":\"RAW\",\"xwwwFormUrlEncodedBody\":[]}',200,NULL,'[{\"description\":\"\",\"key\":\"Vary\",\"required\":false,\"type\":\"String\",\"value\":\"Access-Control-Request-Headers\"},{\"description\":\"\",\"key\":\"Content-Type\",\"required\":false,\"type\":\"String\",\"value\":\"multipart/form-data\"},{\"description\":\"\",\"key\":\"Content-Length\",\"required\":false,\"type\":\"String\",\"value\":\"674\"},{\"description\":\"\",\"key\":\"Date\",\"required\":false,\"type\":\"String\",\"value\":\"Sun, 19 May 2024 14:35:47 GMT\"},{\"description\":\"\",\"key\":\"Keep-Alive\",\"required\":false,\"type\":\"String\",\"value\":\"timeout=60\"},{\"description\":\"\",\"key\":\"Connection\",\"required\":false,\"type\":\"String\",\"value\":\"keep-alive\"}]','{\"binaryBody\":\"\",\"graphQLBody\":\"\",\"rawBody\":{\"body\":\"{\\n\\t\\\"code\\\":1000,\\n\\t\\\"data\\\":\\\"{\\\\\\\"componentList\\\\\\\":[{\\\\\\\"componentId\\\\\\\":\\\\\\\"R2178472MX02\\\\\\\"},{\\\\\\\"componentId\\\\\\\":\\\\\\\"S34123214321X\\\\\\\"},{\\\\\\\"componentId\\\\\\\":\\\\\\\"S34BHDS23210\\\\\\\"}],\\\\\\\"inspection\\\\\\\":[{\\\\\\\"standard\\\\\\\":\\\\\\\"Q/LGD001-2000\\\\\\\",\\\\\\\"inspector\\\\\\\":\\\\\\\"JC检03\\\\\\\",\\\\\\\"time\\\\\\\":\\\\\\\"2024-05-01 00:00:02\\\\\\\"},{\\\\\\\"standard\\\\\\\":\\\\\\\"GB6675.1-2014\\\\\\\",\\\\\\\"inspector\\\\\\\":\\\\\\\"JC检04\\\\\\\",\\\\\\\"time\\\\\\\":\\\\\\\"2024-05-06 00:32:00\\\\\\\"}],\\\\\\\"lastModified\\\\\\\":\\\\\\\"2024-05-19 16:10:05.604\\\\\\\",\\\\\\\"productionDate\\\\\\\":\\\\\\\"2024-05-15 00:00:00\\\\\\\",\\\\\\\"productionDepartment\\\\\\\":\\\\\\\"中国航发沈阳黎明航空发动机\\\\\\\",\\\\\\\"productionId\\\\\\\":\\\\\\\"R58N60MV001\\\\\\\",\\\\\\\"productionModel\\\\\\\":\\\\\\\"FWS-10发动机\\\\\\\",\\\\\\\"state\\\\\\\":\\\\\\\"已退回\\\\\\\",\\\\\\\"version\\\\\\\":\\\\\\\"cc98f681befa47a5932b0c3100dd29dc\\\\\\\"}\\\",\\n\\t\\\"message\\\":\\\"\\\"\\n}\",\"type\":\"JSON\"},\"type\":\"RAW\"}','2024-05-19 22:35:47'),('f41fd1128a994841bcff3dc4e43b1f4b','10c8f3cef4bf4b5096295d9354c1023d','ccf44c48755244bbb945b4d8c9877b63',2,NULL,NULL,NULL,'{\"binaryBody\":\"\",\"formDataBody\":[],\"graphQLBody\":\"\",\"rawBody\":{\"body\":\"{\\\"key\\\":\\\"R58N60MV001\\\",\\\"field\\\":\\\"certificate\\\"}\",\"type\":\"JSON\"},\"type\":\"RAW\",\"xwwwFormUrlEncodedBody\":[]}',200,NULL,'[{\"description\":\"\",\"key\":\"Vary\",\"required\":false,\"type\":\"String\",\"value\":\"Access-Control-Request-Headers\"},{\"description\":\"\",\"key\":\"Content-Type\",\"required\":false,\"type\":\"String\",\"value\":\"multipart/form-data\"},{\"description\":\"\",\"key\":\"Content-Length\",\"required\":false,\"type\":\"String\",\"value\":\"674\"},{\"description\":\"\",\"key\":\"Date\",\"required\":false,\"type\":\"String\",\"value\":\"Sun, 19 May 2024 14:43:25 GMT\"},{\"description\":\"\",\"key\":\"Keep-Alive\",\"required\":false,\"type\":\"String\",\"value\":\"timeout=60\"},{\"description\":\"\",\"key\":\"Connection\",\"required\":false,\"type\":\"String\",\"value\":\"keep-alive\"}]','{\"binaryBody\":\"\",\"graphQLBody\":\"\",\"rawBody\":{\"body\":\"{\\n\\t\\\"code\\\":1000,\\n\\t\\\"data\\\":\\\"{\\\\\\\"componentList\\\\\\\":[{\\\\\\\"componentId\\\\\\\":\\\\\\\"R2178472MX02\\\\\\\"},{\\\\\\\"componentId\\\\\\\":\\\\\\\"S34123214321X\\\\\\\"},{\\\\\\\"componentId\\\\\\\":\\\\\\\"S34BHDS23210\\\\\\\"}],\\\\\\\"inspection\\\\\\\":[{\\\\\\\"standard\\\\\\\":\\\\\\\"Q/LGD001-2000\\\\\\\",\\\\\\\"inspector\\\\\\\":\\\\\\\"JC检03\\\\\\\",\\\\\\\"time\\\\\\\":\\\\\\\"2024-05-01 00:00:02\\\\\\\"},{\\\\\\\"standard\\\\\\\":\\\\\\\"GB6675.1-2014\\\\\\\",\\\\\\\"inspector\\\\\\\":\\\\\\\"JC检04\\\\\\\",\\\\\\\"time\\\\\\\":\\\\\\\"2024-05-06 00:32:00\\\\\\\"}],\\\\\\\"lastModified\\\\\\\":\\\\\\\"2024-05-19 16:10:05.604\\\\\\\",\\\\\\\"productionDate\\\\\\\":\\\\\\\"2024-05-15 00:00:00\\\\\\\",\\\\\\\"productionDepartment\\\\\\\":\\\\\\\"中国航发沈阳黎明航空发动机\\\\\\\",\\\\\\\"productionId\\\\\\\":\\\\\\\"R58N60MV001\\\\\\\",\\\\\\\"productionModel\\\\\\\":\\\\\\\"FWS-10发动机\\\\\\\",\\\\\\\"state\\\\\\\":\\\\\\\"已退回\\\\\\\",\\\\\\\"version\\\\\\\":\\\\\\\"cc98f681befa47a5932b0c3100dd29dc\\\\\\\"}\\\",\\n\\t\\\"message\\\":\\\"\\\"\\n}\",\"type\":\"JSON\"},\"type\":\"RAW\"}','2024-05-19 22:43:25'),('f5fb3cb47ab141d6a2949db90dfaff44','10c8f3cef4bf4b5096295d9354c1023d','ccf44c48755244bbb945b4d8c9877b63',2,NULL,NULL,NULL,'{\"binaryBody\":\"\",\"formDataBody\":[],\"graphQLBody\":\"\",\"rawBody\":{\"body\":\"{\\\"key\\\":\\\"320506199706024014\\\",\\\"field\\\":\\\"certificate\\\"}\",\"type\":\"JSON\"},\"type\":\"RAW\",\"xwwwFormUrlEncodedBody\":[]}',200,NULL,'[{\"description\":\"\",\"key\":\"Content-Type\",\"required\":false,\"type\":\"String\",\"value\":\"multipart/form-data\"},{\"description\":\"\",\"key\":\"Content-Length\",\"required\":false,\"type\":\"String\",\"value\":\"410\"},{\"description\":\"\",\"key\":\"Date\",\"required\":false,\"type\":\"String\",\"value\":\"Sun, 19 May 2024 15:16:21 GMT\"},{\"description\":\"\",\"key\":\"Keep-Alive\",\"required\":false,\"type\":\"String\",\"value\":\"timeout=60\"},{\"description\":\"\",\"key\":\"Connection\",\"required\":false,\"type\":\"String\",\"value\":\"keep-alive\"}]','{\"binaryBody\":\"\",\"graphQLBody\":\"\",\"rawBody\":{\"body\":\"{\\n\\t\\\"code\\\":1000,\\n\\t\\\"data\\\":\\\"{\\\\\\\"componentList\\\\\\\":[],\\\\\\\"creationTime\\\\\\\":\\\\\\\"2024-05-19 23:11:04.382\\\\\\\",\\\\\\\"inspection\\\\\\\":[],\\\\\\\"lastModified\\\\\\\":\\\\\\\"2024-05-19 23:11:04.382\\\\\\\",\\\\\\\"productionDate\\\\\\\":\\\\\\\"2024-05-02 00:00:00\\\\\\\",\\\\\\\"productionDepartment\\\\\\\":\\\\\\\"测试部门2\\\\\\\",\\\\\\\"productionId\\\\\\\":\\\\\\\"320506199706024014\\\\\\\",\\\\\\\"productionModel\\\\\\\":\\\\\\\"测试型号1\\\\\\\",\\\\\\\"state\\\\\\\":\\\\\\\"已退回\\\\\\\",\\\\\\\"version\\\\\\\":\\\\\\\"5280d744e2db4becad83b7e3d9550efd\\\\\\\"}\\\",\\n\\t\\\"message\\\":\\\"\\\"\\n}\",\"type\":\"JSON\"},\"type\":\"RAW\"}','2024-05-19 23:16:21'),('fe41213604db42e2a07a6cce5106ff1a','9e44de0fc2e140a498f1e6b83926d2c7','ccf44c48755244bbb945b4d8c9877b63',1,'[]','[]','[]','{\"binaryBody\":\"\",\"formDataBody\":[],\"graphQLBody\":\"\",\"rawBody\":{\"body\":\"{\\n    \\\"productionId\\\": \\\"R58N60MVXXX\\\",\\n    \\\"version\\\": \\\"@latest\\\"\\n}\",\"type\":\"JSON\"},\"type\":\"RAW\",\"xwwwFormUrlEncodedBody\":[]}',500,'{\n	\"timestamp\":\"2024-05-17 20:43:58\",\n	\"status\":500,\n	\"error\":\"Internal Server Error\",\n	\"trace\":\"org.chainmaker.sdk.ChainClientException: txStatusCode:4, resultCode:1, contractName[CHAIN_QUERY] method[GET_TX_BY_TX_ID] txType[QUERY_CONTRACT], no such transaction, chainId:test\\n\\tat org.chainmaker.sdk.ChainClient.checkProposalRequestResp(ChainClient.java:2691)\\n\\tat org.chainmaker.sdk.ChainClient.getTxWithRWSetByTxId(ChainClient.java:515)\\n\\tat com.hawkeye.service.impl.ChainServiceImpl.getState(ChainServiceImpl.java:58)\\n\\tat com.hawkeye.service.impl.CertificateServiceImpl.detail(CertificateServiceImpl.java:57)\\n\\tat com.hawkeye.controller.CertificateController.certificateInfoDetail(CertificateController.java:45)\\n\\tat sun.reflect.NativeMethodAccessorImpl.invoke0(Native Method)\\n\\tat sun.reflect.NativeMethodAccessorImpl.invoke(NativeMethodAccessorImpl.java:62)\\n\\tat sun.reflect.DelegatingMethodAccessorImpl.invoke(DelegatingMethodAccessorImpl.java:43)\\n\\tat java.lang.reflect.Method.invoke(Method.java:498)\\n\\tat org.springframework.web.method.support.InvocableHandlerMethod.doInvoke(InvocableHandlerMethod.java:205)\\n\\tat org.springframework.web.method.support.InvocableHandlerMethod.invokeForRequest(InvocableHandlerMethod.java:150)\\n\\tat org.springframework.web.servlet.mvc.method.annotation.ServletInvocableHandlerMethod.invokeAndHandle(ServletInvocableHandlerMethod.java:117)\\n\\tat org.springframework.web.servlet.mvc.method.annotation.RequestMappingHandlerAdapter.invokeHandlerMethod(RequestMappingHandlerAdapter.java:895)\\n\\tat org.springframework.web.servlet.mvc.method.annotation.RequestMappingHandlerAdapter.handleInternal(RequestMappingHandlerAdapter.java:808)\\n\\tat org.springframework.web.servlet.mvc.method.AbstractHandlerMethodAdapter.handle(AbstractHandlerMethodAdapter.java:87)\\n\\tat org.springframework.web.servlet.DispatcherServlet.doDispatch(DispatcherServlet.java:1070)\\n\\tat org.springframework.web.servlet.DispatcherServlet.doService(DispatcherServlet.java:963)\\n\\tat org.springframework.web.servlet.FrameworkServlet.processRequest(FrameworkServlet.java:1006)\\n\\tat org.springframework.web.servlet.FrameworkServlet.doPost(FrameworkServlet.java:909)\\n\\tat javax.servlet.http.HttpServlet.service(HttpServlet.java:681)\\n\\tat org.springframework.web.servlet.FrameworkServlet.service(FrameworkServlet.java:883)\\n\\tat javax.servlet.http.HttpServlet.service(HttpServlet.java:764)\\n\\tat org.apache.catalina.core.ApplicationFilterChain.internalDoFilter(ApplicationFilterChain.java:227)\\n\\tat org.apache.catalina.core.ApplicationFilterChain.doFilter(ApplicationFilterChain.java:162)\\n\\tat org.apache.tomcat.websocket.server.WsFilter.doFilter(WsFilter.java:53)\\n\\tat org.apache.catalina.core.ApplicationFilterChain.internalDoFilter(ApplicationFilterChain.java:189)\\n\\tat org.apache.catalina.core.ApplicationFilterChain.doFilter(ApplicationFilterChain.java:162)\\n\\tat cn.dev33.satoken.filter.SaPathCheckFilterForServlet.doFilter(SaPathCheckFilterForServlet.java:55)\\n\\tat org.apache.catalina.core.ApplicationFilterChain.internalDoFilter(ApplicationFilterChain.java:189)\\n\\tat org.apache.catalina.core.ApplicationFilterChain.doFilter(ApplicationFilterChain.java:162)\\n\\tat org.springframework.web.filter.CharacterEncodingFilter.doFilterInternal(CharacterEncodingFilter.java:201)\\n\\tat org.springframework.web.filter.OncePerRequestFilter.doFilter(OncePerRequestFilter.java:117)\\n\\tat org.apache.catalina.core.ApplicationFilterChain.internalDoFilter(ApplicationFilterChain.java:189)\\n\\tat org.apache.catalina.core.ApplicationFilterChain.doFilter(ApplicationFilterChain.java:162)\\n\\tat org.apache.catalina.core.StandardWrapperValve.invoke(StandardWrapperValve.java:197)\\n\\tat org.apache.catalina.core.StandardContextValve.invoke(StandardContextValve.java:97)\\n\\tat org.apache.catalina.authenticator.AuthenticatorBase.invoke(AuthenticatorBase.java:541)\\n\\tat org.apache.catalina.core.StandardHostValve.invoke(StandardHostValve.java:135)\\n\\tat org.apache.catalina.valves.ErrorReportValve.invoke(ErrorReportValve.java:92)\\n\\tat org.apache.catalina.core.StandardEngineValve.invoke(StandardEngineValve.java:78)\\n\\tat org.apache.catalina.connector.CoyoteAdapter.service(CoyoteAdapter.java:360)\\n\\tat org.apache.coyote.http11.Http11Processor.service(Http11Processor.java:399)\\n\\tat org.apache.coyote.AbstractProcessorLight.process(AbstractProcessorLight.java:65)\\n\\tat org.apache.coyote.AbstractProtocol$ConnectionHandler.process(AbstractProtocol.java:890)\\n\\tat org.apache.tomcat.util.net.NioEndpoint$SocketProcessor.doRun(NioEndpoint.java:1789)\\n\\tat org.apache.tomcat.util.net.SocketProcessorBase.run(SocketProcessorBase.java:49)\\n\\tat org.apache.tomcat.util.threads.ThreadPoolExecutor.runWorker(ThreadPoolExecutor.java:1191)\\n\\tat org.apache.tomcat.util.threads.ThreadPoolExecutor$Worker.run(ThreadPoolExecutor.java:659)\\n\\tat org.apache.tomcat.util.threads.TaskThread$WrappingRunnable.run(TaskThread.java:61)\\n\\tat java.lang.Thread.run(Thread.java:750)\\n\",\n	\"message\":\"txStatusCode:4, resultCode:1, contractName[CHAIN_QUERY] method[GET_TX_BY_TX_ID] txType[QUERY_CONTRACT], no such transaction, chainId:test\",\n	\"path\":\"/certificate/detail\"\n}','[{\"description\":\"\",\"key\":\"Content-Type\",\"required\":false,\"type\":\"String\",\"value\":\"multipart/form-data\"},{\"description\":\"\",\"key\":\"Content-Length\",\"required\":false,\"type\":\"String\",\"value\":\"5165\"},{\"description\":\"\",\"key\":\"Date\",\"required\":false,\"type\":\"String\",\"value\":\"Fri, 17 May 2024 12:43:58 GMT\"},{\"description\":\"\",\"key\":\"Connection\",\"required\":false,\"type\":\"String\",\"value\":\"close\"}]',NULL,'2024-05-17 20:43:58'),('ffbf767b908b4870b5d23b791f49e1f0','0f471fb2015a414c946c775c319810ad','ccf44c48755244bbb945b4d8c9877b63',2,NULL,NULL,NULL,NULL,200,NULL,'[{\"description\":\"\",\"key\":\"Cache-Control\",\"required\":false,\"type\":\"String\",\"value\":\"private, no-cache, no-store, proxy-revalidate, no-transform\"},{\"description\":\"\",\"key\":\"Connection\",\"required\":false,\"type\":\"String\",\"value\":\"keep-alive\"},{\"description\":\"\",\"key\":\"Content-Type\",\"required\":false,\"type\":\"String\",\"value\":\"text/html\"},{\"description\":\"\",\"key\":\"Date\",\"required\":false,\"type\":\"String\",\"value\":\"Sun, 19 May 2024 09:42:48 GMT\"},{\"description\":\"\",\"key\":\"Last-Modified\",\"required\":false,\"type\":\"String\",\"value\":\"Mon, 23 Jan 2017 13:27:36 GMT\"},{\"description\":\"\",\"key\":\"Pragma\",\"required\":false,\"type\":\"String\",\"value\":\"no-cache\"},{\"description\":\"\",\"key\":\"Server\",\"required\":false,\"type\":\"String\",\"value\":\"bfe/1.0.8.18\"},{\"description\":\"\",\"key\":\"Set-Cookie\",\"required\":false,\"type\":\"String\",\"value\":\"BDORZ=27315; max-age=86400; domain=.baidu.com; path=/\"},{\"description\":\"\",\"key\":\"Transfer-Encoding\",\"required\":false,\"type\":\"String\",\"value\":\"chunked\"}]','{\"binaryBody\":\"\",\"graphQLBody\":\"\",\"rawBody\":{\"body\":\"\",\"type\":\"JSON\"},\"type\":\"NONE\"}','2024-05-19 17:42:48');
/*!40000 ALTER TABLE `api_invoke_log` ENABLE KEYS */;
UNLOCK TABLES;

--
-- Table structure for table `api_register`
--

DROP TABLE IF EXISTS `api_register`;
/*!40101 SET @saved_cs_client     = @@character_set_client */;
/*!50503 SET character_set_client = utf8mb4 */;
CREATE TABLE `api_register` (
  `apply_id` varchar(32) COLLATE utf8mb4_general_ci NOT NULL,
  `apply_status` tinyint DEFAULT NULL,
  `apply_time` datetime NOT NULL,
  `reply_time` datetime DEFAULT NULL,
  `reply_reason` varchar(1024) COLLATE utf8mb4_general_ci DEFAULT NULL,
  `id` varchar(32) COLLATE utf8mb4_general_ci DEFAULT NULL,
  `user_id` varchar(32) COLLATE utf8mb4_general_ci NOT NULL,
  `name` varchar(32) COLLATE utf8mb4_general_ci NOT NULL,
  `price` double NOT NULL,
  `protocol` tinyint NOT NULL,
  `url` varchar(2083) COLLATE utf8mb4_general_ci NOT NULL,
  `method` tinyint NOT NULL,
  `introduction` varchar(1024) COLLATE utf8mb4_general_ci NOT NULL,
  `visible` tinyint NOT NULL,
  `param` longtext CHARACTER SET utf8mb4 COLLATE utf8mb4_bin,
  `query` longtext CHARACTER SET utf8mb4 COLLATE utf8mb4_bin,
  `request_header` longtext CHARACTER SET utf8mb4 COLLATE utf8mb4_bin,
  `request_body` longtext CHARACTER SET utf8mb4 COLLATE utf8mb4_bin,
  `response_header` longtext CHARACTER SET utf8mb4 COLLATE utf8mb4_bin,
  `response_body` longtext CHARACTER SET utf8mb4 COLLATE utf8mb4_bin,
  `is_delete` tinyint DEFAULT NULL,
  PRIMARY KEY (`apply_id`),
  KEY `id` (`id`),
  KEY `user_id` (`user_id`),
  CONSTRAINT `api_register_ibfk_1` FOREIGN KEY (`user_id`) REFERENCES `user` (`id`),
  CONSTRAINT `api_register_ibfk_2` FOREIGN KEY (`id`) REFERENCES `api` (`id`),
  CONSTRAINT `api_register_chk_1` CHECK (json_valid(`param`)),
  CONSTRAINT `api_register_chk_2` CHECK (json_valid(`query`)),
  CONSTRAINT `api_register_chk_3` CHECK (json_valid(`request_header`)),
  CONSTRAINT `api_register_chk_4` CHECK (json_valid(`request_body`)),
  CONSTRAINT `api_register_chk_5` CHECK (json_valid(`response_header`)),
  CONSTRAINT `api_register_chk_6` CHECK (json_valid(`response_body`))
) ENGINE=InnoDB DEFAULT CHARSET=utf8mb4 COLLATE=utf8mb4_general_ci;
/*!40101 SET character_set_client = @saved_cs_client */;

--
-- Dumping data for table `api_register`
--

LOCK TABLES `api_register` WRITE;
/*!40000 ALTER TABLE `api_register` DISABLE KEYS */;
INSERT INTO `api_register` VALUES ('031715c79999410fa3a9e01b10c5974e',2,'2024-03-21 23:13:52','2024-03-21 20:07:20',NULL,'7e51fe767f41499a966131352e06ba4f','3759462c2a7449068052e77c3c014f6a','测试POST/x-www-form-urlencoded请求',0,1,'127.0.0.1:8080/test/post/x-www-form-urlencoded',2,'测试POST/x-www-form-urlencoded请求',1,'[]','[]','[{\"description\":\"请求类型\",\"key\":\"Content-Type\",\"required\":true,\"type\":\"String\",\"value\":\"\"}]','{\"binaryBody\":\"\",\"formDataBody\":[],\"graphQLBody\":\"\",\"rawBody\":{\"body\":\"\",\"type\":\"JSON\"},\"type\":\"X_WWW_FORM_URLENCODED\",\"xwwwFormUrlEncodedBody\":[{\"description\":\"用户名\",\"key\":\"username\",\"required\":true,\"type\":\"String\",\"value\":\"\"},{\"description\":\"密码\",\"key\":\"password\",\"required\":true,\"type\":\"String\",\"value\":\"\"}]}','[]','{\"binaryBody\":\"\",\"formDataBody\":[],\"graphQLBody\":\"\",\"rawBody\":{\"body\":\"\",\"type\":\"JSON\"},\"type\":\"NONE\",\"xwwwFormUrlEncodedBody\":[]}',0),('2d9b0465a7a54544b5a6e155ddee7fed',2,'2024-05-06 22:32:57','2024-05-06 22:33:08',NULL,'10e69aadbe9243da85f322ef89ba3bb7','9eb408bfb3bc43b186da2a0c52e0da2e','111111',0,1,'1',1,'1',1,'[]','[]','[]','{\"binaryBody\":\"\",\"formDataBody\":[],\"graphQLBody\":\"\",\"rawBody\":{\"body\":\"\",\"type\":\"JSON\"},\"type\":\"FORM_DATA\",\"xwwwFormUrlEncodedBody\":[]}','[]','{\"binaryBody\":\"\",\"graphQLBody\":\"\",\"rawBody\":{\"body\":\"\",\"type\":\"JSON\"},\"type\":\"NONE\"}',0),('3a1113de42fa4dfb9f4dc881bccf8626',2,'2024-03-22 00:41:52','2024-03-22 00:14:31',NULL,'ea900cfb142545ffa2f1d817f76cbe7b','3759462c2a7449068052e77c3c014f6a','测试Post/raw请求',0,1,'127.0.0.1:8080/test/post/raw/json',2,'测试Post/raw请求',1,'[]','[]','[]','{\"binaryBody\":\"\",\"formDataBody\":[],\"graphQLBody\":\"\",\"rawBody\":{\"body\":\"{\\n    \\\"username\\\": \\\"用户名\\\",\\n    \\\"password\\\": \\\"密码\\\"\\n}\",\"type\":\"JSON\"},\"type\":\"RAW\",\"xwwwFormUrlEncodedBody\":[]}','[]','{\"binaryBody\":\"\",\"formDataBody\":[],\"graphQLBody\":\"\",\"rawBody\":{\"body\":\"\",\"type\":\"JSON\"},\"type\":\"NONE\",\"xwwwFormUrlEncodedBody\":[]}',0),('3a975f19a24f433aa49f2cb990171399',2,'2024-05-17 16:36:28','2024-05-17 16:36:38',NULL,'d74dfc93e4974f369f5aea9311fd41b9','ccf44c48755244bbb945b4d8c9877b63','百度测试',0,1,'baidu.com',1,'获取百度首页',1,'[]','[]','[]','{\"binaryBody\":\"\",\"formDataBody\":[],\"graphQLBody\":\"\",\"rawBody\":{\"body\":\"\",\"type\":\"JSON\"},\"type\":\"FORM_DATA\",\"xwwwFormUrlEncodedBody\":[]}','[]','{\"binaryBody\":\"\",\"graphQLBody\":\"\",\"rawBody\":{\"body\":\"\",\"type\":\"JSON\"},\"type\":\"NONE\"}',0),('58695fdc0438400f85c472b96d4cf189',2,'2024-05-19 21:56:32','2024-05-19 22:00:59',NULL,'1e93f12b60b344f0b5e9fc7b25872f11','852cceb530414f4685685066093defe5','数据上链',0,1,'localhost:8081/chain/putState',2,'将业务数据存储上链',2,'[]','[]','[]','{\"binaryBody\":\"\",\"formDataBody\":[],\"graphQLBody\":\"\",\"rawBody\":{\"body\":\"{\\n    \\\"key\\\": \\\"业务数据主键索引\\\",\\n    \\\"field\\\": \\\"业务数据副键索引\\\",\\n    \\\"value\\\": \\\"业务数据\\\",\\n    \\\"txId\\\": \\\"指定交易号(可选参数)\\\"\\n}\",\"type\":\"JSON\"},\"type\":\"RAW\",\"xwwwFormUrlEncodedBody\":[]}','[]','{\"binaryBody\":\"\",\"graphQLBody\":\"\",\"rawBody\":{\"body\":\"{\\n    \\\"code\\\": \\\"状态响应码\\\",\\n    \\\"message\\\": \\\"消息体\\\",\\n    \\\"data\\\": \\\"交易号\\\"\\n}\",\"type\":\"JSON\"},\"type\":\"RAW\"}',0),('5bb261aa0c7f420fa84d214c837cdf9e',2,'2024-03-22 02:17:06','2024-03-22 00:33:19',NULL,'647c1f249d4d44d8818ced44b1e16611','3759462c2a7449068052e77c3c014f6a','测试POST/form-data',0,1,'127.0.0.1:8080/test/post/form-data',2,'测试POST/form-data',1,'[]','[]','[]','{\"binaryBody\":\"\",\"formDataBody\":[{\"description\":\"用户名\",\"key\":\"username\",\"required\":true,\"type\":\"String\",\"value\":\"\"},{\"description\":\"头像\",\"key\":\"logo\",\"required\":true,\"type\":\"File\",\"value\":\"\"}],\"graphQLBody\":\"\",\"rawBody\":{\"body\":\"\",\"type\":\"JSON\"},\"type\":\"FORM_DATA\",\"xwwwFormUrlEncodedBody\":[]}','[]','{\"binaryBody\":\"\",\"formDataBody\":[],\"graphQLBody\":\"\",\"rawBody\":{\"body\":\"\",\"type\":\"JSON\"},\"type\":\"NONE\",\"xwwwFormUrlEncodedBody\":[]}',0),('5d42ea2501b443e8bfec2a7a1367c0fa',3,'2024-03-20 16:47:06','2024-03-21 20:07:15','No way',NULL,'4550aa8ee620484dad157d039d8b6909','范德萨发',0,1,'127.0.0.1:8080/test/id/{id}',1,'华发商都客家话可见',1,'[{\"description\":\"唯一标识符\",\"key\":\"id\",\"required\":true,\"type\":\"Long\",\"value\":\"\"}]','[{\"description\":\"年龄\",\"key\":\"age\",\"required\":true,\"type\":\"Int\",\"value\":\"\"}]','[{\"description\":\"姓名\",\"key\":\"name\",\"required\":true,\"type\":\"String\",\"value\":\"\"}]','{\"binaryBody\":\"\",\"formDataBody\":[],\"graphQLBody\":\"\",\"rawBody\":{\"body\":\"\",\"type\":\"JSON\"},\"type\":\"FORM_DATA\",\"xwwwFormUrlEncodedBody\":[]}','[]','{\"binaryBody\":\"\",\"formDataBody\":[],\"graphQLBody\":\"\",\"rawBody\":{\"body\":\"\",\"type\":\"JSON\"},\"type\":\"NONE\",\"xwwwFormUrlEncodedBody\":[]}',0),('84bf0a71e14b473f9cabcb29024c901a',3,'2024-03-20 03:20:44','2024-03-21 20:07:18','No way',NULL,'4550aa8ee620484dad157d039d8b6909','不知道叫啥',0,1,'127.0.0.1:8080/test',1,'随便写写',1,'[]','[{\"description\":\"年龄\",\"key\":\"age\",\"required\":true,\"type\":\"Int\",\"value\":\"\"}]','[]','{\"binaryBody\":\"\",\"formDataBody\":[],\"graphQLBody\":\"\",\"rawBody\":{\"body\":\"\",\"type\":\"JSON\"},\"type\":\"FORM_DATA\",\"xwwwFormUrlEncodedBody\":[]}','[]','{\"binaryBody\":\"\",\"formDataBody\":[],\"graphQLBody\":\"\",\"rawBody\":{\"body\":\"\",\"type\":\"JSON\"},\"type\":\"NONE\",\"xwwwFormUrlEncodedBody\":[]}',0),('867493e7d2624d8192155cacff385981',2,'2024-03-17 03:01:16','2024-03-18 17:25:14',NULL,'4a75d04c523448a990cbd58d7b3d8594','3759462c2a7449068052e77c3c014f6a','测试API-A',0,1,'127.0.0.1:8080/{id}',2,'这只是一条测试用的API',1,'[{\"description\":\"唯一标识符\",\"key\":\"id\",\"required\":true,\"type\":\"String\",\"value\":\"\"}]','[{\"description\":\"姓名\",\"key\":\"name\",\"required\":true,\"type\":\"String\",\"value\":\"\"}]','[{\"description\":\"内容类型\",\"key\":\"Content-Type\",\"required\":true,\"type\":\"String\",\"value\":\"\"}]','{\"binaryBody\":\"\",\"formDataBody\":[{\"description\":\"年龄\",\"key\":\"age\",\"required\":true,\"type\":\"Int\",\"value\":\"\"},{\"description\":\"性别\",\"key\":\"sex\",\"required\":false,\"type\":\"String\",\"value\":\"\"}],\"graphQLBody\":\"\",\"rawBody\":{\"body\":\"\",\"type\":\"JSON\"},\"type\":\"FORM_DATA\",\"xwwwFormUrlEncodedBody\":[]}','[]','{\"binaryBody\":\"\",\"formDataBody\":[],\"graphQLBody\":\"\",\"rawBody\":{\"body\":\"\",\"type\":\"JSON\"},\"type\":\"NONE\",\"xwwwFormUrlEncodedBody\":[]}',0),('891c6404d41948adbfdb610d41bbcc29',2,'2024-05-06 20:27:02','2024-05-06 20:27:24',NULL,'d2eef19feef5442c8864cd1f5e4aecc5','988b8e08890842dd89dbebb7c8bae8bc','testAPI0506',0,1,'test',1,'1',1,'[]','[]','[]','{\"binaryBody\":\"\",\"formDataBody\":[],\"graphQLBody\":\"\",\"rawBody\":{\"body\":\"\",\"type\":\"JSON\"},\"type\":\"FORM_DATA\",\"xwwwFormUrlEncodedBody\":[]}','[]','{\"binaryBody\":\"\",\"graphQLBody\":\"\",\"rawBody\":{\"body\":\"\",\"type\":\"JSON\"},\"type\":\"NONE\"}',0),('8f9c3509b44b44ee8e2a907bebd74032',2,'2024-03-18 18:07:42','2024-03-18 16:34:57',NULL,'3d12a6ec62004f57bd4103f658a7d2d0','3759462c2a7449068052e77c3c014f6a','test-Baidu',0,2,'baidu.com',1,'百度API测试',1,'[]','[]','[]','{\"binaryBody\":\"\",\"formDataBody\":[],\"graphQLBody\":\"\",\"rawBody\":{\"body\":\"\",\"type\":\"JSON\"},\"type\":\"FORM_DATA\",\"xwwwFormUrlEncodedBody\":[]}','[]','{\"binaryBody\":\"\",\"formDataBody\":[],\"graphQLBody\":\"\",\"rawBody\":{\"body\":\"\",\"type\":\"JSON\"},\"type\":\"NONE\",\"xwwwFormUrlEncodedBody\":[]}',0),('98ed5a167fd84c298f4bea56e553c988',2,'2024-05-17 17:27:54','2024-05-17 17:28:01',NULL,'d0fc7dfa2e074f71bf36694ab30e5c6e','ccf44c48755244bbb945b4d8c9877b63','生成合格证',0,1,'localhost:8081/certificate/generate',2,'生成产品合格证',1,'[]','[]','[]','{\"binaryBody\":\"\",\"formDataBody\":[],\"graphQLBody\":\"\",\"rawBody\":{\"body\":\"{\\n    \\\"productionId\\\": \\\"产品编号\\\",\\n    \\\"productionModel\\\": \\\"产品型号\\\",\\n    \\\"productionDepartmentId\\\": \\\"生产部门编号\\\",\\n    \\\"productionDate\\\": \\\"生产日期\\\",\\n    \\\"inspectionStandard\\\": \\\"检验标准\\\",\\n    \\\"inspectorId\\\": \\\"检验人员编号\\\",\\n    \\\"state\\\": \\\"当前状态\\\",\\n    \\\"componentList\\\": \\\"零件列表\\\",\\n}\",\"type\":\"JSON\"},\"type\":\"RAW\",\"xwwwFormUrlEncodedBody\":[]}','[]','{\"binaryBody\":\"\",\"graphQLBody\":\"\",\"rawBody\":{\"body\":\"{\\n    \\\"code\\\": \\\"响应码\\\",\\n    \\\"message\\\": \\\"消息\\\",\\n    \\\"data\\\": {\\n        \\\"txId\\\": \\\"交易号\\\"\\n    }\\n}\",\"type\":\"JSON\"},\"type\":\"RAW\"}',0),('9934bdf2d03e4f588834e612987750c9',2,'2024-03-22 06:36:45','2024-03-22 07:39:59',NULL,'5a72c9eced844467800f36b8bef6307a','3759462c2a7449068052e77c3c014f6a','测试POST/binary',0,1,'127.0.0.1:8080/test/post/binary',2,'测试POST/binary',1,'[]','[]','[]','{\"binaryBody\":\"\",\"formDataBody\":[],\"graphQLBody\":\"\",\"rawBody\":{\"body\":\"\",\"type\":\"JSON\"},\"type\":\"BINARY\",\"xwwwFormUrlEncodedBody\":[]}','[]','{\"binaryBody\":\"\",\"formDataBody\":[],\"graphQLBody\":\"\",\"rawBody\":{\"body\":\"\",\"type\":\"JSON\"},\"type\":\"NONE\",\"xwwwFormUrlEncodedBody\":[]}',0),('ac9b76ccfbd045d8810e62c65a594b5c',2,'2024-05-17 20:40:20','2024-05-17 20:40:30',NULL,'ed584df013514a86b7ec42dd52c12cca','ccf44c48755244bbb945b4d8c9877b63','合格证详情',0,1,'127.0.0.1:8081/certificate/detail',2,'获取合格证详情',1,'[]','[]','[]','{\"binaryBody\":\"\",\"formDataBody\":[],\"graphQLBody\":\"\",\"rawBody\":{\"body\":\"{\\n    \\\"productionId\\\": \\\"产品编号\\\",\\n    \\\"version\\\": \\\"版本号\\\"\\n}\",\"type\":\"JSON\"},\"type\":\"RAW\",\"xwwwFormUrlEncodedBody\":[]}','[]','{\"binaryBody\":\"\",\"graphQLBody\":\"\",\"rawBody\":{\"body\":\"{\\n    \\\"code\\\": \\\"相应码\\\",\\n    \\\"message\\\": \\\"消息体\\\",\\n    \\\"data\\\": \\\"合格证信息\\\"\\n}\",\"type\":\"JSON\"},\"type\":\"RAW\"}',0),('bc730dbe4a374ad89ee60adc94d3b1e7',2,'2024-03-19 01:15:33','2024-03-18 22:17:58',NULL,'43133d6dcd294fdaa9366ecf3123fa39','4550aa8ee620484dad157d039d8b6909','测试百度链接',0,1,'baidu.com',1,'测试百度链接',2,'[]','[]','[]','{\"binaryBody\":\"\",\"formDataBody\":[],\"graphQLBody\":\"\",\"rawBody\":{\"body\":\"\",\"type\":\"JSON\"},\"type\":\"FORM_DATA\",\"xwwwFormUrlEncodedBody\":[]}','[]','{\"binaryBody\":\"\",\"formDataBody\":[],\"graphQLBody\":\"\",\"rawBody\":{\"body\":\"\",\"type\":\"JSON\"},\"type\":\"NONE\",\"xwwwFormUrlEncodedBody\":[]}',0),('c232ba4109484fb88272ea7816a20a60',2,'2024-05-19 22:00:33','2024-05-19 22:00:54',NULL,'3bbb56b415d74174a2c343c35dcb8942','852cceb530414f4685685066093defe5','链上数据历史记录',0,1,'localhost:8081/chain/getHistory',2,'查询链上指定数据的历史记录',1,'[]','[]','[]','{\"binaryBody\":\"\",\"formDataBody\":[],\"graphQLBody\":\"\",\"rawBody\":{\"body\":\"{\\n    \\\"key\\\": \\\"业务数据主键索引\\\",\\n    \\\"field\\\": \\\"业务数据副键索引\\\"\\n}\",\"type\":\"JSON\"},\"type\":\"RAW\",\"xwwwFormUrlEncodedBody\":[]}','[]','{\"binaryBody\":\"\",\"graphQLBody\":\"\",\"rawBody\":{\"body\":\"{\\n    \\\"code\\\": \\\"状态响应码\\\",\\n    \\\"message\\\": \\\"消息体\\\",\\n    \\\"data\\\": \\\"业务数据历史记录\\\"\\n}\",\"type\":\"JSON\"},\"type\":\"RAW\"}',0),('d1a564cabeae4a1291487038440c8c12',3,'2024-03-18 03:44:28','2024-03-18 16:37:40','不符合规范',NULL,'4550aa8ee620484dad157d039d8b6909','测试百度链接',0,1,'baidu.com',1,'测试能否获取到百度网页',2,'[]','[]','[]','{\"binaryBody\":\"\",\"formDataBody\":[],\"graphQLBody\":\"\",\"rawBody\":{\"body\":\"\",\"type\":\"JSON\"},\"type\":\"FORM_DATA\",\"xwwwFormUrlEncodedBody\":[]}','[]','{\"binaryBody\":\"\",\"formDataBody\":[],\"graphQLBody\":\"\",\"rawBody\":{\"body\":\"\",\"type\":\"JSON\"},\"type\":\"NONE\",\"xwwwFormUrlEncodedBody\":[]}',0),('d7d2932eec6646aca625fb0a1a6d8a54',2,'2024-05-19 21:58:45','2024-05-19 22:00:57',NULL,'30e06ca070e1485f86d622c7f07313c1','852cceb530414f4685685066093defe5','查询链上数据',0,1,'localhost:8081/getState',2,'查询链上数据',2,'[]','[]','[]','{\"binaryBody\":\"\",\"formDataBody\":[],\"graphQLBody\":\"\",\"rawBody\":{\"body\":\"{\\n    \\\"key\\\": \\\"业务数据主键索引(可选1)\\\",\\n    \\\"field\\\": \\\"业务数据副键索引(可选2)\\\",\\n    \\\"txId\\\": \\\"指定交易号(可选2)\\\"\\n}\",\"type\":\"JSON\"},\"type\":\"RAW\",\"xwwwFormUrlEncodedBody\":[]}','[]','{\"binaryBody\":\"\",\"graphQLBody\":\"\",\"rawBody\":{\"body\":\"{\\n    \\\"code\\\": \\\"状态响应码\\\",\\n    \\\"message\\\": \\\"消息体\\\",\\n    \\\"data\\\": \\\"业务数据\\\"\\n}\",\"type\":\"JSON\"},\"type\":\"RAW\"}',0),('d7d930c1e9bc4e05bbb5ace708918c2a',2,'2024-05-17 20:26:43','2024-05-17 20:27:57',NULL,'024359e59e154a93b5002ada986d3001','ccf44c48755244bbb945b4d8c9877b63','合格证历史记录',0,1,'127.0.0.1:8081/certificate/history',2,'查询合格证历史记录',1,'[]','[]','[]','{\"binaryBody\":\"\",\"formDataBody\":[],\"graphQLBody\":\"\",\"rawBody\":{\"body\":\"{\\n    \\\"productionId\\\": \\\"产品编号\\\"\\n}\",\"type\":\"JSON\"},\"type\":\"RAW\",\"xwwwFormUrlEncodedBody\":[]}','[]','{\"binaryBody\":\"\",\"graphQLBody\":\"\",\"rawBody\":{\"body\":\"{\\n    \\\"code\\\": \\\"响应码\\\",\\n    \\\"message\\\": \\\"消息体\\\",\\n    \\\"data\\\": \\\"历史记录\\\"\\n}\",\"type\":\"JSON\"},\"type\":\"RAW\"}',0),('e90b6a006c1445868a328eb7abe11bf5',2,'2024-05-17 16:45:48','2024-05-17 16:45:58',NULL,'3e46815ca639400280f6f87e34ac1847','ccf44c48755244bbb945b4d8c9877b63','测试百度Https',0,2,'baidu.com',1,'测试https百度',1,'[]','[]','[]','{\"binaryBody\":\"\",\"formDataBody\":[],\"graphQLBody\":\"\",\"rawBody\":{\"body\":\"\",\"type\":\"JSON\"},\"type\":\"FORM_DATA\",\"xwwwFormUrlEncodedBody\":[]}','[]','{\"binaryBody\":\"\",\"graphQLBody\":\"\",\"rawBody\":{\"body\":\"\",\"type\":\"JSON\"},\"type\":\"NONE\"}',0);
/*!40000 ALTER TABLE `api_register` ENABLE KEYS */;
UNLOCK TABLES;

--
-- Table structure for table `certificate`
--

DROP TABLE IF EXISTS `certificate`;
/*!40101 SET @saved_cs_client     = @@character_set_client */;
/*!50503 SET character_set_client = utf8mb4 */;
CREATE TABLE `certificate` (
  `id` varchar(32) NOT NULL,
  `version` varchar(32) NOT NULL,
  `type` varchar(1024) NOT NULL,
  `production_unit` varchar(1024) NOT NULL,
  `production_date` datetime NOT NULL,
  `check_standard` varchar(1024) NOT NULL,
  `check_user` varchar(1024) NOT NULL,
  `check_date` datetime NOT NULL,
  `status` tinyint NOT NULL,
  `part_list` varchar(1024) NOT NULL,
  PRIMARY KEY (`id`)
) ENGINE=InnoDB DEFAULT CHARSET=utf8mb4 COLLATE=utf8mb4_0900_ai_ci;
/*!40101 SET character_set_client = @saved_cs_client */;

--
-- Dumping data for table `certificate`
--

LOCK TABLES `certificate` WRITE;
/*!40000 ALTER TABLE `certificate` DISABLE KEYS */;
/*!40000 ALTER TABLE `certificate` ENABLE KEYS */;
UNLOCK TABLES;

--
-- Table structure for table `organization`
--

DROP TABLE IF EXISTS `organization`;
/*!40101 SET @saved_cs_client     = @@character_set_client */;
/*!50503 SET character_set_client = utf8mb4 */;
CREATE TABLE `organization` (
  `id` varchar(32) COLLATE utf8mb4_general_ci NOT NULL,
  `name` varchar(32) COLLATE utf8mb4_general_ci NOT NULL,
  `type` tinyint DEFAULT NULL,
  `telephone` varchar(32) COLLATE utf8mb4_general_ci NOT NULL,
  `email` varchar(32) COLLATE utf8mb4_general_ci NOT NULL,
  `city` varchar(32) COLLATE utf8mb4_general_ci NOT NULL,
  `address` varchar(128) COLLATE utf8mb4_general_ci NOT NULL,
  `introduction` varchar(1024) COLLATE utf8mb4_general_ci DEFAULT NULL,
  `superior_id` varchar(32) COLLATE utf8mb4_general_ci DEFAULT NULL,
  `creation_time` datetime NOT NULL,
  `registration_time` datetime NOT NULL,
  `last_modified` datetime NOT NULL,
  `version` varchar(32) COLLATE utf8mb4_general_ci DEFAULT NULL,
  `logo` varchar(1024) COLLATE utf8mb4_general_ci DEFAULT NULL,
  `file` varchar(1024) COLLATE utf8mb4_general_ci DEFAULT NULL,
  `is_delete` tinyint DEFAULT NULL,
  PRIMARY KEY (`id`),
  UNIQUE KEY `name` (`name`),
  KEY `superior_id` (`superior_id`),
  CONSTRAINT `organization_ibfk_1` FOREIGN KEY (`superior_id`) REFERENCES `organization` (`id`)
) ENGINE=InnoDB DEFAULT CHARSET=utf8mb4 COLLATE=utf8mb4_general_ci;
/*!40101 SET character_set_client = @saved_cs_client */;

--
-- Dumping data for table `organization`
--

LOCK TABLES `organization` WRITE;
/*!40000 ALTER TABLE `organization` DISABLE KEYS */;
INSERT INTO `organization` VALUES ('3496215870f64700b7ab5d813adb2a53','1',1,'18056664507','461556974@qq.com','11,1101,110101','1','1','e675a62fa8f24e9ebc0cff4e1a1634c5','2024-05-06 00:00:00','2024-05-06 22:07:31','2024-05-06 22:07:31',NULL,'organization/3496215870f64700b7ab5d813adb2a53/687b0f3a31097ee3f70bd5935a68c37a.jpg','organization/3496215870f64700b7ab5d813adb2a53/eb429ce554ac4ede2bc6e76e10e0c92b.zip',0),('531272ad1f1f48629e080d6ee7146a92','0508',1,'18056664507','461556974@qq.com','11,1101,110101','1','1','e675a62fa8f24e9ebc0cff4e1a1634c5','2024-05-08 00:00:00','2024-05-08 14:48:43','2024-05-08 14:48:43',NULL,'organization/531272ad1f1f48629e080d6ee7146a92/687b0f3a31097ee3f70bd5935a68c37a.jpg','organization/531272ad1f1f48629e080d6ee7146a92/eb429ce554ac4ede2bc6e76e10e0c92b.zip',0),('6b4da388e02e499ba76a98a3b5796194','0506',1,'18056664507','461556974@qq.com','11,1101,110101','1','1','e675a62fa8f24e9ebc0cff4e1a1634c5','2024-05-06 00:00:00','2024-05-06 21:46:53','2024-05-06 21:46:53',NULL,'organization/6b4da388e02e499ba76a98a3b5796194/687b0f3a31097ee3f70bd5935a68c37a.jpg','organization/6b4da388e02e499ba76a98a3b5796194/eb429ce554ac4ede2bc6e76e10e0c92b.zip',0),('a0c7b2b7e3564e70b6f4f80ef42b9b24','北京航空航天大学计算机学院',3,'010-82313267','scse@buaa.edu.cn','11,1101,110108','北京市海淀区学院路37号','北京航空航天大学1958年建立计算机专业，1978年成立计算机科学与工程系，2002年组建计算机学院，至今已走过了六十年的发展历程。计算机专业的发展是随着国家需求和大时代政策背景而发展的，是各级领导关心和大力支持的结果，更凝结了北航几代计算机人团结奋斗所付出的心血和汗水。经历了充满激情、艰苦奋斗的创业建设阶段，勇于开拓、协调发展的持续提高阶段，敢为人先、不断进取的全面发展阶段和凝心聚力、勇攀高峰的全面提高阶段，取得了一个又一个辉煌的业绩，为国家培养了一批又一批计算机专业人才，始终走在我国计算机高等教育与科学研究的前列，1998年计算机科学与技术成为国家一级学科，在2006年教育部组织的计算机一级学科评估中排名第三，2007年获首批计算机一级国家重点学科（7家单位之一），2011年软件工程成为国家一级学科，2012年全国一级学科评估中，计算机科学与技术、软件工程两个一级学科全国高校排名均第4；2017年全国一级学科评估中，计算机科学与技术评估结果为A、软件工程评估结果为A+。2017年计算机科学与技术、软件工程获批国家“双一流”建设学科。\n计算机学院现有教职工163人，其中中国科学院院士2人，中国工程院院士1人，英国皇家学会院士1人，教授52人，副教授56人，具有1年以上海外留学经历的比例为57.9%。形成了一支以两院院士与国际著名专家为学科带头人、以年富力强的中青年知名学者为骨干、学术造诣深、团结协作并且年龄结构合理的师资队伍。\n目前学院建有2个国家重点实验室，１个国家工程实验室，1个国家工程技术中心，１个国家级国际科技合作基地、6个省部级重点实验室、1个高精尖创新中心等高水平研究基地，逐步形成了计算机科学与智能技术、数据科学与软件工程两大优势学科群，以及虚拟现实与增强现实、未来网络与信息安全、可视计算与人机智能、新型体系结构与计算系统、大数据科学与认知计算、安全可靠系统工程、群体软件与智能系统、超大规模系统与软件理论等一批优势特色及前沿交叉研究方向。','e675a62fa8f24e9ebc0cff4e1a1634c5','1978-07-01 00:00:00','2024-03-14 18:08:59','2024-03-14 17:50:14',NULL,'organization/56745b7fd0cc4e32840a96cade011a03.jpeg','organization/5bb2c530b91a456ea88083b769a2514c.zip',0),('d5e289dfc5ff4f97ae5fda10f27936d5','清华大学',3,'13915558435','1843781563@qq.com','11,1101,110108','中国北京市海淀区蓝旗营双清路30号','清华大学拥有百年历史，所在地清华园原为清康熙帝皇三子胤祉园林（熙春园）。1909年，清政府用美国退还的部分庚子赔款建立留美预备学校“游美学务处”及附设“肄业馆”。1911年，改肄业馆为“清华学堂”，不久易名“清华学校”。1925年始设大学部。1928年，南京国民政府接管并建立“国立清华大学”。1937年抗日战争爆发后，清华与北大、南开三校南迁组建国立长沙临时大学，1938年迁至昆明，易名国立西南联合大学。1946年，迁回清华园复校。1948年，国立清华大学校舍为中国人民解放军接收，次年改为“清华大学”；国立清华大学则于1956年在台复校。\n1952年，中华人民共和国全国高校院系调整中，清华由全科性综合大学转为多科性工业大学，被誉为“工程师的摇篮”。文革期间，红卫兵运动从清华附中萌生，清华“井冈山”兵团联合各高校掀起文革群众运动浪潮，并因内部分歧引发北京最严重武斗。改革开放后，清华大学逐步恢复理科、人文社科、经济管理类学科，先后制定实施“211工程”“九五”“985工程”和“十五”规划，确定了“建设世界一流大学”的目标。百年校庆之后，制定“双一流”建设方案。','feb15885025d4b8590928d55d9083140','1911-01-01 00:00:00','2024-03-26 01:33:35','2024-03-26 01:33:35',NULL,'organization/d5e289dfc5ff4f97ae5fda10f27936d5/c2b8cefdf66036f009cfe6d53904105f.png','organization/d5e289dfc5ff4f97ae5fda10f27936d5/7e6a91659f645109dfcd40f574bd5737.zip',0),('e2b05de6bf6b4fbea877db713d4d5e70','test0506',1,'18056664507','461556974@qq.com','11,1101,110101','addressTest','introTest','e675a62fa8f24e9ebc0cff4e1a1634c5','2024-05-06 00:00:00','2024-05-06 20:19:55','2024-05-06 21:51:42',NULL,'organization/e2b05de6bf6b4fbea877db713d4d5e70/7d35fc8c0d91f060e1ebd9d0573f0763.jpg','organization/e2b05de6bf6b4fbea877db713d4d5e70/eb429ce554ac4ede2bc6e76e10e0c92b.zip',0),('e675a62fa8f24e9ebc0cff4e1a1634c5','北京航空航天大学',3,'0106176562','support@buaa.edu.cn','11,1101,110108','学院路37号','北京航空航天大学，位于首都北京市，是中华人民共和国工业和信息化部直属的全国重点大学，中央直管高校， 位列国家“双一流”、“985工程”、“211工程”重点建设高校，入选珠峰计划、2011计划、111计划、卓越工程师教育培养计划、国家建设高水平大学公派研究生项目、中国政府奖学金来华留学生接收院校、国家级新工科研究与实践项目、国家级大学生创新创业训练计划、国家大学生创新性实验计划、全国深化创新创业教育改革示范高校、强基计划试点高校，为国际宇航联合会、中欧精英大学联盟、中国-西班牙大学联盟、中俄工科大学联盟、中国高校行星科学联盟、中国人工智能教育联席会、全国高等军工院校课程思政联盟、W3C组织成员。 学校创建于1952年，时名北京航空学院，由当时的北洋大学、清华大学、厦门大学、四川大学、重庆大学等八所院校的航空系合并组建，1959年学校被国家指定为全国重点高校，1988年4月2日改名为北京航空航天大学。2017年入选“世界一流大学和一流学科”建设高校A类名单。截至2024年1月，学校有学院路校区、沙河校区、杭州国际校园总占地约4000亩；设有35个二级学院，开设78个本科专业；拥有26个博士后科研流动站，33个博士学位授权一级学科点，36个硕士学位授权一级学科点；有教职工总数6150人，其中专任教师3097人；在校生39666人，其中本科生16346人、研究生22198人、留学生1122人。','feb15885025d4b8590928d55d9083140','1952-10-25 00:00:00','2024-03-07 20:08:58','2024-05-17 16:35:05','5df03b1cc9e443f28547e04232fcdaa3','organization/e675a62fa8f24e9ebc0cff4e1a1634c5/bcda6968d8f6600c0b8195cd59008bf5.jpg','organization/e675a62fa8f24e9ebc0cff4e1a1634c5/7e6a91659f645109dfcd40f574bd5737.zip',0),('feb15885025d4b8590928d55d9083140','数据资源可信共享平台',1,'13915558435','1843781563@qq.com','11,1101,110108','学院路37号','我们致力于建立一个安全、高效的平台，帮助用户实现数据的可信共享。我们的平台提供了一个可靠的环境，使用户能够安全地共享和访问敏感数据，同时保护数据的隐私和安全。通过我们的平台，您可以与合作伙伴、研究机构和其他利益相关者共享数据，促进创新和合作。我们采用先进的技术和严格的安全措施来保护数据的完整性和机密性，并确保数据在传输和存储过程中得到适当的加密和权限控制。我们的平台还提供灵活的数据管理工具和分析功能，帮助用户探索和利用数据的潜力。无论您是企业、研究机构还是政府部门，我们的数据资源可信共享平台将为您提供一个可靠的合作平台，帮助您实现数据驱动的决策和创新。加入我们的平台，共享可信数据，推动您的业务和项目取得更大的成功！',NULL,'2024-03-05 00:00:00','2024-03-05 17:14:15','2024-03-29 16:07:11','e185479ade4d43e9a1862b96c534302c','organization/feb15885025d4b8590928d55d9083140/d88f0abc10dd17150780fa4fd87a9dd0.png','organization/6c20c077982f4a66b5805c3da10a1639.zip',0);
/*!40000 ALTER TABLE `organization` ENABLE KEYS */;
UNLOCK TABLES;

--
-- Table structure for table `organization_register`
--

DROP TABLE IF EXISTS `organization_register`;
/*!40101 SET @saved_cs_client     = @@character_set_client */;
/*!50503 SET character_set_client = utf8mb4 */;
CREATE TABLE `organization_register` (
  `apply_id` varchar(32) COLLATE utf8mb4_general_ci NOT NULL,
  `apply_status` tinyint DEFAULT NULL,
  `apply_time` datetime NOT NULL,
  `reply_time` datetime DEFAULT NULL,
  `reply_reason` varchar(1024) COLLATE utf8mb4_general_ci DEFAULT NULL,
  `id` varchar(32) COLLATE utf8mb4_general_ci DEFAULT NULL,
  `name` varchar(32) COLLATE utf8mb4_general_ci NOT NULL,
  `type` tinyint DEFAULT NULL,
  `telephone` varchar(32) COLLATE utf8mb4_general_ci NOT NULL,
  `email` varchar(32) COLLATE utf8mb4_general_ci NOT NULL,
  `city` varchar(32) COLLATE utf8mb4_general_ci NOT NULL,
  `address` varchar(128) COLLATE utf8mb4_general_ci NOT NULL,
  `introduction` varchar(1024) COLLATE utf8mb4_general_ci DEFAULT NULL,
  `superior_id` varchar(32) COLLATE utf8mb4_general_ci DEFAULT NULL,
  `creation_time` datetime NOT NULL,
  `logo` varchar(1024) COLLATE utf8mb4_general_ci DEFAULT NULL,
  `file` varchar(1024) COLLATE utf8mb4_general_ci DEFAULT NULL,
  `is_delete` tinyint DEFAULT NULL,
  PRIMARY KEY (`apply_id`),
  UNIQUE KEY `name` (`name`),
  KEY `id` (`id`),
  CONSTRAINT `organization_register_ibfk_1` FOREIGN KEY (`id`) REFERENCES `organization` (`id`)
) ENGINE=InnoDB DEFAULT CHARSET=utf8mb4 COLLATE=utf8mb4_general_ci;
/*!40101 SET character_set_client = @saved_cs_client */;

--
-- Dumping data for table `organization_register`
--

LOCK TABLES `organization_register` WRITE;
/*!40000 ALTER TABLE `organization_register` DISABLE KEYS */;
INSERT INTO `organization_register` VALUES ('0a2896f9e182453f9ed56a0982f80e97',2,'2024-03-07 16:39:32','2024-03-07 19:38:58',NULL,'e675a62fa8f24e9ebc0cff4e1a1634c5','北京航空航天大学',3,'0106176562','support@buaa.edu.cn','11,1101,110108','北京市海淀区学院路37号','北京航空航天大学（Beihang University）简称“北航”，位于首都北京市，是中华人民共和国工业和信息化部直属的全国重点大学，中央直管高校， 位列国家“双一流”、“985工程”、“211工程”重点建设高校，入选珠峰计划、2011计划、111计划、卓越工程师教育培养计划、国家建设高水平大学公派研究生项目、中国政府奖学金来华留学生接收院校、国家级新工科研究与实践项目、国家级大学生创新创业训练计划、国家大学生创新性实验计划、全国深化创新创业教育改革示范高校、强基计划试点高校，为国际宇航联合会、中欧精英大学联盟、中国-西班牙大学联盟、中俄工科大学联盟、中国高校行星科学联盟、中国人工智能教育联席会、全国高等军工院校课程思政联盟、W3C组织成员。','feb15885025d4b8590928d55d9083140','1952-10-25 00:00:00','tmp/5e87c537c4b2403bb2247d8cac035bc9.jpg','tmp/333352dd75a641ec8b99c0fb333e74a9.zip',0),('2a73f6b67be941f88f1314170df73dd7',2,'2024-05-06 21:45:57','2024-05-06 21:46:54',NULL,'6b4da388e02e499ba76a98a3b5796194','0506',1,'18056664507','461556974@qq.com','11,1101,110101','1','1','e675a62fa8f24e9ebc0cff4e1a1634c5','2024-05-06 00:00:00','organization_register/null/687b0f3a31097ee3f70bd5935a68c37a.jpg','organization_register/null/eb429ce554ac4ede2bc6e76e10e0c92b.zip',0),('2c64c99bdd1a48768d036a330a7458a6',2,'2024-05-06 22:06:54','2024-05-06 22:07:32',NULL,'3496215870f64700b7ab5d813adb2a53','1',1,'18056664507','461556974@qq.com','11,1101,110101','1','1','e675a62fa8f24e9ebc0cff4e1a1634c5','2024-05-06 00:00:00','organization_register/null/687b0f3a31097ee3f70bd5935a68c37a.jpg','organization_register/null/eb429ce554ac4ede2bc6e76e10e0c92b.zip',0),('42b6829c183a4714a5d93cd2491a2b95',2,'2024-03-26 01:33:10','2024-03-26 01:33:35',NULL,'d5e289dfc5ff4f97ae5fda10f27936d5','清华大学',3,'13915558435','1843781563@qq.com','11,1101,110108','中国北京市海淀区蓝旗营双清路30号','清华大学拥有百年历史，所在地清华园原为清康熙帝皇三子胤祉园林（熙春园）。1909年，清政府用美国退还的部分庚子赔款建立留美预备学校“游美学务处”及附设“肄业馆”。1911年，改肄业馆为“清华学堂”，不久易名“清华学校”。1925年始设大学部。1928年，南京国民政府接管并建立“国立清华大学”。1937年抗日战争爆发后，清华与北大、南开三校南迁组建国立长沙临时大学，1938年迁至昆明，易名国立西南联合大学。1946年，迁回清华园复校。1948年，国立清华大学校舍为中国人民解放军接收，次年改为“清华大学”；国立清华大学则于1956年在台复校。\n1952年，中华人民共和国全国高校院系调整中，清华由全科性综合大学转为多科性工业大学，被誉为“工程师的摇篮”。文革期间，红卫兵运动从清华附中萌生，清华“井冈山”兵团联合各高校掀起文革群众运动浪潮，并因内部分歧引发北京最严重武斗。改革开放后，清华大学逐步恢复理科、人文社科、经济管理类学科，先后制定实施“211工程”“九五”“985工程”和“十五”规划，确定了“建设世界一流大学”的目标。百年校庆之后，制定“双一流”建设方案。','feb15885025d4b8590928d55d9083140','1911-01-01 00:00:00','organization_register/null/c2b8cefdf66036f009cfe6d53904105f.png','organization_register/null/7e6a91659f645109dfcd40f574bd5737.zip',0),('62036faacfd640cc9589eb6f66e37e8b',2,'2024-05-06 20:13:32','2024-05-06 20:19:56',NULL,'e2b05de6bf6b4fbea877db713d4d5e70','test0506',1,'18056664507','461556974@qq.com','11,1101,110101','addressTest','introTest','e675a62fa8f24e9ebc0cff4e1a1634c5','2024-05-06 00:00:00','organization_register/null/687b0f3a31097ee3f70bd5935a68c37a.jpg','organization_register/null/eb429ce554ac4ede2bc6e76e10e0c92b.zip',0),('6613652265d44c9e93305f29c4333b84',2,'2024-05-08 14:48:27','2024-05-08 14:48:44',NULL,'531272ad1f1f48629e080d6ee7146a92','0508',1,'18056664507','461556974@qq.com','11,1101,110101','1','1','e675a62fa8f24e9ebc0cff4e1a1634c5','2024-05-08 00:00:00','organization_register/null/687b0f3a31097ee3f70bd5935a68c37a.jpg','organization_register/null/eb429ce554ac4ede2bc6e76e10e0c92b.zip',0),('d4a94a4623ab4ef6ac931d4a076604a5',2,'2024-03-14 17:25:14','2024-03-14 17:41:59',NULL,'a0c7b2b7e3564e70b6f4f80ef42b9b24','北京航空航天大学计算机学院',3,'010-82313267','scse@buaa.edu.cn','11,1101,110108','北京市海淀区学院路37号','北京航空航天大学1958年建立计算机专业，1978年成立计算机科学与工程系，2002年组建计算机学院，至今已走过了六十年的发展历程。计算机专业的发展是随着国家需求和大时代政策背景而发展的，是各级领导关心和大力支持的结果，更凝结了北航几代计算机人团结奋斗所付出的心血和汗水。经历了充满激情、艰苦奋斗的创业建设阶段，勇于开拓、协调发展的持续提高阶段，敢为人先、不断进取的全面发展阶段和凝心聚力、勇攀高峰的全面提高阶段，取得了一个又一个辉煌的业绩，为国家培养了一批又一批计算机专业人才，始终走在我国计算机高等教育与科学研究的前列，1998年计算机科学与技术成为国家一级学科，在2006年教育部组织的计算机一级学科评估中排名第三，2007年获首批计算机一级国家重点学科（7家单位之一），2011年软件工程成为国家一级学科，2012年全国一级学科评估中，计算机科学与技术、软件工程两个一级学科全国高校排名均第4；2017年全国一级学科评估中，计算机科学与技术评估结果为A、软件工程评估结果为A+。2017年计算机科学与技术、软件工程获批国家“双一流”建设学科。\n\n计算机学院现有教职工163人，其中中国科学院院士2人，中国工程院院士1人，英国皇家学会院士1人，教授52人，副教授56人，具有1年以上海外留学经历的比例为57.9%。形成了一支以两院院士与国际著名专家为学科带头人、以年富力强的中青年知名学者为骨干、学术造诣深、团结协作并且年龄结构合理的师资队伍。\n\n目前学院建有2个国家重点实验室，１个国家工程实验室，1个国家工程技术中心，１个国家级国际科技合作基地、6个省部级重点实验室、1个高精尖创新中心等高水平研究基地，逐步形成了计算机科学与智能技术、数据科学与软件工程两大优势学科群，以及虚拟现实与增强现实、未来网络与信息安全、可视计算与人机智能、新型体系结构与计算系统、大数据科学与认知计算、安全可靠系统工程、群体软件与智能系统、超大规模系统与软件理论等一批优势特色及前沿交叉研究方向。','e675a62fa8f24e9ebc0cff4e1a1634c5','1978-07-01 00:00:00','tmp/56745b7fd0cc4e32840a96cade011a03.jpeg','tmp/5bb2c530b91a456ea88083b769a2514c.zip',0),('eafc2cc2cfda4f07a5a97fe78cb5ee1d',3,'2024-03-07 21:10:29','2024-03-07 19:54:03','证明文件要求不符合规定',NULL,'北京大学',3,'1062751201','support@pku.edu.cn','11,1101,110108','北京市海淀区颐和园路5号','北京大学（英语：Peking University，缩写：PKU），简称北大，创建于1898年，初名京师大学堂，成立之初为中国最高学府，同时也是国家最高教育行政机关，行使教育部职能，统管全国教育。中华民国建立后，校名改为北京大学校，后又改名为国立北京大学。1916年—1927年，蔡元培任北京大学校长时期，“循思想自由原则、取兼容并包之义”，推行改革，把北大办成以文、理两科为重点的综合性大学，使北京大学成为新文化运动和五四运动的策源地。1937年中华民国政府在平津作战失守北平后，北大与清华、南开迁昆明组建新的国立西南联合大学，留守北京的学者于1939-1945年在北京成立沦陷区北京大学招收留守北京的贫寒学生，1946年北京大学由昆明回迁北平，接收了沦陷区北大学生。1952年院系调整后，北京大学聚集了原北大、清华、燕大三校的自然科学、人文学者，奠定了北大文理学科在中国高校中长期领先的地位。2000年，北京医科大学并入北京大学，成为北京大学医学部。','feb15885025d4b8590928d55d9083140','1989-06-11 00:00:00','tmp/96fe8379432d4d298d23c1900c193cdf.png','tmp/e61a7bc913b349c794ad631c6aae7c25.zip',0);
/*!40000 ALTER TABLE `organization_register` ENABLE KEYS */;
UNLOCK TABLES;

--
-- Table structure for table `transaction`
--

DROP TABLE IF EXISTS `transaction`;
/*!40101 SET @saved_cs_client     = @@character_set_client */;
/*!50503 SET character_set_client = utf8mb4 */;
CREATE TABLE `transaction` (
  `id` varchar(32) COLLATE utf8mb4_general_ci NOT NULL,
  `wallet_id` varchar(32) COLLATE utf8mb4_general_ci NOT NULL,
  `tx_id` varchar(32) COLLATE utf8mb4_general_ci NOT NULL,
  `amount` double NOT NULL,
  `balance` double NOT NULL,
  `balance_type` tinyint NOT NULL,
  `method` tinyint NOT NULL,
  `channel` tinyint NOT NULL,
  `comment` varchar(1024) COLLATE utf8mb4_general_ci DEFAULT NULL,
  `time` datetime NOT NULL,
  `is_delete` tinyint DEFAULT NULL,
  PRIMARY KEY (`id`),
  KEY `wallet_id` (`wallet_id`),
  KEY `tx_id` (`tx_id`),
  CONSTRAINT `transaction_ibfk_1` FOREIGN KEY (`wallet_id`) REFERENCES `wallet` (`id`)
) ENGINE=InnoDB DEFAULT CHARSET=utf8mb4 COLLATE=utf8mb4_general_ci;
/*!40101 SET character_set_client = @saved_cs_client */;

--
-- Dumping data for table `transaction`
--

LOCK TABLES `transaction` WRITE;
/*!40000 ALTER TABLE `transaction` DISABLE KEYS */;
INSERT INTO `transaction` VALUES ('00235d0554264f67bf2eb042b23b82c4','4161cba1958c42f484b7e31dd32bd9a8','6e9d16f6c661450aa55c98287030aa40',0,10,1,6,3,NULL,'2024-05-17 17:54:49',0),('00ea3e99bbf94e988ae5e73cbc716a29','4161cba1958c42f484b7e31dd32bd9a8','8618679f48f7410f9c70605c4ab806bc',0,10,2,5,3,NULL,'2024-05-19 17:47:39',0),('016fbb5542cd4311a9d7ab43109bb408','4161cba1958c42f484b7e31dd32bd9a8','db152d6d94a14d38b05d896e0fd8ece6',0,10,2,5,3,NULL,'2024-05-19 23:19:08',0),('02b8bef0ed3f49b7adf551adeb0df7ec','4161cba1958c42f484b7e31dd32bd9a8','af350bb631f045258c679ee97844c119',0,10,2,5,3,NULL,'2024-05-19 22:54:10',0),('030b27763c9446e3bd4f3d3ed1fe4c82','4161cba1958c42f484b7e31dd32bd9a8','24d74dd4bbaa4cab9729388ed53c51ad',0,10,2,5,3,NULL,'2024-05-19 23:42:33',0),('03330c6d7f4947f0a2a21e0ced0fe730','4161cba1958c42f484b7e31dd32bd9a8','3bd2a353ecb741169f3e6f01d300caef',10,10,1,1,1,NULL,'2024-05-06 20:25:07',0),('064a9a6bdc72414a822b87cdd1fb7677','4161cba1958c42f484b7e31dd32bd9a8','37b8f6f3c2124037b6dd584a193d20e3',0,10,2,5,3,NULL,'2024-05-19 23:33:19',0),('07cd71ab582243c1a86af805349910ce','b452eda80e084692b47ca915634b8f84','26c85817518c41b490e5d959e1fa4c17',10,10,1,1,1,NULL,'2024-03-27 06:06:50',0),('09267ee17b1f4ee1997144818051986a','4161cba1958c42f484b7e31dd32bd9a8','2b45538dc7574eeb8039ab23a8e8e31f',0,10,2,5,3,NULL,'2024-05-19 23:11:05',0),('0bb54163aa064795810788e623050017','4161cba1958c42f484b7e31dd32bd9a8','901788bae04e4c2bb32667ae374f7f1e',0,10,2,5,3,NULL,'2024-05-19 23:33:23',0),('0bf4e6feca3b49a8b5b568b50578d7ed','4161cba1958c42f484b7e31dd32bd9a8','952272895e7d4027aeff27921809cd5b',0,10,2,5,3,NULL,'2024-05-17 20:30:31',0),('0e288e8a633c4199ab51edfb309f5a6a','4161cba1958c42f484b7e31dd32bd9a8','e826d664fcc4461d865d8cabc48a7516',0,10,2,5,3,NULL,'2024-05-19 23:21:59',0),('0e945a8645584efe83fef603a74711da','4161cba1958c42f484b7e31dd32bd9a8','19b636be542841db8a97d3c759897e6a',0,10,1,6,3,NULL,'2024-05-17 20:43:00',0),('0e98a3ab69fd467aa911e1d2779fc018','4161cba1958c42f484b7e31dd32bd9a8','d0a18db991024416a6f2c1abcbe12d0f',0,10,1,6,3,NULL,'2024-05-17 20:22:03',0),('15c7cabb1b8342059fb3cec2b6d1001d','f6889619686945dd979dacc7704a41d6','8244972f172e40e399d57037f217e6b6',0,0,1,6,3,NULL,'2024-05-19 23:35:13',0),('1824218ca2ec44469bd8618ac2430ec7','b452eda80e084692b47ca915634b8f84','ac8caddf11a4481eac78c11d2206dabd',10,545,1,6,3,NULL,'2024-03-29 11:12:12',0),('196ed6e9fb734ca1befd7f27fa48b07c','f6889619686945dd979dacc7704a41d6','d072b73a11dd4eacb2d727d80f0f9f10',0,0,1,6,3,NULL,'2024-05-19 23:08:40',0),('1bb2ab90cadf47e6ae0e6f8776befe88','4161cba1958c42f484b7e31dd32bd9a8','aafba2470b7a42f9b4a1479c64c00318',0,10,2,5,3,NULL,'2024-05-19 23:18:45',0),('1c797613364946eb993120098d718c6a','4161cba1958c42f484b7e31dd32bd9a8','acdf29e024ec484bbdd0cb09edc9d0a3',0,10,2,5,3,NULL,'2024-05-19 22:49:42',0),('1c88c55585e245c3880b4a31c11da624','b3c70e3d58ae4968a1849f46045ad9b8','f02f12889ab44425ba8fe6cde862c11e',10,390,2,5,3,NULL,'2024-03-27 06:08:36',0),('1cb9089bdbc549daa85b640eda7e0a0c','f6889619686945dd979dacc7704a41d6','af350bb631f045258c679ee97844c119',0,0,1,6,3,NULL,'2024-05-19 22:54:10',0),('1f23146704b74551aa19c7662929743f','4161cba1958c42f484b7e31dd32bd9a8','d072b73a11dd4eacb2d727d80f0f9f10',0,10,2,5,3,NULL,'2024-05-19 23:08:40',0),('1f3ec3ed9c54491b93ffdba62f90e00f','f6889619686945dd979dacc7704a41d6','aafba2470b7a42f9b4a1479c64c00318',0,0,1,6,3,NULL,'2024-05-19 23:18:45',0),('2162d1b076f0445f8d1ce3c625bcc52e','f6889619686945dd979dacc7704a41d6','038dfc8387104bf1bd39e05e22113dbb',0,0,1,6,3,NULL,'2024-05-19 22:45:42',0),('21d1e368ecac415fb863441e24e298fd','4161cba1958c42f484b7e31dd32bd9a8','f119d18ea06546c9bc7ebba4e58133b8',0,10,2,5,3,NULL,'2024-05-19 22:35:47',0),('22045c5db860482e9669f07d4edb2ef7','f6889619686945dd979dacc7704a41d6','efef5811f8714b1894e82f7ed294755e',0,0,1,6,3,NULL,'2024-05-19 23:33:10',0),('23d546bb56534b8d8f0a8b06c99d3ab4','4161cba1958c42f484b7e31dd32bd9a8','8ac22c52349846c3867d240b69abd5a7',0,10,2,5,3,NULL,'2024-05-19 23:33:09',0),('27fdbf6f81954b55b9a341dea923f9d9','b452eda80e084692b47ca915634b8f84','19621636747646e496e34ca95c2f3af7',10,525,1,6,3,NULL,'2024-03-27 21:12:18',0),('28ac2e29bb814d128e9f8b33bfb02d2e','f6889619686945dd979dacc7704a41d6','573e2e0317334d8d80ed120e5fc708a9',0,0,1,6,3,NULL,'2024-05-19 23:19:28',0),('28f018600f2045ac811819693a3d6bc9','f6889619686945dd979dacc7704a41d6','306993bfac844103855441a09a1e5a49',0,0,1,6,3,NULL,'2024-05-19 22:35:18',0),('29b55839672f4447b332d204db5dd3f5','f6889619686945dd979dacc7704a41d6','d991be8a92be4f82bb442b65646dccdb',0,0,1,6,3,NULL,'2024-05-19 22:37:12',0),('2f3eb9f24d03436e8218bc8abb3bfec1','f6889619686945dd979dacc7704a41d6','b08e5f348512421ab34af723c3ffec8b',0,0,1,6,3,NULL,'2024-05-19 23:19:32',0),('331a226cf9a241af8bfa7f7aa975fcc7','f6889619686945dd979dacc7704a41d6','1c06dc20e06b4335b99d938d2d9419a4',0,0,1,6,3,NULL,'2024-05-19 23:22:07',0),('350d5df664c340c0a3662654d3dd4ecc','b3c70e3d58ae4968a1849f46045ad9b8','b15b6c9a246b41a3b4d2a83c058504b1',200,590,1,1,1,NULL,'2024-03-27 21:11:48',0),('369d1bb5d16247b1a4cad2ca888a60fc','4161cba1958c42f484b7e31dd32bd9a8','5a163985db1d4eb8ba27810a6a78e289',0,10,1,6,3,NULL,'2024-05-19 21:20:00',0),('36c01ed8597f4611be153f46bc9205af','f6889619686945dd979dacc7704a41d6','8ce1ed929d1946f183871cce4e495c61',0,0,1,6,3,NULL,'2024-05-19 23:33:04',0),('3cf70c083a03498793f666e276c21e70','f6889619686945dd979dacc7704a41d6','c4650651461444c5a173e97b9ef781c2',0,0,1,6,3,NULL,'2024-05-19 23:33:02',0),('3e97422400264077af9e9fe5d6c582f3','4161cba1958c42f484b7e31dd32bd9a8','8244972f172e40e399d57037f217e6b6',0,10,2,5,3,NULL,'2024-05-19 23:35:13',0),('3f12cc6ea1bc45eca93f1ca6e76ef176','4161cba1958c42f484b7e31dd32bd9a8','bcc63ec97b9040498b1f607902cfedcc',0,10,1,6,3,NULL,'2024-05-17 20:16:49',0),('410eb6412cfe4dbbb367c0c9c0bb067e','4161cba1958c42f484b7e31dd32bd9a8','bcc63ec97b9040498b1f607902cfedcc',0,10,2,5,3,NULL,'2024-05-17 20:16:48',0),('432b34a8df0142989419991383a3f6ae','4161cba1958c42f484b7e31dd32bd9a8','5d3dfa1443964239be04fcbad2d93bd0',0,10,2,5,3,NULL,'2024-05-19 22:14:49',0),('44f60786bc6546af8d56bfd2a8a0aafe','f6889619686945dd979dacc7704a41d6','acdf29e024ec484bbdd0cb09edc9d0a3',0,0,1,6,3,NULL,'2024-05-19 22:49:42',0),('483ba3d658b04944abe8efb5fb8b3bae','f6889619686945dd979dacc7704a41d6','1d7cd41367cb4596ac44dc6a69595cdf',0,0,1,6,3,NULL,'2024-05-19 23:22:10',0),('49c26b71ed7d467da0e90625a8e75d3f','4161cba1958c42f484b7e31dd32bd9a8','518aad90945b4227b114b616fd3bd426',0,10,2,5,3,NULL,'2024-05-19 23:19:13',0),('4a04de2135c646439fbf9a5e7e8fed3a','b452eda80e084692b47ca915634b8f84','b8d57150f71046fd96c8aea4cd429b86',200,515,1,1,1,NULL,'2024-03-27 06:21:03',0),('4b2ea1cf548b46c094d2bdca601a3b7d','4161cba1958c42f484b7e31dd32bd9a8','c6d928148350428e83c15d0e4e3caacb',0,10,1,6,3,NULL,'2024-05-17 20:43:13',0),('4d4d0899a84f4f5796c4327bfce386ae','f6889619686945dd979dacc7704a41d6','d499db4686f940efa4a8c50fd402d352',0,0,1,6,3,NULL,'2024-05-19 23:10:35',0),('4e58772de3544b62a38e400bcf45c486','f6889619686945dd979dacc7704a41d6','e826d664fcc4461d865d8cabc48a7516',0,0,1,6,3,NULL,'2024-05-19 23:22:00',0),('50958add91dd4d508c142cc487cd2ac9','4161cba1958c42f484b7e31dd32bd9a8','8ce1ed929d1946f183871cce4e495c61',0,10,2,5,3,NULL,'2024-05-19 23:33:04',0),('526bbcb492b445099c966b128da71aa7','4161cba1958c42f484b7e31dd32bd9a8','efef5811f8714b1894e82f7ed294755e',0,10,2,5,3,NULL,'2024-05-19 23:33:10',0),('56d65fb7f2614a5693568fa02c5d1b21','4161cba1958c42f484b7e31dd32bd9a8','25feb95593ef4034bed7a897ae428008',0,10,2,5,3,NULL,'2024-05-19 22:44:59',0),('591ea457279a4c4caef26124c03ffcf7','4161cba1958c42f484b7e31dd32bd9a8','f41fd1128a994841bcff3dc4e43b1f4b',0,10,2,5,3,NULL,'2024-05-19 22:43:26',0),('5a267dc3920341f4aa2b954514e55a03','4161cba1958c42f484b7e31dd32bd9a8','abeb8b0d9b8a45a180591874744f5eb9',0,10,2,5,3,NULL,'2024-05-19 23:33:07',0),('5eb89fd758394ed194488e2ed4352b24','f6889619686945dd979dacc7704a41d6','8ac22c52349846c3867d240b69abd5a7',0,0,1,6,3,NULL,'2024-05-19 23:33:09',0),('5fd62d26464c4f798a08dac4c89c5c9e','b3c70e3d58ae4968a1849f46045ad9b8','5bfeef352a7f4e57a42327efd97e8be9',10,570,2,5,3,NULL,'2024-03-27 21:25:48',0),('60461fd6228045db93b931d79a903d74','4161cba1958c42f484b7e31dd32bd9a8','1825a8a97ac84c5da63349ff5324c1ed',0,10,2,5,3,NULL,'2024-05-19 23:19:31',0),('6078b2cead21432abf3d720984b4ce4c','4161cba1958c42f484b7e31dd32bd9a8','1d7cd41367cb4596ac44dc6a69595cdf',0,10,2,5,3,NULL,'2024-05-19 23:22:10',0),('60956bf1867248c392532ecfdce30a8d','f6889619686945dd979dacc7704a41d6','f5fb3cb47ab141d6a2949db90dfaff44',0,0,1,6,3,NULL,'2024-05-19 23:16:21',0),('62c4964644f04f3886904e3d2cb6b2b4','b3c70e3d58ae4968a1849f46045ad9b8','ad3993ab8b9c42e1ae08a3e2fe9dccb4',200,400,1,1,1,NULL,'2024-03-27 06:08:22',0),('636302db23894df7aa564f35a680da36','f6889619686945dd979dacc7704a41d6','f119d18ea06546c9bc7ebba4e58133b8',0,0,1,6,3,NULL,'2024-05-19 22:35:47',0),('64d2a1b0eddb4c8c855431be49153f74','4161cba1958c42f484b7e31dd32bd9a8','573e2e0317334d8d80ed120e5fc708a9',0,10,2,5,3,NULL,'2024-05-19 23:19:28',0),('67f9286a7e564c89bf38d7843fbcb584','4161cba1958c42f484b7e31dd32bd9a8','42781e935a874a349a7889371b8d66be',0,10,2,5,3,NULL,'2024-05-19 22:14:44',0),('6893fd6e1c4c44de94a60f60702666c7','b452eda80e084692b47ca915634b8f84','f02f12889ab44425ba8fe6cde862c11e',10,115,1,6,3,NULL,'2024-03-27 06:08:36',0),('69479f3a21784f378931e39da7d4b047','f6889619686945dd979dacc7704a41d6','8c74a9969c9e4a0d803545d2ae4092e5',0,0,1,6,3,NULL,'2024-05-19 23:33:04',0),('6e7ddbcafb184648b1d166f013372cd2','4161cba1958c42f484b7e31dd32bd9a8','038dfc8387104bf1bd39e05e22113dbb',0,10,2,5,3,NULL,'2024-05-19 22:45:42',0),('6f3adf349a404046a7b8d105f44c9ad9','4161cba1958c42f484b7e31dd32bd9a8','589aeded57c74faf903a181d39debc8c',0,10,2,5,3,NULL,'2024-05-17 17:51:38',0),('729d8b35f8d241d49133ead83ee0b0bf','4161cba1958c42f484b7e31dd32bd9a8','6e9d16f6c661450aa55c98287030aa40',0,10,2,5,3,NULL,'2024-05-17 17:54:49',0),('7817e6c0b36646a0b4d81a2db97e910c','4161cba1958c42f484b7e31dd32bd9a8','f5fb3cb47ab141d6a2949db90dfaff44',0,10,2,5,3,NULL,'2024-05-19 23:16:21',0),('7ab9e7b40459438bb209f2b49e4885e1','4161cba1958c42f484b7e31dd32bd9a8','c9c89fd4d656472783ae408a2c537bf0',0,10,2,5,3,NULL,'2024-05-19 22:17:28',0),('7af178e9ee084f12ab353ddb137025c2','4161cba1958c42f484b7e31dd32bd9a8','a48452a421184ff6b5dc2752c1e2aed1',0,10,2,5,3,NULL,'2024-05-19 22:18:42',0),('7db74cdd276944e08a1320b065952b62','f6889619686945dd979dacc7704a41d6','84dfc2e3618145de8fddf99caf9568f8',0,0,1,6,3,NULL,'2024-05-19 22:25:49',0),('7f72fc93aeae4d31ba29e642dd8f78ad','4161cba1958c42f484b7e31dd32bd9a8','306993bfac844103855441a09a1e5a49',0,10,2,5,3,NULL,'2024-05-19 22:35:18',0),('7f7ef643ba254aebb9e4ab8f43e281b7','4161cba1958c42f484b7e31dd32bd9a8','68a7902a83f748948234a0b644431856',0,10,2,5,3,NULL,'2024-05-19 23:19:29',0),('7fdc32a038b84d7890ac26cef90bebfe','b3c70e3d58ae4968a1849f46045ad9b8','ba0b64295c0f41d1ba5169088e0b8d2d',10,580,1,1,1,NULL,'2024-03-29 11:11:38',0),('80a5e602034d47c1a5792404f68f3201','f6889619686945dd979dacc7704a41d6','f41fd1128a994841bcff3dc4e43b1f4b',0,0,1,6,3,NULL,'2024-05-19 22:43:27',0),('8203909d59ca405eb700441ea7eb39a4','4161cba1958c42f484b7e31dd32bd9a8','b40a38ab867e42d6b88567e1a712f02a',0,10,2,5,3,NULL,'2024-05-19 23:33:11',0),('82cda0d18faf461f9f46d3a6d86da317','f6889619686945dd979dacc7704a41d6','e92d088c950849eda35f1b76eb827505',0,0,1,6,3,NULL,'2024-05-19 23:33:07',0),('84f48a966184486a862599f69038e0c8','f6889619686945dd979dacc7704a41d6','e05fae5aed6e4093a722726c514965d0',0,0,1,6,3,NULL,'2024-05-19 23:33:17',0),('87ae4a809ce84fdfbb9fcd8e3b6b740c','f6889619686945dd979dacc7704a41d6','1600c420e9954ff9a2a6de6f7931c881',0,0,1,6,3,NULL,'2024-05-19 23:11:09',0),('8809cda57e3b497e8726dd5406f0d6d8','4161cba1958c42f484b7e31dd32bd9a8','84dfc2e3618145de8fddf99caf9568f8',0,10,2,5,3,NULL,'2024-05-19 22:25:49',0),('8836f11353a84ce1b79806ad39461c85','4161cba1958c42f484b7e31dd32bd9a8','5f899fd3648d4f119761dfa9c4716279',0,10,1,6,3,NULL,'2024-05-17 20:44:45',0),('89f55591580c494ba0db141b6ea75887','f6889619686945dd979dacc7704a41d6','5cf5a5a0499c478ab96c7d7262620131',0,0,1,6,3,NULL,'2024-05-19 23:19:12',0),('8b03d67acc8140f099c65047bdbb3360','f6889619686945dd979dacc7704a41d6','68a7902a83f748948234a0b644431856',0,0,1,6,3,NULL,'2024-05-19 23:19:29',0),('902a2a4ddb8b4e2280a95ef9e0020fb8','b452eda80e084692b47ca915634b8f84','a74b2c2927664b90833cca707f34f3ec',200,315,1,1,1,NULL,'2024-03-27 06:20:59',0),('919e4a5420ae4c89843854a44fa81cbb','4161cba1958c42f484b7e31dd32bd9a8','5cf5a5a0499c478ab96c7d7262620131',0,10,2,5,3,NULL,'2024-05-19 23:19:12',0),('91ae20d7400c4f188b3334b178b200f9','4161cba1958c42f484b7e31dd32bd9a8','2b38f8e000be41a7975f37e8a6a2b2b5',0,10,2,5,3,NULL,'2024-05-19 23:19:09',0),('948b115cb6fb48bfb3fb7ce55811b591','f6889619686945dd979dacc7704a41d6','2b45538dc7574eeb8039ab23a8e8e31f',0,0,1,6,3,NULL,'2024-05-19 23:11:05',0),('94ec3da19c2746399a4d26f859355b64','f6889619686945dd979dacc7704a41d6','eb9561d928c94afe8020cdc827f48890',0,0,1,6,3,NULL,'2024-05-19 23:35:13',0),('95431db39eb14996b612a20b1e5ee78e','4161cba1958c42f484b7e31dd32bd9a8','952272895e7d4027aeff27921809cd5b',0,10,1,6,3,NULL,'2024-05-17 20:30:32',0),('95c6bcb1dd864a60ae7d390ba29bf690','4161cba1958c42f484b7e31dd32bd9a8','7cdfc4aa84ba4571a35ce65541dab637',0,10,2,5,3,NULL,'2024-05-19 17:59:08',0),('95eb7da859ae4ea6b1b5c137e0a6e4be','4161cba1958c42f484b7e31dd32bd9a8','e05fae5aed6e4093a722726c514965d0',0,10,2,5,3,NULL,'2024-05-19 23:33:17',0),('9668bf4ff8a74d71b0213e33f35f4b32','4161cba1958c42f484b7e31dd32bd9a8','139f2a474b924f83ac8e1ae0a73c697f',10,20,1,1,1,NULL,'2024-05-20 04:51:16',0),('97c688c399c542a09f03e0343329f510','4161cba1958c42f484b7e31dd32bd9a8','589aeded57c74faf903a181d39debc8c',0,10,1,6,3,NULL,'2024-05-17 17:51:39',0),('9890bf2d716a464ebfb72831bc67b46e','4161cba1958c42f484b7e31dd32bd9a8','1600c420e9954ff9a2a6de6f7931c881',0,10,2,5,3,NULL,'2024-05-19 23:11:09',0),('9af15550a30146fc800492f9582e42ea','4161cba1958c42f484b7e31dd32bd9a8','d9e5d062d9b34a7ca2d30948ea3061a4',0,10,2,5,3,NULL,'2024-05-19 23:43:18',0),('9c467606f2ac46c788da8fe327194d10','f6889619686945dd979dacc7704a41d6','db152d6d94a14d38b05d896e0fd8ece6',0,0,1,6,3,NULL,'2024-05-19 23:19:08',0),('9cb65362fa8049e6be068e678b0d94cc','4161cba1958c42f484b7e31dd32bd9a8','e92d088c950849eda35f1b76eb827505',0,10,2,5,3,NULL,'2024-05-19 23:33:07',0),('9e3e01d0b77e4cbe8c6d8e8f436b799f','4161cba1958c42f484b7e31dd32bd9a8','446beb72bb7d450ca9593f2168bc4dbb',0,10,2,5,3,NULL,'2024-05-19 23:33:22',0),('9fc2ed69091f425c91d9d8cfc239a88c','4161cba1958c42f484b7e31dd32bd9a8','c4650651461444c5a173e97b9ef781c2',0,10,2,5,3,NULL,'2024-05-19 23:33:02',0),('a1e589e8788b4f79bb6a48f4c8d3aab1','f6889619686945dd979dacc7704a41d6','901788bae04e4c2bb32667ae374f7f1e',0,0,1,6,3,NULL,'2024-05-19 23:33:23',0),('a25426f2b33a466daaaac57a9d65db3b','4161cba1958c42f484b7e31dd32bd9a8','eb9561d928c94afe8020cdc827f48890',0,10,2,5,3,NULL,'2024-05-19 23:35:13',0),('a363b202932642e79842fb5c671436e2','4161cba1958c42f484b7e31dd32bd9a8','7f64ae4245a44024a316e3ced29d1d57',0,10,2,5,3,NULL,'2024-05-19 23:21:45',0),('a86aba83f84f402fa94ce770159e5602','4161cba1958c42f484b7e31dd32bd9a8','81acbfdb994546e29c7dd80e2ffba59e',0,10,1,6,3,NULL,'2024-05-19 17:52:57',0),('aa815e0997f4456a9e41c10ab5806667','4161cba1958c42f484b7e31dd32bd9a8','c6d928148350428e83c15d0e4e3caacb',0,10,2,5,3,NULL,'2024-05-17 20:43:13',0),('acb7a6b30d7945dba87e6a37d345ac1a','f6889619686945dd979dacc7704a41d6','94db62faa9e446db840cdf95c1ba09d0',0,0,1,6,3,NULL,'2024-05-19 23:21:48',0),('ae31a777781b4bb6a2c386fa4d6225c8','f6889619686945dd979dacc7704a41d6','0c55183acccf46e5a91a50b43f8df1cd',0,0,1,6,3,NULL,'2024-05-19 23:33:12',0),('aecef4dcb81044d896a454fa253d787f','4161cba1958c42f484b7e31dd32bd9a8','5a163985db1d4eb8ba27810a6a78e289',0,10,2,5,3,NULL,'2024-05-19 21:20:00',0),('afb5baa0283e44babecf698aae175967','4161cba1958c42f484b7e31dd32bd9a8','e26d0a5f28574faaa0ad72e4ef7b998b',0,10,2,5,3,NULL,'2024-05-19 23:22:11',0),('b0a5608eca1046b4990eaac8263083f8','4161cba1958c42f484b7e31dd32bd9a8','ac4efb11c2884df79f8f904187e251b9',0,10,2,5,3,NULL,'2024-05-19 22:39:37',0),('b4b6052f27f845a2b705c4e5ff12cb7a','4161cba1958c42f484b7e31dd32bd9a8','ffbf767b908b4870b5d23b791f49e1f0',0,10,1,6,3,NULL,'2024-05-19 17:42:48',0),('b54a01ff30cd4c999917c4d3eba6cbcc','f6889619686945dd979dacc7704a41d6','289f597e2ec54b33a54ee6edd6ef5f46',0,0,1,6,3,NULL,'2024-05-19 23:33:17',0),('b5ba256e559d461db3ba10bb85b2acbd','b3c70e3d58ae4968a1849f46045ad9b8','ac8caddf11a4481eac78c11d2206dabd',10,570,2,5,3,NULL,'2024-03-29 11:12:12',0),('b5d4bc7fd4364929b48f5fd1489982e9','f6889619686945dd979dacc7704a41d6','1825a8a97ac84c5da63349ff5324c1ed',0,0,1,6,3,NULL,'2024-05-19 23:19:31',0),('b5dcd49a993140a98fcadca13abd5ec6','f6889619686945dd979dacc7704a41d6','abeb8b0d9b8a45a180591874744f5eb9',0,0,1,6,3,NULL,'2024-05-19 23:33:07',0),('b6062a0ee53d41e8918487eedced513f','b452eda80e084692b47ca915634b8f84','5bfeef352a7f4e57a42327efd97e8be9',10,535,1,6,3,NULL,'2024-03-27 21:25:48',0),('b87ff8b7cf70487f870ea7c4b273ac29','4161cba1958c42f484b7e31dd32bd9a8','d499db4686f940efa4a8c50fd402d352',0,10,2,5,3,NULL,'2024-05-19 23:10:35',0),('ba09667e86894348a1247d3ef9ab9d51','f6889619686945dd979dacc7704a41d6','2b38f8e000be41a7975f37e8a6a2b2b5',0,0,1,6,3,NULL,'2024-05-19 23:19:09',0),('c4729da114444bdbadcb9a0c35970c47','4161cba1958c42f484b7e31dd32bd9a8','289f597e2ec54b33a54ee6edd6ef5f46',0,10,2,5,3,NULL,'2024-05-19 23:33:17',0),('c5c45777d2694351ae0bfe28ac2c165c','4161cba1958c42f484b7e31dd32bd9a8','8618679f48f7410f9c70605c4ab806bc',0,10,1,6,3,NULL,'2024-05-19 17:47:39',0),('c80881016e534809aa737966ccb63b6c','4161cba1958c42f484b7e31dd32bd9a8','0c55183acccf46e5a91a50b43f8df1cd',0,10,2,5,3,NULL,'2024-05-19 23:33:11',0),('c859809fac68438fbab40329a3ba3d49','f6889619686945dd979dacc7704a41d6','cb464f2774854a6cafa313505235a836',0,0,1,6,3,NULL,'2024-05-19 23:16:19',0),('c9c70ece5a994c78a033470ab1913b2b','4161cba1958c42f484b7e31dd32bd9a8','d991be8a92be4f82bb442b65646dccdb',0,10,2,5,3,NULL,'2024-05-19 22:37:12',0),('c9fef1b0c05147209c8d39b98d75df5d','b3c70e3d58ae4968a1849f46045ad9b8','19621636747646e496e34ca95c2f3af7',10,580,2,5,3,NULL,'2024-03-27 21:12:18',0),('cb1aa793d9c447bcb7d3f64a9ec08eac','f6889619686945dd979dacc7704a41d6','e26d0a5f28574faaa0ad72e4ef7b998b',0,0,1,6,3,NULL,'2024-05-19 23:22:11',0),('cf87bed973144641b4fe697cdd9e6290','f6889619686945dd979dacc7704a41d6','b40a38ab867e42d6b88567e1a712f02a',0,0,1,6,3,NULL,'2024-05-19 23:33:11',0),('d15e5541b7694f54adfb2c8514caebd8','b452eda80e084692b47ca915634b8f84','223d8a73f94746db99e7906bca8e9ea1',100,110,1,1,2,NULL,'2024-03-27 06:06:56',0),('d2300d9e427d4b5a8197d4152911cffd','4161cba1958c42f484b7e31dd32bd9a8','dd2ffc7f1c0b4c65bf040df0db1a0acb',0,10,2,5,3,NULL,'2024-05-19 22:16:33',0),('d402bb41bc0d4e6e80c8598eaa453d39','4161cba1958c42f484b7e31dd32bd9a8','81acbfdb994546e29c7dd80e2ffba59e',0,10,2,5,3,NULL,'2024-05-19 17:52:57',0),('d7f016535dbb4fc4a2d6d1016d3d7d95','4161cba1958c42f484b7e31dd32bd9a8','19b636be542841db8a97d3c759897e6a',0,10,2,5,3,NULL,'2024-05-17 20:43:00',0),('d853f50ea5bf485a922c8fb4bbc38b80','4161cba1958c42f484b7e31dd32bd9a8','cb464f2774854a6cafa313505235a836',0,10,2,5,3,NULL,'2024-05-19 23:16:19',0),('d8a2d77fc0bb495981e7cbcdf87d5379','4161cba1958c42f484b7e31dd32bd9a8','8c74a9969c9e4a0d803545d2ae4092e5',0,10,2,5,3,NULL,'2024-05-19 23:33:04',0),('d9aa7045d51b4aa9813ed3709bfdc74e','f6889619686945dd979dacc7704a41d6','ac4efb11c2884df79f8f904187e251b9',0,0,1,6,3,NULL,'2024-05-19 22:39:38',0),('da3a23022205449c977f0b7ba4d65ff0','4161cba1958c42f484b7e31dd32bd9a8','1c06dc20e06b4335b99d938d2d9419a4',0,10,2,5,3,NULL,'2024-05-19 23:22:07',0),('dac8fc51532e4f2cb8a1719e4832c1e7','b452eda80e084692b47ca915634b8f84','f50444b4d50a4d7e8ed492da3a54f5ac',5,105,2,2,1,NULL,'2024-03-27 06:07:18',0),('e2c07970e68b4cebb3ac12324d5df16c','b3c70e3d58ae4968a1849f46045ad9b8','927e3855c6864c508fbcc9d8633975db',200,200,1,1,1,NULL,'2024-03-27 06:08:13',0),('e49f667cc30f4b98ad3280475daab75f','4161cba1958c42f484b7e31dd32bd9a8','94db62faa9e446db840cdf95c1ba09d0',0,10,2,5,3,NULL,'2024-05-19 23:21:48',0),('e6cb753023ce46daa777c6bbf538a328','4161cba1958c42f484b7e31dd32bd9a8','ffbf767b908b4870b5d23b791f49e1f0',0,10,2,5,3,NULL,'2024-05-19 17:42:48',0),('e7d48181b7d74c039a3ed662072b980b','f6889619686945dd979dacc7704a41d6','446beb72bb7d450ca9593f2168bc4dbb',0,0,1,6,3,NULL,'2024-05-19 23:33:23',0),('e96a8dc56fad45e98b53ac58efc66ad9','f6889619686945dd979dacc7704a41d6','518aad90945b4227b114b616fd3bd426',0,0,1,6,3,NULL,'2024-05-19 23:19:13',0),('e9a707f2ce454ec78b3449b70964e5c5','4161cba1958c42f484b7e31dd32bd9a8','2d0693ea5b864affa4aaa1c5b42e7842',0,10,2,5,3,NULL,'2024-05-19 23:18:45',0),('e9b327715e554240896c0095c238d98a','f6889619686945dd979dacc7704a41d6','2d0693ea5b864affa4aaa1c5b42e7842',0,0,1,6,3,NULL,'2024-05-19 23:18:45',0),('ed75d9bb7dce4d8aabc88955cbfda9dd','4161cba1958c42f484b7e31dd32bd9a8','7cdfc4aa84ba4571a35ce65541dab637',0,10,1,6,3,NULL,'2024-05-19 17:59:08',0),('ee18712f5b174a059f7ce9705e7ed18e','f6889619686945dd979dacc7704a41d6','24d74dd4bbaa4cab9729388ed53c51ad',0,0,1,6,3,NULL,'2024-05-19 23:42:33',0),('f0060bfbc0be4f3ebcede7d83fdcdd87','f6889619686945dd979dacc7704a41d6','7f64ae4245a44024a316e3ced29d1d57',0,0,1,6,3,NULL,'2024-05-19 23:21:45',0),('f13ce6feca604bb5a524f2a49d7e6df1','4161cba1958c42f484b7e31dd32bd9a8','d0a18db991024416a6f2c1abcbe12d0f',0,10,2,5,3,NULL,'2024-05-17 20:22:03',0),('f41c1a3214a54157b0704f7c38322c45','f6889619686945dd979dacc7704a41d6','25feb95593ef4034bed7a897ae428008',0,0,1,6,3,NULL,'2024-05-19 22:44:59',0),('f4f517477efa4bf297f79aadc935605f','f6889619686945dd979dacc7704a41d6','37b8f6f3c2124037b6dd584a193d20e3',0,0,1,6,3,NULL,'2024-05-19 23:33:19',0),('f94ae3961dd84c4abeb4611db20d6273','f6889619686945dd979dacc7704a41d6','cfb3b0ebdf8e421f83703f8e8ae4c35d',0,0,1,6,3,NULL,'2024-05-19 23:19:26',0),('f9b874cc35fa4711aed9919ed995f1ca','4161cba1958c42f484b7e31dd32bd9a8','b08e5f348512421ab34af723c3ffec8b',0,10,2,5,3,NULL,'2024-05-19 23:19:32',0),('fcc62b6037c34dd09c2d3e2d49f0b8e8','f6889619686945dd979dacc7704a41d6','d9e5d062d9b34a7ca2d30948ea3061a4',0,0,1,6,3,NULL,'2024-05-19 23:43:19',0),('fd850235b0e04d1badbf2d4b2616b1e1','4161cba1958c42f484b7e31dd32bd9a8','cfb3b0ebdf8e421f83703f8e8ae4c35d',0,10,2,5,3,NULL,'2024-05-19 23:19:26',0),('fdaadf3860b4420d8b54803bff030423','4161cba1958c42f484b7e31dd32bd9a8','170148d5b4b24035b9b850e883183ea2',0,10,2,5,3,NULL,'2024-05-19 22:24:20',0),('fe498819c07c43ef95888a57acbae9d9','4161cba1958c42f484b7e31dd32bd9a8','5f899fd3648d4f119761dfa9c4716279',0,10,2,5,3,NULL,'2024-05-17 20:44:45',0);
/*!40000 ALTER TABLE `transaction` ENABLE KEYS */;
UNLOCK TABLES;

--
-- Table structure for table `user`
--

DROP TABLE IF EXISTS `user`;
/*!40101 SET @saved_cs_client     = @@character_set_client */;
/*!50503 SET character_set_client = utf8mb4 */;
CREATE TABLE `user` (
  `id` varchar(32) COLLATE utf8mb4_general_ci NOT NULL,
  `username` varchar(32) COLLATE utf8mb4_general_ci NOT NULL,
  `password` varchar(128) COLLATE utf8mb4_general_ci NOT NULL,
  `telephone` varchar(32) COLLATE utf8mb4_general_ci NOT NULL,
  `email` varchar(32) COLLATE utf8mb4_general_ci NOT NULL,
  `role` tinyint DEFAULT NULL,
  `organization_id` varchar(32) COLLATE utf8mb4_general_ci NOT NULL,
  `registration_time` datetime NOT NULL,
  `last_modified` datetime NOT NULL,
  `version` varchar(32) COLLATE utf8mb4_general_ci DEFAULT NULL,
  `logo` varchar(1024) COLLATE utf8mb4_general_ci DEFAULT NULL,
  `is_delete` tinyint DEFAULT NULL,
  `wallet_id` varchar(32) COLLATE utf8mb4_general_ci DEFAULT NULL,
  PRIMARY KEY (`id`),
  UNIQUE KEY `organization_id` (`organization_id`,`username`),
  CONSTRAINT `user_ibfk_1` FOREIGN KEY (`organization_id`) REFERENCES `organization` (`id`)
) ENGINE=InnoDB DEFAULT CHARSET=utf8mb4 COLLATE=utf8mb4_general_ci;
/*!40101 SET character_set_client = @saved_cs_client */;

--
-- Dumping data for table `user`
--

LOCK TABLES `user` WRITE;
/*!40000 ALTER TABLE `user` DISABLE KEYS */;
INSERT INTO `user` VALUES ('0f5264c8014b4afc82e3054696becfe5','admin','$2a$10$B4QMiZ79.74vejP67.qD6OGKH6tU5pM9oiOfoUIAPEuqk3b5bTMHS','18056664507','461556974@qq.com',1,'e2b05de6bf6b4fbea877db713d4d5e70','2024-05-06 21:30:04','2024-05-06 21:31:09',NULL,'user/null/687b0f3a31097ee3f70bd5935a68c37a.jpg',0,'9edce3434c624805afed8b3f9ca83a64'),('3759462c2a7449068052e77c3c014f6a','plus','$2a$10$GT5M6VsIOu5yQbhYoT7YlugbYhsRiT8w00S1x1zXB74Ju3LRcrmRa','139155584351','1843781563@qq.com',2,'e675a62fa8f24e9ebc0cff4e1a1634c5','2024-03-14 17:23:19','2024-03-27 06:06:25',NULL,'user/f650000193480eb06b9605096854cd23.jpg',0,'b452eda80e084692b47ca915634b8f84'),('4550aa8ee620484dad157d039d8b6909','congruixuan','$2a$10$F4iGeVGjfB4mxyc0NTmM7O5s7J2lU6Cz5ugZHCq4N5tRagTOEYgQu','15230735730','congrx@buaa.edu.cn',2,'e675a62fa8f24e9ebc0cff4e1a1634c5','2024-03-14 22:13:07','2024-03-27 06:08:06',NULL,'user/4550aa8ee620484dad157d039d8b6909/3e27cb04977eb070f8ef66aede92e2b9.jpg',0,'b3c70e3d58ae4968a1849f46045ad9b8'),('5883daff9a0b4943ad5fbb4a6105f079','test','$2a$10$N.aks5IqJOqFcqVEnSXeQeXncDpvOlWoALLa/7cyJwJ.edZPwkJQy','18056664508','461556974@qq.com',2,'531272ad1f1f48629e080d6ee7146a92','2024-05-08 14:50:20','2024-05-08 14:51:57',NULL,'user/5883daff9a0b4943ad5fbb4a6105f079/7d35fc8c0d91f060e1ebd9d0573f0763.jpg',0,NULL),('852cceb530414f4685685066093defe5','admin','$2a$10$2e/gD2UKRc0hDTh.Ms4rouNIVUcxNpRxVLAVgmNiIAZw6pcR4aebO','13915558435','1843781563@qq.com',1,'feb15885025d4b8590928d55d9083140','2024-03-05 17:48:17','2024-05-19 22:34:58','30faf07df32c47928e5e6e5792a0ab0f','user/852cceb530414f4685685066093defe5/c453f454b3d59fe6378f6092e5c51e73.jpg',0,'f6889619686945dd979dacc7704a41d6'),('853a2198321b4d848b392bca6d6e9d47','admin','$2a$10$RNXz9gY4mCwvYJt84fhNFe/PRY9NYyiA.dUDsNIVvZBa.ATHzV0kq','010-82313267','scse@buaa.edu.cn',1,'a0c7b2b7e3564e70b6f4f80ef42b9b24','2024-03-14 18:16:59','2024-03-14 17:48:59',NULL,NULL,0,NULL),('96e798f195814921a0f9e362c2244f88','admin','$2a$10$lcORS24kUWH85fQbYAVsNu2eZRc5ZjP.0vT/2ZSwbsqf7muOnIsXK','13915558435','1843781563@qq.com',1,'d5e289dfc5ff4f97ae5fda10f27936d5','2024-03-26 01:40:06','2024-03-26 01:43:57',NULL,'user/96e798f195814921a0f9e362c2244f88/c2b8cefdf66036f009cfe6d53904105f.png',0,NULL),('988b8e08890842dd89dbebb7c8bae8bc','person0506','$2a$10$qMuRc.m7OjBoIOtCkLzbP.rGQvFFmLdyVrKcH3CaObI3s/WHGCNbq','18056664507','461556974@qq.com',2,'e675a62fa8f24e9ebc0cff4e1a1634c5','2024-05-06 20:19:45','2024-05-06 20:30:54',NULL,'user/988b8e08890842dd89dbebb7c8bae8bc/7d35fc8c0d91f060e1ebd9d0573f0763.jpg',0,'843e9a9458b844a4919df3eaa92e2aaf'),('9a81533f0d9e41bf911e0940eab0f2d9','admin','$2a$10$1TC/SxyAVxD9Ek2vXL10Duyo5G3lftZpyB63BL./MnlaWhwXOUkPK','18056664507','461556974@qq.com',1,'531272ad1f1f48629e080d6ee7146a92','2024-05-08 14:49:19','2024-05-08 14:49:19',NULL,'user/null/687b0f3a31097ee3f70bd5935a68c37a.jpg',0,NULL),('9eb408bfb3bc43b186da2a0c52e0da2e','test','$2a$10$EOJQuu9Cdb5Yf3s1GkmBYObFUt9Rvr43.mlsZeWKtYhyj7awA2tGm','18056664507','461556974@qq.com',2,'3496215870f64700b7ab5d813adb2a53','2024-05-06 22:31:42','2024-05-06 22:32:25',NULL,'user/9eb408bfb3bc43b186da2a0c52e0da2e/7d35fc8c0d91f060e1ebd9d0573f0763.jpg',0,'9601ee8f65854b40bb0647ef0f8f1f4b'),('ccf44c48755244bbb945b4d8c9877b63','admin','$2a$10$tZLiqutQvwyvWQv3SbRw8OUqlHCrCmYzgdpyi39Azgzaq2WD4Dmsa','13915558435','1843781563@qq.com',1,'e675a62fa8f24e9ebc0cff4e1a1634c5','2024-03-07 23:06:26','2024-05-17 16:35:32','388eb634833a43d5b79878d10218c75b','user/ccf44c48755244bbb945b4d8c9877b63/c453f454b3d59fe6378f6092e5c51e73.jpg',0,'4161cba1958c42f484b7e31dd32bd9a8'),('cf416b942ab64e1bb4f3213946796455','haojing','$2a$10$d24PTKNnPHG8tu6BcfdkVOIBrf/LL/tLZnL5KTQi/zjMc76kg1ykC','13915558435','1843781563@qq.com',2,'d5e289dfc5ff4f97ae5fda10f27936d5','2024-03-26 01:52:52','2024-03-26 01:52:52',NULL,'user/cf416b942ab64e1bb4f3213946796455/ee66a78334cbba7d07ba4fb28f619997.jpg',0,NULL),('f7cc145d8bb5446b8aeb8ec0796c3c11','user1','$2a$10$MLaZcWm/NgKJMTG28z6D2ugo0nl2pwtm3Jhr7POzuzXSISDUOLdDe','18056664507','461556974@qq.com',2,'e2b05de6bf6b4fbea877db713d4d5e70','2024-05-06 21:50:44','2024-05-06 21:50:44',NULL,'user/f7cc145d8bb5446b8aeb8ec0796c3c11/7d35fc8c0d91f060e1ebd9d0573f0763.jpg',0,NULL),('fb074dbaa14b47ae9e1d4054cf74894d','admin','$2a$10$FykSESPgE1o9U1F4dHwj4.v4WjXhFuwD7M.cPKR7Er9vHkJAgWv4a','18056664507','461556974@qq.com',1,'3496215870f64700b7ab5d813adb2a53','2024-05-06 22:09:01','2024-05-06 22:36:32',NULL,'user/null/687b0f3a31097ee3f70bd5935a68c37a.jpg',0,'c928a6b3720b41348b19f87971a07186');
/*!40000 ALTER TABLE `user` ENABLE KEYS */;
UNLOCK TABLES;

--
-- Table structure for table `user_register`
--

DROP TABLE IF EXISTS `user_register`;
/*!40101 SET @saved_cs_client     = @@character_set_client */;
/*!50503 SET character_set_client = utf8mb4 */;
CREATE TABLE `user_register` (
  `apply_id` varchar(32) COLLATE utf8mb4_general_ci NOT NULL,
  `apply_status` tinyint DEFAULT NULL,
  `apply_time` datetime NOT NULL,
  `reply_time` datetime DEFAULT NULL,
  `reply_reason` varchar(1024) COLLATE utf8mb4_general_ci DEFAULT NULL,
  `id` varchar(32) COLLATE utf8mb4_general_ci DEFAULT NULL,
  `username` varchar(32) COLLATE utf8mb4_general_ci NOT NULL,
  `password` varchar(128) COLLATE utf8mb4_general_ci NOT NULL,
  `telephone` varchar(32) COLLATE utf8mb4_general_ci NOT NULL,
  `email` varchar(32) COLLATE utf8mb4_general_ci NOT NULL,
  `role` tinyint DEFAULT NULL,
  `organization_id` varchar(32) COLLATE utf8mb4_general_ci NOT NULL,
  `logo` varchar(1024) COLLATE utf8mb4_general_ci DEFAULT NULL,
  `is_delete` tinyint DEFAULT NULL,
  PRIMARY KEY (`apply_id`),
  KEY `id` (`id`),
  KEY `organization_id` (`organization_id`),
  CONSTRAINT `user_register_ibfk_1` FOREIGN KEY (`id`) REFERENCES `user` (`id`),
  CONSTRAINT `user_register_ibfk_2` FOREIGN KEY (`organization_id`) REFERENCES `organization` (`id`)
) ENGINE=InnoDB DEFAULT CHARSET=utf8mb4 COLLATE=utf8mb4_general_ci;
/*!40101 SET character_set_client = @saved_cs_client */;

--
-- Dumping data for table `user_register`
--

LOCK TABLES `user_register` WRITE;
/*!40000 ALTER TABLE `user_register` DISABLE KEYS */;
INSERT INTO `user_register` VALUES ('0a072467aafd422eb077ebba8004077a',2,'2024-03-26 01:52:30','2024-03-26 01:52:52',NULL,'cf416b942ab64e1bb4f3213946796455','haojing','$2a$10$d24PTKNnPHG8tu6BcfdkVOIBrf/LL/tLZnL5KTQi/zjMc76kg1ykC','13915558435','1843781563@qq.com',2,'d5e289dfc5ff4f97ae5fda10f27936d5','user_register/null/ee66a78334cbba7d07ba4fb28f619997.jpg',0),('2053e0a36efc4ff6b6dd9e14e8302898',2,'2024-05-06 20:15:58','2024-05-06 20:19:46',NULL,'988b8e08890842dd89dbebb7c8bae8bc','person0506','$2a$10$YpRZ6udAKU1iYFzTGGTHI.RlWu1M1TJCPtHN3mB8n0Sy/O4k8xv2G','18056664507','461556974@qq.com',2,'e675a62fa8f24e9ebc0cff4e1a1634c5','user_register/null/7d35fc8c0d91f060e1ebd9d0573f0763.jpg',0),('66883c9a2bdc4b649ee45c76499db800',2,'2024-03-07 23:01:12','2024-03-14 15:58:19',NULL,'3759462c2a7449068052e77c3c014f6a','plus','$2a$10$GT5M6VsIOu5yQbhYoT7YlugbYhsRiT8w00S1x1zXB74Ju3LRcrmRa','13915558435','1843781563@qq.com',2,'e675a62fa8f24e9ebc0cff4e1a1634c5','tmp/679d08b9ae46425e9b59d6154ee21edd.JPG',0),('899bca43c4d64ccb83b007ca79b9d87f',3,'2024-05-06 20:16:02','2024-05-06 20:19:42','重复',NULL,'person0506','$2a$10$VqSOQyikQ8Dl.t4EMuPaSe8birTbp4yNYd60/9w51KohIHmDOihd.','18056664507','461556974@qq.com',2,'e675a62fa8f24e9ebc0cff4e1a1634c5','user_register/null/7d35fc8c0d91f060e1ebd9d0573f0763.jpg',0),('ab329817dd06498896d831285670f28a',2,'2024-05-08 14:50:06','2024-05-08 14:50:20',NULL,'5883daff9a0b4943ad5fbb4a6105f079','test','$2a$10$N.aks5IqJOqFcqVEnSXeQeXncDpvOlWoALLa/7cyJwJ.edZPwkJQy','18056664507','461556974@qq.com',2,'531272ad1f1f48629e080d6ee7146a92','user_register/null/7d35fc8c0d91f060e1ebd9d0573f0763.jpg',0),('abb6ce92ac744b97aada7fe49e639ed2',2,'2024-05-06 21:50:29','2024-05-06 21:50:44',NULL,'f7cc145d8bb5446b8aeb8ec0796c3c11','user1','$2a$10$MLaZcWm/NgKJMTG28z6D2ugo0nl2pwtm3Jhr7POzuzXSISDUOLdDe','18056664507','461556974@qq.com',2,'e2b05de6bf6b4fbea877db713d4d5e70','user_register/null/7d35fc8c0d91f060e1ebd9d0573f0763.jpg',0),('cb80ea485381453e9ec6c7d15715e3c1',2,'2024-03-14 18:02:56','2024-03-14 21:51:07',NULL,'4550aa8ee620484dad157d039d8b6909','congruixuan','$2a$10$F4iGeVGjfB4mxyc0NTmM7O5s7J2lU6Cz5ugZHCq4N5tRagTOEYgQu','15230735730','congrx@buaa.edu.cn',2,'e675a62fa8f24e9ebc0cff4e1a1634c5','tmp/0c006eca9539407ba3e39550a676a276.jpg',0),('ced6351d3205478e8c3c3b5931d57faa',3,'2024-03-13 01:13:58','2024-03-14 22:04:21','不属于本机构用户',NULL,'wangshuai','$2a$10$SMNCKpXvWhAKoapzWQ5SDej/85tzyMh/8iokeUhhFPqQPLWSk2Z7O','13915558435','wangshuai@buaa.edu.cn',2,'e675a62fa8f24e9ebc0cff4e1a1634c5','tmp/c1e21f5f3b414737bf0d088f676af8cf.jpg',0),('f6744128b17044b8a772a625e55a27e7',2,'2024-05-06 22:31:29','2024-05-06 22:31:43',NULL,'9eb408bfb3bc43b186da2a0c52e0da2e','test','$2a$10$EOJQuu9Cdb5Yf3s1GkmBYObFUt9Rvr43.mlsZeWKtYhyj7awA2tGm','18056664507','461556974@qq.com',2,'3496215870f64700b7ab5d813adb2a53','user_register/null/7d35fc8c0d91f060e1ebd9d0573f0763.jpg',0);
/*!40000 ALTER TABLE `user_register` ENABLE KEYS */;
UNLOCK TABLES;

--
-- Table structure for table `wallet`
--

DROP TABLE IF EXISTS `wallet`;
/*!40101 SET @saved_cs_client     = @@character_set_client */;
/*!50503 SET character_set_client = utf8mb4 */;
CREATE TABLE `wallet` (
  `id` varchar(32) COLLATE utf8mb4_general_ci NOT NULL,
  `user_id` varchar(32) COLLATE utf8mb4_general_ci NOT NULL,
  `balance` double NOT NULL,
  `state` tinyint NOT NULL,
  `registration_time` datetime NOT NULL,
  `last_modified` datetime NOT NULL,
  `is_delete` tinyint DEFAULT NULL,
  PRIMARY KEY (`id`),
  KEY `user_id` (`user_id`),
  CONSTRAINT `wallet_ibfk_1` FOREIGN KEY (`user_id`) REFERENCES `user` (`id`)
) ENGINE=InnoDB DEFAULT CHARSET=utf8mb4 COLLATE=utf8mb4_general_ci;
/*!40101 SET character_set_client = @saved_cs_client */;

--
-- Dumping data for table `wallet`
--

LOCK TABLES `wallet` WRITE;
/*!40000 ALTER TABLE `wallet` DISABLE KEYS */;
INSERT INTO `wallet` VALUES ('0314010a0d6d42beb1afdd1f0311643a','9eb408bfb3bc43b186da2a0c52e0da2e',0,1,'2024-05-06 22:31:42','2024-05-06 22:31:42',0),('23cc2470505c416a9343565df184b6f2','5883daff9a0b4943ad5fbb4a6105f079',0,1,'2024-05-08 14:50:20','2024-05-08 14:50:20',0),('291d8049b48a44aa933ced1fb1012430','988b8e08890842dd89dbebb7c8bae8bc',0,1,'2024-05-06 20:19:45','2024-05-06 20:19:45',0),('39528392bc7c45e9925da5aeb31bbb07','9a81533f0d9e41bf911e0940eab0f2d9',0,1,'2024-05-08 14:49:19','2024-05-08 14:49:19',0),('4161cba1958c42f484b7e31dd32bd9a8','ccf44c48755244bbb945b4d8c9877b63',20,1,'2024-03-29 11:17:58','2024-05-20 04:51:16',0),('656392f850414d2eb637ad75311bc81b','fb074dbaa14b47ae9e1d4054cf74894d',0,1,'2024-05-06 22:09:01','2024-05-06 22:09:01',0),('73c10851d7f948c196bf4c2799b0599d','0f5264c8014b4afc82e3054696becfe5',0,1,'2024-05-06 21:30:04','2024-05-06 21:30:04',0),('843e9a9458b844a4919df3eaa92e2aaf','988b8e08890842dd89dbebb7c8bae8bc',0,1,'2024-05-06 20:21:07','2024-05-06 20:21:07',0),('9601ee8f65854b40bb0647ef0f8f1f4b','9eb408bfb3bc43b186da2a0c52e0da2e',0,1,'2024-05-06 22:32:24','2024-05-06 22:32:24',0),('9edce3434c624805afed8b3f9ca83a64','0f5264c8014b4afc82e3054696becfe5',0,1,'2024-05-06 21:31:09','2024-05-06 21:31:09',0),('a9b0fa6044704930a65ef44041890191','f7cc145d8bb5446b8aeb8ec0796c3c11',0,1,'2024-05-06 21:50:44','2024-05-06 21:50:44',0),('b3c70e3d58ae4968a1849f46045ad9b8','4550aa8ee620484dad157d039d8b6909',570,1,'2024-03-27 06:08:06','2024-03-29 11:12:12',0),('b452eda80e084692b47ca915634b8f84','3759462c2a7449068052e77c3c014f6a',545,1,'2024-03-27 06:06:25','2024-03-29 11:12:12',0),('c928a6b3720b41348b19f87971a07186','fb074dbaa14b47ae9e1d4054cf74894d',0,1,'2024-05-06 22:36:31','2024-05-06 22:36:31',0),('f6889619686945dd979dacc7704a41d6','852cceb530414f4685685066093defe5',0,1,'2024-05-19 22:25:17','2024-05-19 23:43:19',0);
/*!40000 ALTER TABLE `wallet` ENABLE KEYS */;
UNLOCK TABLES;
/*!40103 SET TIME_ZONE=@OLD_TIME_ZONE */;

/*!40101 SET SQL_MODE=@OLD_SQL_MODE */;
/*!40014 SET FOREIGN_KEY_CHECKS=@OLD_FOREIGN_KEY_CHECKS */;
/*!40014 SET UNIQUE_CHECKS=@OLD_UNIQUE_CHECKS */;
/*!40101 SET CHARACTER_SET_CLIENT=@OLD_CHARACTER_SET_CLIENT */;
/*!40101 SET CHARACTER_SET_RESULTS=@OLD_CHARACTER_SET_RESULTS */;
/*!40101 SET COLLATION_CONNECTION=@OLD_COLLATION_CONNECTION */;
/*!40111 SET SQL_NOTES=@OLD_SQL_NOTES */;

-- Dump completed on 2024-05-21 14:24:14
